t_s,I_exp_A,V_exp_V,T_exp_degC,I_sim_A,V_sim_V,SOC_sim,E_OCV_V,T_sim_degC,Q_sim_W
0,0,4.18477934,60,0,4.187065117,1,4.187065117,60,0
0.227,0.007182627,4.185162931,60,0.000109332,4.186368518,1.000000049,4.18706527,60,0.001170971
0.23,-26.98251658,4.025781124,60,-26.44547599,4.035556758,0.999997552,4.187057378,60,3.979389846
0.427,-28.11410677,3.992792351,60,-28.08890268,4.021411749,0.999662548,4.185998864,60,4.596268895
0.628,-28.20748092,3.985695929,60,-28.2013086,4.016014996,0.999313213,4.18489507,60,4.739716853
0.727,-28.2290288,3.982627206,60,-28.22856521,4.01357521,0.999140789,4.184350259,60,4.799810116
0.732,-28.22968176,3.982627206,60,-28.22960618,4.013454931,0.999132076,4.18432273,60,4.802707779
0.928,-28.27016566,3.977640531,60,-28.26885735,4.008828487,0.998790291,4.18324279,60,4.913663749
1.127,-28.30085506,3.973996422,60,-28.2994488,4.004336732,0.998442842,4.182144952,60,5.019119622
1.227,-28.31064955,3.97207847,60,-28.32144805,4.00209738,0.998268086,4.181592775,60,5.072874948
1.232,-28.33938006,3.969968723,60,-28.32303979,4.001983515,0.998259344,4.181565156,60,5.075705804
1.427,-28.33219743,3.968050771,60,-28.33668991,3.997891492,0.997918302,4.180487562,60,5.167584048
1.628,-28.36092794,3.965557433,60,-28.36098208,3.993754971,0.997566581,4.179376226,60,5.261969473
1.727,-28.37529319,3.964023072,60,-28.37306324,3.991766374,0.997393227,4.178828479,60,5.307139037
1.73,-28.37529319,3.963831277,60,-28.373362,3.991706995,0.997387972,4.178811877,60,5.308470752
1.928,-28.38704658,3.961337939,60,-28.38810553,3.987880622,0.997041094,4.177715844,60,5.392838934
2.127,-28.40728853,3.959036397,60,-28.40768376,3.984130335,0.99669226,4.176613631,60,5.475912198
2.227,-28.41904192,3.957502035,60,-28.41822688,3.98228605,0.996516872,4.176059455,60,5.516682681
2.232,-28.41969489,3.957502035,60,-28.41873137,3.982194706,0.996508101,4.176031741,60,5.51869271
2.428,-28.43536607,3.955200493,60,-28.43524447,3.978689284,0.996164166,4.174945009,60,5.594747953
2.628,-28.45038429,3.952898951,60,-28.45081548,3.97522854,0.995813018,4.173835486,60,5.668866979
2.727,-28.45952582,3.951556384,60,-28.45932085,3.973549956,0.995639126,4.173286038,60,5.70475746
2.732,-28.45952582,3.951556384,60,-28.45976163,3.973465767,0.995630342,4.173258284,60,5.706556058
2.928,-28.47780887,3.949446637,60,-28.47759898,3.970212291,0.995285907,4.172169968,60,5.775871059
3.128,-28.49478598,3.947528685,60,-28.49447764,3.96704189,0.994934226,4.17110391,60,5.843060026
3.227,-28.50196861,3.946377914,60,-28.50184949,3.965587424,0.99476007,4.170649429,60,5.874352773
3.231,-28.50262158,3.946186119,60,-28.50212997,3.965529488,0.994753033,4.170631327,60,5.875595346
3.428,-28.51437497,3.944651757,60,-28.51485216,3.962727073,0.994406355,4.169739589,60,5.935136665
3.627,-28.53004615,3.942350215,60,-28.52987314,3.959968925,0.994055989,4.168838362,60,5.993704283
3.727,-28.53722878,3.941774829,60,-28.53603458,3.958621872,0.993879859,4.168385315,60,6.021747937
3.732,-28.53722878,3.941583034,60,-28.53627184,3.958555445,0.993871052,4.16836266,60,6.023109016
3.928,-28.54245251,3.939856877,60,-28.5444112,3.955998103,0.993525752,4.167474465,60,6.07490113
4.127,-28.56334742,3.938130721,60,-28.56219207,3.953422261,0.993175007,4.166572264,60,6.128957265
4.227,-28.56922412,3.937171745,60,-28.56898117,3.952167417,0.992998676,4.166118699,60,6.154546549
4.232,-28.56987708,3.937171745,60,-28.56925022,3.952105537,0.992989859,4.166096018,60,6.155786463
4.427,-28.57771267,3.935637383,60,-28.5785757,3.949733779,0.992645914,4.165211309,60,6.202715927
4.628,-28.59273089,3.933911226,60,-28.59251186,3.947331843,0.992291244,4.164299007,60,6.250831553
4.727,-28.59926055,3.933335841,60,-28.59933806,3.946173089,0.992116491,4.163849504,60,6.273833621
4.73,-28.60056649,3.933144046,60,-28.59954067,3.94613824,0.992111195,4.163835881,60,6.274522034
4.928,-28.60970801,3.931801479,60,-28.60962018,3.943888148,0.99176158,4.162936586,60,6.317850681
5.127,-28.61819657,3.930075322,60,-28.61957823,3.941687381,0.991410083,4.162032453,60,6.359636364
5.227,-28.62799106,3.929116347,60,-28.62654264,3.94059178,0.991233398,4.161577975,60,6.380785403
5.232,-28.62864403,3.929116347,60,-28.62688455,3.940537393,0.991224563,4.161555248,60,6.381830249
5.427,-28.63452072,3.92777378,60,-28.63498533,3.93847366,0.990879927,4.160668762,60,6.41977802
5.628,-28.64431521,3.926431214,60,-28.64524057,3.936388841,0.990524582,4.159754726,60,6.458122493
5.727,-28.65280377,3.925664033,60,-28.65173575,3.935372633,0.990349508,4.159304395,60,6.47703721
5.732,-28.65345674,3.925664033,60,-28.65205547,3.935321671,0.990340665,4.159281648,60,6.477980358
5.927,-28.6599864,3.924129671,60,-28.66044851,3.93339941,0.989995725,4.158411813,60,6.512427877
6.128,-28.67043385,3.9229789,60,-28.67078332,3.931557358,0.989640062,4.157615022,60,6.546912086
6.227,-28.67696352,3.92221172,60,-28.67560622,3.93067634,0.989464837,4.157230266,60,6.563295375
6.23,-28.67565758,3.92221172,60,-28.67572098,3.930649992,0.989459527,4.157218605,60,6.563774673
6.428,-28.68349318,3.920869153,60,-28.68413625,3.928927846,0.989108996,4.156448911,60,6.595120024
6.628,-28.6965525,3.919718382,60,-28.69656899,3.927207237,0.988754797,4.155671159,60,6.627156104
6.727,-28.70308216,3.918759406,60,-28.70257985,3.926371038,0.98857941,4.155286046,60,6.642541695
6.732,-28.70373512,3.918759406,60,-28.70285837,3.926329196,0.988570551,4.155266594,60,6.643301868
6.928,-28.71091775,3.91780043,60,-28.71106267,3.924723664,0.98822323,4.154503946,60,6.671480864
7.128,-28.71940631,3.916457864,60,-28.71999414,3.92311899,0.98786872,4.153725512,60,6.699410145
7.227,-28.72593597,3.916074273,60,-28.72526392,3.922332941,0.987693193,4.15334009,60,6.71319952
7.232,-28.72593597,3.915882478,60,-28.72552512,3.922293489,0.987684327,4.153320622,60,6.713887792
7.428,-28.73442453,3.914539912,60,-28.73424414,3.920772561,0.987336729,4.152557367,60,6.739780321
7.627,-28.74160716,3.913580936,60,-28.74201058,3.919266941,0.986983712,4.151782212,60,6.764713663
7.727,-28.74683088,3.91300555,60,-28.74550616,3.918524536,0.986806281,4.15139261,60,6.776742197
7.73,-28.74552495,3.91300555,60,-28.74558176,3.918502551,0.986800958,4.151380921,60,6.777087956
7.928,-28.75074868,3.911854779,60,-28.75139505,3.91706204,0.98644959,4.150609387,60,6.79979935
8.128,-28.76119614,3.910895803,60,-28.76087955,3.915615288,0.986094577,4.149829849,60,6.823363373
8.227,-28.76511393,3.910320417,60,-28.76463532,3.914914819,0.985918804,4.149443888,60,6.834356015
8.232,-28.76446097,3.910320417,60,-28.76478434,3.914879849,0.985909926,4.149424394,60,6.834889854
8.427,-28.77164359,3.909169646,60,-28.7721917,3.913520065,0.985563642,4.148664022,60,6.855973796
8.627,-28.78339698,3.90821067,60,-28.78258111,3.912134625,0.985208364,4.147883904,60,6.878006912
8.727,-28.78600885,3.90744349,60,-28.78667527,3.911466171,0.985030682,4.147502426,60,6.888263797
8.732,-28.78731478,3.90744349,60,-28.78687388,3.911433394,0.985021797,4.147483802,60,6.888766953
8.927,-28.79319147,3.906484514,60,-28.7935749,3.910225237,0.984675248,4.146809222,60,6.907322672
9.128,-28.802333,3.905333742,60,-28.80152577,3.909013366,0.984317943,4.146130203,60,6.926123536
9.227,-28.80363893,3.904950152,60,-28.80479858,3.908428329,0.984141924,4.145795699,60,6.934887727
9.23,-28.8042919,3.904950152,60,-28.80490916,3.908410617,0.98413659,4.145785562,60,6.935155514
9.427,-28.81408639,3.904182971,60,-28.81349664,3.907250172,0.983786256,4.145119788,60,6.952992889
9.627,-28.81931012,3.9030322,60,-28.81979964,3.906105985,0.983430494,4.144443705,60,6.969542581
9.727,-28.82388088,3.902456815,60,-28.82292906,3.905541373,0.983252585,4.144105606,60,6.977598827
9.732,-28.82257495,3.902456815,60,-28.82306046,3.905513409,0.983243689,4.1440887,60,6.977988039
9.927,-28.82975757,3.901881429,60,-28.82989246,3.904422205,0.982896705,4.143429295,60,6.993592408
10.128,-28.83824613,3.900730658,60,-28.83752012,3.903311829,0.982538952,4.142749425,60,7.009407849
10.227,-28.83955207,3.900347067,60,-28.83947029,3.902781735,0.982362717,4.142414511,60,7.01627396
10.232,-28.83759317,3.900347067,60,-28.8395279,3.902755306,0.982353815,4.142397595,60,7.016600804
10.427,-28.84804062,3.899579887,60,-28.84759475,3.901699291,0.982006629,4.1417378,60,7.031496475
10.628,-28.85522325,3.898429115,60,-28.85383522,3.900638298,0.98164866,4.141057526,60,7.0455548
10.727,-28.85326435,3.89823732,60,-28.85524812,3.900131043,0.981472327,4.140722423,60,7.051629561
10.73,-28.85391732,3.89823732,60,-28.85531022,3.90011562,0.981466984,4.140712269,60,7.051819734
10.927,-28.86371181,3.897086549,60,-28.8628773,3.899089954,0.981116044,4.140045342,60,7.065546976
11.127,-28.86697664,3.896511164,60,-28.86754775,3.898079949,0.980759683,4.13936812,60,7.077838743
11.227,-28.87089444,3.896127573,60,-28.87091113,3.897574189,0.980581478,4.139029459,60,7.084260284
11.232,-28.8715474,3.896127573,60,-28.87110872,3.897548816,0.980572567,4.139012524,60,7.084591176
11.428,-28.8774241,3.895360392,60,-28.87749073,3.896568429,0.980223223,4.138348635,60,7.09681362
11.628,-28.88395376,3.894401416,60,-28.88363222,3.895602559,0.979866672,4.137688876,60,7.108644268
11.727,-28.88591266,3.894017826,60,-28.88685135,3.895144512,0.979690151,4.137377019,60,7.114334882
11.733,-28.88656562,3.894017826,60,-28.88708503,3.89511662,0.979679452,4.137358118,60,7.114692896
11.927,-28.89636011,3.89305885,60,-28.8954248,3.894215666,0.979333469,4.136746875,60,7.126448404
12.127,-28.89897198,3.892483464,60,-28.89913515,3.893325764,0.97897671,4.1361166,60,7.13623194
12.227,-28.90093087,3.892099874,60,-28.90049203,3.892899739,0.978798316,4.135809899,60,7.140701087
12.231,-28.89962494,3.892099874,60,-28.90053456,3.892883317,0.97879118,4.135797983,60,7.1408694
12.427,-28.90550164,3.891332693,60,-28.905813,3.892080561,0.978441491,4.135225205,60,7.150160747
12.627,-28.9139902,3.890373717,60,-28.91374543,3.891259681,0.97808458,4.134644194,60,7.1604299
12.727,-28.91725503,3.890181922,60,-28.91696749,3.890856366,0.977906091,4.134353632,60,7.165173029
12.732,-28.91725503,3.890181922,60,-28.91710138,3.890836404,0.977897166,4.134339103,60,7.165397474
12.927,-28.92182579,3.889414741,60,-28.9218083,3.890064583,0.97754906,4.133772425,60,7.173831889
13.128,-28.92639655,3.888647561,60,-28.92714717,3.889273513,0.977190185,4.133188212,60,7.182517246
13.227,-28.93162028,3.888455765,60,-28.93019019,3.888884067,0.977013399,4.132900423,60,7.186892346
13.232,-28.93031435,3.888455765,60,-28.93030807,3.888864646,0.97700447,4.132885887,60,7.187097273
13.427,-28.93488511,3.887496789,60,-28.93486762,3.888110741,0.976656207,4.132318952,60,7.194976651
13.628,-28.93945587,3.886921404,60,-28.93954693,3.887340234,0.976297171,4.131734479,60,7.202902514
13.727,-28.94206774,3.886537813,60,-28.94227845,3.886960587,0.97612031,4.131446568,60,7.206916487
13.731,-28.94337367,3.886537813,60,-28.94240118,3.886945207,0.976113164,4.131434934,60,7.20708292
13.927,-28.94533257,3.885962428,60,-28.94613817,3.88620762,0.975762974,4.130864861,60,7.214207093
14.128,-28.95382113,3.885195247,60,-28.95375468,3.885435157,0.975403782,4.130280134,60,7.222920935
14.227,-28.95773892,3.884811657,60,-28.95759554,3.885056043,0.975226831,4.129992076,60,7.227195655
14.232,-28.95839189,3.884811657,60,-28.95777877,3.885036988,0.975217893,4.129977526,60,7.227406181
14.428,-28.96296265,3.884044476,60,-28.96287183,3.884344507,0.974867507,4.129439261,60,7.23421836
14.627,-28.96688045,3.88346909,60,-28.96606211,3.883724232,0.974511706,4.128946327,60,7.239341174
14.727,-28.96557452,3.883277295,60,-28.96573113,3.883425399,0.974332904,4.128698612,60,7.241059421
14.732,-28.96492155,3.883277295,60,-28.96568182,3.883410678,0.974323964,4.128686226,60,7.241130774
14.928,-28.96622748,3.88270191,60,-28.96679549,3.882818529,0.973973512,4.128200704,60,7.245125639
15.128,-28.97210418,3.881934729,60,-28.97450251,3.882180743,0.973615859,4.127705205,60,7.251816947
15.227,-28.98451053,3.881551138,60,-28.98106862,3.881850391,0.973438773,4.127459866,60,7.256241873
15.23,-28.98451053,3.881551138,60,-28.98123382,3.881840582,0.973433406,4.12745243,60,7.256361662
15.428,-28.98189867,3.880975753,60,-28.98296303,3.881247621,0.973079174,4.12696167,60,7.260391025
15.628,-28.98777536,3.880592162,60,-28.98786523,3.880634479,0.972721333,4.126465911,60,7.26566362
15.727,-28.99104019,3.880016777,60,-28.9911398,3.880327312,0.972544174,4.126220473,60,7.268591599
15.732,-28.99169316,3.880016777,60,-28.99131486,3.880311763,0.972535227,4.126208076,60,7.26874294
15.927,-28.99691689,3.879441391,60,-28.99608427,3.879718604,0.972186225,4.125724563,60,7.273743882
16.127,-28.99561095,3.87867421,60,-28.99724271,3.879134956,0.971828244,4.125228609,60,7.277219131
16.227,-29.00148765,3.878482415,60,-29.00184082,3.878821337,0.971649234,4.124980606,60,7.280597209
16.232,-29.00214061,3.878482415,60,-29.0021707,3.8788051,0.971640283,4.124968205,60,7.280807356
16.428,-29.01519994,3.87790703,60,-29.01222827,3.87818587,0.971289323,4.124481978,60,7.287821612
16.628,-29.00475248,3.877331644,60,-29.00754242,3.877642438,0.970931176,4.123985794,60,7.288656026
16.727,-29.01062917,3.877139849,60,-29.01015269,3.877346631,0.970753899,4.123740192,60,7.29108656
16.731,-29.01128214,3.877139849,60,-29.01035123,3.877334161,0.970746736,4.123730269,60,7.291223256
16.928,-29.01715883,3.876756259,60,-29.0165763,3.876741313,0.970393914,4.123241462,60,7.296441039
17.128,-29.01846477,3.876180873,60,-29.01978554,3.876164786,0.970035667,4.122750305,60,7.300364288
17.227,-29.02434146,3.875989078,60,-29.02296913,3.875890546,0.969858314,4.122526584,60,7.302936296
17.232,-29.02303553,3.875989078,60,-29.02312588,3.875877335,0.969849356,4.12251589,60,7.303063883
17.428,-29.02956519,3.875413692,60,-29.02873232,3.875363225,0.969498176,4.122096661,60,7.307817352
17.628,-29.02956519,3.875030102,60,-29.02923541,3.874870101,0.96913979,4.121668828,60,7.310439795
17.727,-29.02825926,3.874646511,60,-29.02905589,3.874629259,0.96896239,4.121457052,60,7.31153558
17.732,-29.02630036,3.874454716,60,-29.02907124,3.87461697,0.96895343,4.121446356,60,7.311600707
17.928,-29.03870671,3.873879331,60,-29.03720589,3.874092819,0.968602169,4.121027028,60,7.317282453
18.128,-29.03935968,3.87349574,60,-29.04059718,3.873587022,0.968243663,4.120599053,60,7.320997526
18.227,-29.04458341,3.87311215,60,-29.04398261,3.873327425,0.968066182,4.120387181,60,7.323534626
18.23,-29.04588934,3.87311215,60,-29.04410412,3.873319455,0.968060804,4.12038076,60,7.32361931
18.427,-29.04654231,3.872728559,60,-29.04686539,3.872826422,0.967707592,4.119959104,60,7.326981193
18.628,-29.04980714,3.872344969,60,-29.05022552,3.872321789,0.967347177,4.119528849,60,7.330593854
18.727,-29.05307197,3.871961379,60,-29.05232294,3.872071179,0.967169642,4.119316912,60,7.332544393
18.732,-29.05307197,3.871961379,60,-29.05241139,3.872058629,0.967160675,4.119306207,60,7.332635391
18.928,-29.05372493,3.871385993,60,-29.05478434,3.871573583,0.966809163,4.118886581,60,7.33572443
19.128,-29.06286646,3.870810607,60,-29.06089932,3.871058643,0.966450422,4.118458324,60,7.340389363
19.227,-29.05960163,3.870810607,60,-29.06151613,3.870817831,0.966272825,4.118246314,60,7.341680024
19.232,-29.06090756,3.870810607,60,-29.06154662,3.870805682,0.966263856,4.118235606,60,7.341744649
19.428,-29.06482536,3.870235222,60,-29.06440767,3.870320563,0.96591223,4.117815844,60,7.344956906
19.627,-29.06547832,3.869659836,60,-29.0662122,3.869835466,0.965555194,4.117389623,60,7.347723162
19.727,-29.06874315,3.869468041,60,-29.06775283,3.869588534,0.965375769,4.117175429,60,7.349365331
19.73,-29.06743722,3.869468041,60,-29.06779013,3.869581181,0.965370386,4.117169003,60,7.34941076
19.928,-29.07135502,3.869084451,60,-29.07200304,3.869089567,0.96501509,4.116750805,60,7.353205332
20.128,-29.08049654,3.86870086,60,-29.07902407,3.868600699,0.964656131,4.116371125,60,7.358749645
20.227,-29.07919061,3.86831727,60,-29.07995511,3.868375439,0.964478423,4.116187294,60,7.360482861
20.232,-29.07853764,3.86831727,60,-29.07996717,3.868364265,0.964469447,4.11617801,60,7.360555647
20.427,-29.0850673,3.868125475,60,-29.08455523,3.8679052,0.964119386,4.115815882,60,7.365113324
20.628,-29.08767917,3.867358294,60,-29.08735431,3.867443181,0.963758502,4.115442563,60,7.368997098
20.727,-29.08767917,3.867166499,60,-29.08875,3.86721569,0.963580741,4.115258676,60,7.370912049
20.732,-29.08833213,3.867166499,60,-29.08885928,3.867203983,0.963571763,4.115249388,60,7.371024915
20.928,-29.0948618,3.866974704,60,-29.09427379,3.86673864,0.963219791,4.114885286,60,7.375923175
21.128,-29.09682069,3.866399318,60,-29.09641094,3.866283216,0.962860586,4.114513704,60,7.379496629
21.227,-29.09616773,3.866015728,60,-29.09680514,3.866061763,0.962682774,4.114329763,60,7.380981224
21.231,-29.09682069,3.866015728,60,-29.09683079,3.866052764,0.962675589,4.114322331,60,7.381045181
21.428,-29.09812663,3.865823932,60,-29.09894527,3.865604969,0.962321747,4.113956293,60,7.384544242
21.627,-29.10596222,3.865248547,60,-29.10465189,3.865132479,0.961964261,4.113586487,60,7.389570894
21.727,-29.10465629,3.865056752,60,-29.10520415,3.864908227,0.961784601,4.113400636,60,7.391125087
21.733,-29.10465629,3.865056752,60,-29.10519288,3.864895028,0.961773821,4.113389485,60,7.391199597
21.928,-29.10661518,3.864673161,60,-29.10702029,3.864453892,0.961423472,4.113027062,60,7.39453272
22.127,-29.11183891,3.864097776,60,-29.11101976,3.863991815,0.961065897,4.112657164,60,7.398822311
22.227,-29.11118595,3.864097776,60,-29.11250581,3.863762647,0.960886195,4.112471269,60,7.400756216
22.233,-29.11249188,3.863905981,60,-29.11262827,3.86374871,0.960875413,4.112460115,60,7.400886133
22.428,-29.11706264,3.863330595,60,-29.1168868,3.863294195,0.960524957,4.112097582,60,7.405225416
22.627,-29.12032747,3.8631388,60,-29.11991748,3.862837915,0.960167266,4.111727565,60,7.40909846
22.727,-29.12032747,3.862947005,60,-29.12072372,3.862610799,0.959987511,4.111547904,60,7.410953079
22.731,-29.12098044,3.862755209,60,-29.12075607,3.862601632,0.959980321,4.111540979,60,7.411036091
22.928,-29.1216334,3.862563414,60,-29.12220351,3.862146592,0.95962619,4.111213901,60,7.415533732
23.128,-29.12685713,3.861988029,60,-29.12653395,3.861666725,0.959266631,4.110886253,60,7.421458488
23.227,-29.12816306,3.861604438,60,-29.12828397,3.861431248,0.95908863,4.110724051,60,7.424231008
23.232,-29.12816306,3.861796233,60,-29.12836226,3.86141941,0.95907964,4.110715858,60,7.42436686
23.428,-29.13208086,3.861412643,60,-29.13166276,3.860953883,0.958727202,4.1103947,60,7.429794573
23.628,-29.13273383,3.861029053,60,-29.13331177,3.860488434,0.958367542,4.110066961,60,7.434615606
23.727,-29.13534569,3.860837257,60,-29.13523159,3.860251712,0.958189499,4.10990472,60,7.437467936
23.732,-29.13599866,3.860837257,60,-29.13535186,3.860239622,0.958180507,4.109896526,60,7.437621875
23.928,-29.13795756,3.860261872,60,-29.1381158,3.85977661,0.957827987,4.109575293,60,7.442839625
24.128,-29.14122239,3.860070077,60,-29.14147384,3.859300873,0.957468238,4.109247473,60,7.448396665
24.227,-29.14383425,3.859686486,60,-29.14324286,3.859064656,0.957290146,4.109085187,60,7.451195946
24.23,-29.14318128,3.859686486,60,-29.1432858,3.859057557,0.957284749,4.109080269,60,7.451276319
24.428,-29.14644611,3.859494691,60,-29.14611551,3.858588951,0.956928535,4.10875567,60,7.456582034
24.628,-29.14709908,3.859111101,60,-29.14833658,3.858119122,0.956568696,4.108427767,60,7.461675951
24.727,-29.15232281,3.85872751,60,-29.15043948,3.857880766,0.95639056,4.108265442,60,7.46462345
24.732,-29.15101688,3.85872751,60,-29.1505111,3.857868922,0.956381563,4.108257244,60,7.464757853
24.928,-29.15166984,3.85872751,60,-29.15199466,3.857412141,0.956028869,4.107935852,60,7.46946563
25.128,-29.15493467,3.857960329,60,-29.15617547,3.856930766,0.955668947,4.107607873,60,7.475398757
25.227,-29.16146433,3.857576739,60,-29.16013601,3.856681491,0.955490758,4.107445499,60,7.479141019
25.232,-29.1621173,3.857576739,60,-29.16033024,3.856668928,0.955481758,4.107437298,60,7.479327761
25.428,-29.1621173,3.857576739,60,-29.16228136,3.856208548,0.955128937,4.107115791,60,7.484259481
25.627,-29.16342323,3.856809558,60,-29.16472782,3.855735679,0.954770699,4.106814538,60,7.490034979
25.727,-29.16929993,3.856809558,60,-29.16758815,3.855487735,0.954590661,4.106670258,60,7.493795765
25.731,-29.16864696,3.856809558,60,-29.16768347,3.855477921,0.954583459,4.106664487,60,7.493938283
25.927,-29.16929993,3.856425968,60,-29.16929786,3.855014176,0.954230553,4.106381674,60,7.499635164
26.128,-29.16995289,3.856042378,60,-29.17069613,3.85453979,0.953868631,4.106091636,60,7.505377017
26.227,-29.17321772,3.856234173,60,-29.17243306,3.8543,0.953690361,4.105948772,60,7.508653875
26.232,-29.17191179,3.856042378,60,-29.17251787,3.854287902,0.953681357,4.105941557,60,7.508818264
26.427,-29.17778849,3.855466992,60,-29.17752246,3.853805989,0.953330177,4.105660126,60,7.51596064
26.628,-29.18170628,3.855083402,60,-29.18072432,3.85331963,0.952968136,4.105369992,60,7.52251611
26.727,-29.17974738,3.855083402,60,-29.18095678,3.853087625,0.952789809,4.105227083,60,7.525178305
26.732,-29.18105332,3.855083402,60,-29.18098127,3.853075834,0.952780802,4.105219865,60,7.525318181
26.928,-29.18170628,3.854508016,60,-29.18219434,3.852612116,0.952427742,4.104936928,60,7.530911298
27.128,-29.18627704,3.854124426,60,-29.18603548,3.852123673,0.952067445,4.104648192,60,7.537736005
27.227,-29.18758298,3.85393263,60,-29.18821308,3.851880077,0.951889079,4.104505252,60,7.541238728
27.231,-29.18954187,3.85393263,60,-29.18831729,3.851870138,0.951881872,4.104499476,60,7.541387247
27.428,-29.18954187,3.853740835,60,-29.18987,3.85140096,0.951526916,4.104215019,60,7.547185067
27.627,-29.19215374,3.853357245,60,-29.19231527,3.850921792,0.951168335,4.103927658,60,7.553421352
27.727,-29.19411264,3.853357245,60,-29.19384839,3.850679118,0.950988131,4.103783245,60,7.556689079
27.732,-29.19411264,3.853357245,60,-29.19391936,3.850667014,0.950979121,4.103776025,60,7.556850131
27.928,-29.19607153,3.852973654,60,-29.1959033,3.850196954,0.950625897,4.103492957,60,7.562827679
28.128,-29.1967245,3.852781859,60,-29.19746733,3.849719763,0.950265446,4.103204096,60,7.568736307
28.227,-29.19998933,3.852398269,60,-29.19946558,3.849476621,0.950087011,4.103061294,60,7.572187598
28.232,-29.19998933,3.852398269,60,-29.19957702,3.849464287,0.950077999,4.103054091,60,7.572366563
28.428,-29.2026012,3.851822883,60,-29.2026782,3.849008687,0.9497247,4.102792768,60,7.578963407
28.627,-29.20586603,3.851439293,60,-29.20627191,3.84854936,0.949365956,4.102533966,60,7.585908177
28.727,-29.20913086,3.851439293,60,-29.20854515,3.848315534,0.949185663,4.102403901,60,7.589607494
28.731,-29.20913086,3.851439293,60,-29.20862793,3.848306222,0.949178451,4.102398698,60,7.589752131
28.927,-29.21108975,3.851055703,60,-29.21116472,3.847858358,0.948825046,4.102143748,60,7.596199713
29.128,-29.21370162,3.850480317,60,-29.21420121,3.84739599,0.948462594,4.101882272,60,7.603015364
29.227,-29.21696645,3.850288522,60,-29.21621742,3.847165002,0.948284057,4.101753473,60,7.60660312
29.232,-29.21696645,3.850288522,60,-29.21630587,3.847153407,0.948275039,4.101746968,60,7.606778754
29.428,-29.21761942,3.850096727,60,-29.21786425,3.846709647,0.947921547,4.101491955,60,7.612852459
29.627,-29.22023128,3.849713136,60,-29.22055599,3.846252318,0.947562622,4.101233023,60,7.619506754
29.727,-29.22284314,3.849713136,60,-29.22248579,3.846018959,0.947382242,4.101102895,60,7.623104917
29.733,-29.22284314,3.849713136,60,-29.22259873,3.846004968,0.947371419,4.101095087,60,7.623319757
29.928,-29.22545501,3.849329546,60,-29.22544664,3.845554713,0.947019648,4.100841315,60,7.629957512
30.128,-29.22806687,3.848945955,60,-29.2275755,3.845097,0.946658825,4.100581014,60,7.636439713
30.227,-29.22741391,3.84875416,60,-29.22826924,3.844872385,0.94648021,4.10045216,60,7.639497232
30.231,-29.22741391,3.84875416,60,-29.22831269,3.84486322,0.946472993,4.100446953,60,7.639627416
30.427,-29.2332906,3.84837057,60,-29.23229778,3.844403114,0.946119342,4.100191826,60,7.646814566
30.628,-29.2313317,3.847795184,60,-29.23207002,3.843955771,0.945756646,4.099930173,60,7.652340321
30.727,-29.2332906,3.847603389,60,-29.23326623,3.843727877,0.945578002,4.099801298,60,7.655625632
30.732,-29.23394357,3.847603389,60,-29.23336268,3.843716158,0.945568979,4.099794789,60,7.655807132
30.928,-29.2352495,3.847603389,60,-29.23532779,3.843267017,0.945215278,4.099539625,60,7.662146228
31.128,-29.2372084,3.847219799,60,-29.23811777,3.842836028,0.944854334,4.099293701,60,7.668436323
31.227,-29.24177916,3.847028003,60,-29.24077558,3.842638587,0.944675648,4.099182539,60,7.671723121
31.232,-29.24177916,3.847028003,60,-29.24090401,3.842628642,0.944666623,4.099176924,60,7.67188683
31.428,-29.24308509,3.846644413,60,-29.243245,3.842253955,0.944312828,4.098956825,60,7.67715407
31.628,-29.24569696,3.846260823,60,-29.24553536,3.841871628,0.943951786,4.098732217,60,7.682503114
31.727,-29.24634992,3.846452618,60,-29.24694844,3.841680547,0.943773059,4.098621028,60,7.685277869
31.731,-29.24634992,3.846452618,60,-29.24702369,3.841672718,0.943765838,4.098616536,60,7.685397905
31.928,-29.25287958,3.845685437,60,-29.2524611,3.841276677,0.943410147,4.098395257,60,7.69207224
32.127,-29.25614441,3.845493642,60,-29.25540807,3.840890434,0.94305079,4.098171697,60,7.697740992
32.227,-29.25483848,3.845301847,60,-29.25539126,3.840704843,0.942870201,4.098059351,60,7.699946982
32.232,-29.25483848,3.845301847,60,-29.25538238,3.840695609,0.942861172,4.098053733,60,7.700053825
32.427,-29.25679738,3.844918256,60,-29.25703343,3.840323825,0.942509016,4.097834653,60,7.705088003
32.628,-29.26071518,3.844534666,60,-29.25989811,3.839933387,0.942145992,4.097608812,60,7.7107945
32.727,-29.25940924,3.844342871,60,-29.26011435,3.83974784,0.941967181,4.097497572,60,7.713092676
32.732,-29.25940924,3.844342871,60,-29.26012035,3.839738496,0.94195815,4.097491954,60,7.713206637
32.928,-29.26267407,3.84395928,60,-29.26266574,3.839358696,0.941604126,4.097271711,60,7.718679363
33.128,-29.2659389,3.84395928,60,-29.26503613,3.838971954,0.941242841,4.097046952,60,7.724180344
33.227,-29.26398001,3.843767485,60,-29.26549602,3.83878453,0.941063997,4.096935692,60,7.726597692
33.23,-29.26463297,3.843767485,60,-29.26552949,3.838778737,0.941058578,4.09693232,60,7.72667942
33.427,-29.27050967,3.843383895,60,-29.26968261,3.838386707,0.940702669,4.096710906,60,7.732903201
33.627,-29.2698567,3.843000304,60,-29.27124369,3.838003606,0.940341307,4.096486099,60,7.738084479
33.727,-29.27508043,3.842808509,60,-29.27439685,3.837798153,0.940160611,4.096373685,60,7.741709462
33.732,-29.27573339,3.842808509,60,-29.27458827,3.837787679,0.940151576,4.096368064,60,7.741905547
33.927,-29.27834526,3.842233124,60,-29.27801054,3.83746991,0.939799171,4.096163496,60,7.746196367
34.127,-29.27834526,3.842041328,60,-29.27932431,3.837208689,0.939437708,4.095965021,60,7.748407355
34.227,-29.28226306,3.841849533,60,-29.28113305,3.837071228,0.939256966,4.095865778,60,7.750018414
34.232,-29.28226306,3.841849533,60,-29.28121362,3.837064407,0.939247929,4.095860815,60,7.750094822
34.427,-29.28095712,3.841849533,60,-29.28169276,3.836813658,0.938895466,4.095667283,60,7.751922795
34.628,-29.28552789,3.841274148,60,-29.28495938,3.836538782,0.938532136,4.095467784,60,7.755021559
34.727,-29.28552789,3.841082352,60,-29.28583814,3.836407405,0.93835317,4.095369516,60,7.756236975
34.73,-29.28552789,3.841082352,60,-29.28585714,3.836403466,0.938347747,4.095366538,60,7.756270535
34.928,-29.28813975,3.840890557,60,-29.28805606,3.836137864,0.937989796,4.095169993,60,7.758901595
35.127,-29.29009865,3.840506967,60,-29.29115806,3.835865319,0.937630007,4.094972438,60,7.761946154
35.227,-29.29532238,3.840315172,60,-29.29369705,3.835722452,0.937449189,4.094873153,60,7.763908998
35.232,-29.29466941,3.840315172,60,-29.29379237,3.835715486,0.937440148,4.094868189,60,7.763993583
35.428,-29.29466941,3.839739786,60,-29.29507956,3.835456381,0.93708572,4.094673577,60,7.766249894
35.627,-29.29793424,3.839547991,60,-29.29817695,3.835182678,0.936725844,4.094475974,60,7.769326946
35.727,-29.3005461,3.8391644,60,-29.30021332,3.835042161,0.936544984,4.094376667,60,7.771087651
35.732,-29.30119907,3.8391644,60,-29.30030995,3.835035161,0.936535941,4.094371702,60,7.771173552
35.927,-29.30119907,3.838972605,60,-29.30144262,3.834777227,0.936183244,4.09417804,60,7.77338298
36.128,-29.30315797,3.838589015,60,-29.30390367,3.834503718,0.935819676,4.093978411,60,7.776227436
36.227,-29.30707577,3.83878081,60,-29.30617774,3.834362704,0.93564059,4.093880077,60,7.778094836
36.231,-29.30772873,3.83878081,60,-29.30626272,3.834357043,0.935633354,4.093876104,60,7.778167394
36.428,-29.30576983,3.838013629,60,-29.30691625,3.834098503,0.93527697,4.093680418,60,7.780208851
36.628,-29.31295246,3.837630039,60,-29.31172485,3.833832401,0.934915127,4.093485139,60,7.78364573
36.727,-29.31164653,3.837630039,60,-29.31257691,3.833740458,0.934735997,4.093393629,60,7.784014109
36.732,-29.31164653,3.837630039,60,-29.3126059,3.833735926,0.93472695,4.093389012,60,7.784025963
36.928,-29.31687026,3.837246449,60,-29.31677531,3.833540514,0.934372281,4.09320804,60,7.785816534
37.128,-29.32144102,3.836862858,60,-29.32070478,3.833342251,0.934010319,4.093023347,60,7.787523423
37.227,-29.32078805,3.836862858,60,-29.32108351,3.833252939,0.933831135,4.092931917,60,7.787693292
37.232,-29.32013509,3.836862858,60,-29.32108068,3.833248554,0.933822086,4.0929273,60,7.787692371
37.428,-29.32405288,3.836479268,60,-29.32355316,3.833061643,0.933467323,4.09274628,60,7.788781922
37.627,-29.32405288,3.836287473,60,-29.324376,3.832881259,0.933107108,4.092562478,60,7.789164382
37.728,-29.32535882,3.835903882,60,-29.32534713,3.832786471,0.932924281,4.092469189,60,7.789600373
37.731,-29.32535882,3.835903882,60,-29.32538522,3.832783601,0.93291885,4.092466418,60,7.789617363
37.928,-29.32797068,3.835520292,60,-29.32812895,3.832593584,0.932562223,4.092284447,60,7.79084371
38.128,-29.33188848,3.835328497,60,-29.33107227,3.83239933,0.932200127,4.092099685,60,7.792169627
38.228,-29.33058254,3.834944906,60,-29.33143643,3.832308437,0.93201907,4.092007299,60,7.792355369
38.233,-29.33058254,3.834944906,60,-29.33145653,3.832303881,0.932010017,4.09200268,60,7.792365481
38.428,-29.33515331,3.834944906,60,-29.33481217,3.832111302,0.931656934,4.091822518,60,7.793880242
38.628,-29.3371122,3.834753111,60,-29.3367041,3.831922248,0.931294762,4.091637717,60,7.794773345
38.728,-29.33645924,3.834177725,60,-29.33732564,3.831829519,0.931113669,4.091545313,60,7.795080799
38.733,-29.3371122,3.834177725,60,-29.33737964,3.831824751,0.931104615,4.091540693,60,7.795106113
38.928,-29.34037703,3.83398593,60,-29.34020333,3.831634542,0.930751463,4.091360495,60,7.796409373
39.128,-29.34233593,3.83360234,60,-29.34225431,3.83144398,0.930389225,4.091175661,60,7.797388157
39.228,-29.3429889,3.83360234,60,-29.34313723,3.831349443,0.930208097,4.091083239,60,7.797817753
39.231,-29.3429889,3.83360234,60,-29.34316572,3.831346594,0.930202663,4.091080467,60,7.797831524
39.428,-29.34560076,3.833218749,60,-29.34575903,3.831159721,0.929845821,4.090902788,60,7.7989491
39.628,-29.34951856,3.832643364,60,-29.34919208,3.830970642,0.929483506,4.090728261,60,7.800311674
39.728,-29.35017153,3.832451569,60,-29.35046034,3.830878323,0.929302334,4.09064099,60,7.800808478
39.733,-29.35017153,3.832451569,60,-29.35052188,3.830873712,0.929293275,4.090636627,60,7.800832642
39.928,-29.35408932,3.832451569,60,-29.35375028,3.830688782,0.928939962,4.090466436,60,7.802145891
40.128,-29.35539525,3.832067978,60,-29.35572174,3.830505985,0.928577558,4.090291865,60,7.802934469
40.228,-29.35735415,3.831684388,60,-29.35709046,3.83041217,0.928396346,4.090204575,60,7.803501413
40.233,-29.35735415,3.831684388,60,-29.35716203,3.830407457,0.928387285,4.090200211,60,7.803531251
40.428,-29.35931305,3.831300798,60,-29.35947001,3.830226067,0.928033898,4.090029984,60,7.804495018
40.628,-29.36257788,3.831109002,60,-29.3626595,3.830034706,0.927671416,4.089855376,60,7.805857951
40.728,-29.36453678,3.830917207,60,-29.36404705,3.829939931,0.927490161,4.089768065,60,7.8064576
40.731,-29.36453678,3.830917207,60,-29.36407643,3.829937155,0.927484723,4.089765446,60,7.80647037
40.928,-29.36453678,3.830533617,60,-29.36535299,3.829758349,0.927127635,4.089593436,60,7.807032039
41.128,-29.37106644,3.830150026,60,-29.36976051,3.829558573,0.926765071,4.089418789,60,7.808965025
41.228,-29.36910754,3.830150026,60,-29.36972288,3.829471131,0.926583776,4.089331459,60,7.808969869
41.233,-29.36845458,3.830150026,60,-29.36968647,3.829466953,0.926574711,4.089327093,60,7.808955223
41.428,-29.37237237,3.829766436,60,-29.37252306,3.829279755,0.926221174,4.089156794,60,7.81022832
41.628,-29.3775961,3.82919105,60,-29.37710638,3.829077556,0.925858521,4.088982103,60,7.812278356
41.728,-29.37824907,3.82919105,60,-29.37833693,3.82898219,0.925677177,4.08889475,60,7.812852567
41.733,-29.37890203,3.82919105,60,-29.37837836,3.828977532,0.92566811,4.088890382,60,7.812872683
41.928,-29.37824907,3.828999255,60,-29.3784144,3.828804722,0.92531448,4.088720038,60,7.812977262
42.128,-29.37890203,3.828615665,60,-29.3799631,3.828608063,0.924951778,4.088548196,60,7.814135858
42.228,-29.38347279,3.828232074,60,-29.38232025,3.828480994,0.924770413,4.088467453,60,7.816122849
42.23,-29.38281983,3.828232074,60,-29.38236556,3.828478391,0.924766785,4.088465855,60,7.816164371
42.428,-29.38543169,3.828232074,60,-29.38526515,3.82822861,0.924407648,4.088307707,60,7.819622576
42.628,-29.38673763,3.827848484,60,-29.38706411,3.827980738,0.924044856,4.088147949,60,7.822684892
42.728,-29.38869652,3.827848484,60,-29.38825707,3.827854459,0.923863451,4.088068066,60,7.824363073
42.733,-29.38804356,3.827656689,60,-29.38831106,3.827848165,0.923854381,4.088064072,60,7.824444889
42.928,-29.39130839,3.827273098,60,-29.39137954,3.827596346,0.923500615,4.087908289,60,7.828078829
43.128,-29.39522618,3.826889508,60,-29.39457322,3.827335918,0.923137737,4.087748493,60,7.831881696
43.228,-29.39457322,3.827081303,60,-29.39184882,3.827229483,0.922956297,4.087668595,60,7.831932761
43.233,-29.38608466,3.826505918,60,-29.3915437,3.827225108,0.922947226,4.087664601,60,7.831862495
43.428,-29.39783805,3.826122327,60,-29.39665769,3.826958103,0.92259342,4.0875088,60,7.836488883
43.628,-29.40044991,3.826122327,60,-29.40028667,3.826691224,0.922230472,4.087348974,60,7.840597643
43.728,-29.40110288,3.825930532,60,-29.40149976,3.826560577,0.922048985,4.087269055,60,7.842409738
43.731,-29.40175584,3.825930532,60,-29.40154317,3.826556613,0.92204354,4.087266657,60,7.842467291
43.928,-29.40371474,3.825738737,60,-29.40387426,3.826298496,0.921685989,4.087109207,60,7.846043417
44.128,-29.40697957,3.825355146,60,-29.40689795,3.826031352,0.921322959,4.086949345,60,7.849999303
44.228,-29.40828551,3.824971556,60,-29.40858684,3.825896244,0.92114143,4.086869407,60,7.852069704
44.233,-29.40893847,3.824971556,60,-29.40868228,3.825889418,0.921132354,4.08686541,60,7.852178236
44.428,-29.41155034,3.824971556,60,-29.4112971,3.825628732,0.920778343,4.086709519,60,7.855952957
44.628,-29.4122033,3.824587966,60,-29.41212168,3.825370681,0.920415234,4.086549622,60,7.859054273
44.728,-29.4122033,3.824587966,60,-29.41280605,3.825239781,0.920233676,4.086469672,60,7.860732796
44.733,-29.4122033,3.824587966,60,-29.41286633,3.825233084,0.920224598,4.086465674,60,7.860828164
44.928,-29.41742703,3.82401258,60,-29.41692056,3.82494355,0.91987053,4.086317482,60,7.866063506
45.128,-29.41873296,3.82362899,60,-29.4188962,3.824624653,0.919507345,4.086179219,60,7.871898892
45.228,-29.42003889,3.823437195,60,-29.42027254,3.824462153,0.919325743,4.086110084,60,7.875010497
45.231,-29.42069186,3.823437195,60,-29.42032573,3.824457202,0.919320294,4.086108009,60,7.875109263
45.428,-29.42265076,3.823245399,60,-29.42264703,3.824137518,0.918962514,4.085971803,60,7.881122182
45.628,-29.42460966,3.822861809,60,-29.42469128,3.823812577,0.918599259,4.085833513,60,7.887154951
45.728,-29.42591559,3.822670014,60,-29.42611651,3.823647055,0.91841762,4.085764364,60,7.890369376
45.733,-29.42591559,3.822670014,60,-29.4262019,3.823638686,0.918408538,4.085760907,60,7.890536616
45.928,-29.43048635,3.822478219,60,-29.43022684,3.82330726,0.91805431,4.085626053,60,7.897394347
46.128,-29.43309822,3.821902833,60,-29.4334247,3.822970407,0.917690954,4.085487725,60,7.904088726
46.228,-29.43571008,3.821902833,60,-29.4352078,3.822800186,0.917509261,4.085418555,60,7.907538565
46.233,-29.43571008,3.821902833,60,-29.43528816,3.822791711,0.917500176,4.085415096,60,7.907707626
46.428,-29.43701601,3.821519243,60,-29.43717507,3.822467327,0.91714585,4.085280205,60,7.913785887
46.628,-29.43962788,3.821135652,60,-29.43946463,3.822130992,0.916782414,4.085141846,60,7.920222784
46.728,-29.44028084,3.821135652,60,-29.44018062,3.821964628,0.916600687,4.085072663,60,7.923272932
46.731,-29.43962788,3.821135652,60,-29.44019419,3.821959676,0.916595235,4.085070588,60,7.923361168
46.928,-29.44289271,3.820752062,60,-29.44272325,3.821624521,0.916237213,4.08493429,60,7.929889879
47.128,-29.4448516,3.820368471,60,-29.44460674,3.821286558,0.91587371,4.084795906,60,7.9362667
47.228,-29.4448516,3.820368471,60,-29.44530366,3.821118443,0.915691951,4.084726711,60,7.939363764
47.233,-29.4448516,3.820368471,60,-29.44534887,3.821109971,0.915682863,4.084723251,60,7.939523358
47.428,-29.4487694,3.819984881,60,-29.44867522,3.820770032,0.915328409,4.084588311,60,7.946450536
47.628,-29.45203423,3.819409495,60,-29.45211585,3.820417284,0.914964824,4.084450153,60,7.953725053
47.728,-29.45399313,3.819409495,60,-29.45372943,3.820236249,0.914783016,4.084381569,60,7.957549891
47.733,-29.45399313,3.819409495,60,-29.45380101,3.820227183,0.914773925,4.084378145,60,7.957740009
47.928,-29.45595203,3.819025905,60,-29.45570089,3.819877501,0.914419376,4.084244618,60,7.964798876
48.128,-29.45595203,3.81883411,60,-29.45676824,3.819521872,0.914055721,4.084107662,60,7.971712077
48.228,-29.45921686,3.818642315,60,-29.45863433,3.819335824,0.913873883,4.08403918,60,7.97577208
48.231,-29.45921686,3.81845052,60,-29.45869732,3.819330194,0.913868428,4.084037125,60,7.975897194
48.428,-29.46117576,3.818258724,60,-29.46117203,3.818968833,0.913510179,4.083902205,60,7.983418921
48.628,-29.46313465,3.817875134,60,-29.463706,3.818599969,0.913146447,4.08376522,60,7.99112085
48.728,-29.46639948,3.817683339,60,-29.46598507,3.818409102,0.912964565,4.083696721,60,7.995436403
48.733,-29.46705245,3.817683339,60,-29.46610686,3.818399501,0.91295547,4.083693296,60,7.995656025
48.928,-29.46770542,3.817491544,60,-29.46786657,3.818040967,0.912600773,4.083559713,60,8.002941049
49.128,-29.46966432,3.817107953,60,-29.47007242,3.817669436,0.91223696,4.083422698,60,8.010634669
49.228,-29.47227618,3.816724363,60,-29.47225103,3.817476972,0.91205504,4.083354184,60,8.014971707
49.233,-29.47292915,3.816724363,60,-29.47237911,3.817467229,0.912045943,4.083350758,60,8.015197306
49.428,-29.47554101,3.816532568,60,-29.47553264,3.817096705,0.911691162,4.083217144,60,8.023216838
49.628,-29.47815287,3.816148977,60,-29.47815287,3.816718569,0.911327251,4.083080091,60,8.031220172
49.728,-29.47945881,3.816148977,60,-29.479366,3.816529492,0.911145283,4.083011561,60,8.035196057
49.731,-29.47945881,3.816148977,60,-29.47939961,3.81652383,0.911139824,4.083009505,60,8.035314276
49.928,-29.4814177,3.815573592,60,-29.4814956,3.81615198,0.910781327,4.082874491,60,8.043048594
50.128,-29.48402957,3.815381796,60,-29.48386633,3.81577179,0.910417343,4.082737411,60,8.051046767
50.228,-29.48468253,3.815190001,60,-29.48489601,3.815582095,0.910235341,4.082668867,60,8.054991831
50.233,-29.48468253,3.815190001,60,-29.48495001,3.815572588,0.910226241,4.08266544,60,8.055190409
50.428,-29.48794736,3.814806411,60,-29.48769204,3.81520094,0.909871313,4.082535186,60,8.06306705
50.628,-29.4892533,3.814614616,60,-29.48941654,3.814830411,0.909507256,4.082407741,60,8.070410672
50.728,-29.49055923,3.814231025,60,-29.49053412,3.814643101,0.909325219,4.082344016,60,8.074212927
50.733,-29.49055923,3.814231025,60,-29.4905969,3.814633686,0.909316117,4.08234083,60,8.074406387
50.928,-29.49317109,3.81403923,60,-29.49324434,3.814264551,0.908961122,4.082216557,60,8.082064078
51.128,-29.49643592,3.813463844,60,-29.49619106,3.813882984,0.908596989,4.082089086,60,8.090069979
51.228,-29.49708889,3.813463844,60,-29.49733124,3.81369348,0.908414911,4.082025346,60,8.093944155
51.23,-29.49774186,3.813463844,60,-29.497354,3.813689686,0.908411269,4.082024071,60,8.094021727
51.428,-29.49839482,3.813463844,60,-29.4988021,3.813318004,0.908050737,4.08189786,60,8.101366608
51.628,-29.50231262,3.812888459,60,-29.50214938,3.812930562,0.907686534,4.081770365,60,8.109658405
51.728,-29.50361855,3.812504868,60,-29.50384454,3.812736134,0.907504417,4.081706611,60,8.113831461
51.733,-29.50427152,3.812504868,60,-29.50393244,3.812726385,0.907495311,4.081703423,60,8.114041781
51.928,-29.50623041,3.812313073,60,-29.50614252,3.812352376,0.907140156,4.081579095,60,8.121727424
52.128,-29.50753635,3.811929483,60,-29.50786283,3.811970704,0.906775873,4.081451571,60,8.129403582
52.228,-29.50949524,3.811929483,60,-29.50923155,3.811776566,0.906593722,4.081387806,60,8.133479526
52.233,-29.50949524,3.811929483,60,-29.50930312,3.811766834,0.906584614,4.081384617,60,8.133684953
52.428,-29.51145414,3.811737688,60,-29.51169273,3.811388939,0.906229395,4.081260267,60,8.141536741
52.628,-29.51537194,3.811162302,60,-29.51537194,3.810993207,0.905865031,4.081132715,60,8.150170425
52.728,-29.51733084,3.810970507,60,-29.51732335,3.810794204,0.905682832,4.081068932,60,8.15455219
52.731,-29.5179838,3.810970507,60,-29.51738166,3.81078823,0.905677365,4.081067019,60,8.154683695
52.928,-29.51928974,3.810586917,60,-29.51961373,3.810404417,0.905318405,4.080941358,60,8.162628345
53.128,-29.52320753,3.810395121,60,-29.52288105,3.810005283,0.904953945,4.080809523,60,8.171318292
53.228,-29.5238605,3.810011531,60,-29.5237726,3.809804393,0.904771702,4.080735831,60,8.175619022
53.233,-29.5238605,3.810203326,60,-29.52379646,3.809794414,0.90476259,4.080732077,60,8.175827506
53.428,-29.52451346,3.810011531,60,-29.52516068,3.809402334,0.904407205,4.08058565,60,8.184163655
53.629,-29.53039016,3.80924435,60,-29.52982434,3.80897863,0.904040845,4.080434703,60,8.194238176
53.728,-29.53104312,3.80924435,60,-29.53055179,3.808778315,0.903860383,4.080360348,60,8.198517899
53.733,-29.53039016,3.809052555,60,-29.53053563,3.808768491,0.903851269,4.080356593,60,8.198710714
53.928,-29.53039016,3.809052555,60,-29.53087988,3.808379592,0.903495808,4.080210136,60,8.206671472
54.128,-29.53430796,3.808668965,60,-29.53430796,3.807984161,0.90313121,4.080076939,60,8.215693607
54.228,-29.53626685,3.808668965,60,-29.53577713,3.807802048,0.902948895,4.080021832,60,8.21974601
54.231,-29.53626685,3.808668965,60,-29.53580651,3.807796664,0.902943425,4.080020179,60,8.219861139
54.428,-29.53626685,3.808285374,60,-29.53675658,3.80744841,0.902584249,4.079911613,60,8.226993437
54.628,-29.54018465,3.807901784,60,-29.54034789,3.807079349,0.902219578,4.079801384,60,8.235424937
54.728,-29.54279651,3.807709989,60,-29.54259561,3.806891886,0.902037223,4.079746265,60,8.239853871
54.733,-29.54279651,3.807709989,60,-29.54270611,3.806882516,0.902028105,4.079743509,60,8.240074689
54.928,-29.54671431,3.807134603,60,-29.54629365,3.806520703,0.901672475,4.079636015,60,8.248379814
55.128,-29.54736728,3.807326398,60,-29.54712241,3.806165064,0.901307699,4.079525756,60,8.255646345
55.228,-29.54671431,3.807134603,60,-29.54780674,3.805985601,0.901125307,4.079470625,60,8.259403809
55.233,-29.54736728,3.807134603,60,-29.54788335,3.805976386,0.901116188,4.079467869,60,8.25961067
55.428,-29.552591,3.806367422,60,-29.55208454,3.805609697,0.900760493,4.079360355,60,8.268234546
55.628,-29.55389694,3.806175627,60,-29.55422342,3.805245104,0.900395639,4.079250072,60,8.276133662
55.728,-29.55585584,3.806175627,60,-29.55559979,3.805060876,0.900213201,4.079194927,60,8.280226663
55.731,-29.55585584,3.806175627,60,-29.55564319,3.805055335,0.900207728,4.079193273,60,8.280350471
55.928,-29.55781473,3.805792037,60,-29.55756614,3.804693642,0.899848304,4.079078106,60,8.288053885
56.128,-29.55781473,3.805600242,60,-29.55895742,3.804325492,0.89948339,4.078952107,60,8.295602949
56.228,-29.5623855,3.805216651,60,-29.56146883,3.804131027,0.899300919,4.078889103,60,8.300194575
56.233,-29.5623855,3.805216651,60,-29.5616057,3.804121235,0.899291795,4.078885952,60,8.300429374
56.428,-29.56434439,3.804833061,60,-29.56433812,3.803753801,0.898935943,4.078763082,60,8.308428031
56.628,-29.56630329,3.804641266,60,-29.5667114,3.803379101,0.898570937,4.078637051,60,8.316448504
56.728,-29.56891516,3.804257675,60,-29.56881467,3.803186429,0.89838842,4.078574031,60,8.320874375
56.733,-29.56956812,3.804257675,60,-29.56893521,3.803176705,0.898379294,4.07857088,60,8.321102685
56.928,-29.57152702,3.80406588,60,-29.57127588,3.802810588,0.898023355,4.07844798,60,8.328954731
57.128,-29.57152702,3.80368229,60,-29.57315944,3.802437898,0.89765827,4.078321922,60,8.336780113
57.228,-29.57805668,3.803298699,60,-29.57642427,3.802238258,0.89747571,4.078258886,60,8.341741459
57.232,-29.57805668,3.803490494,60,-29.57655485,3.802230267,0.897468407,4.078256365,60,8.341940082
57.428,-29.57805668,3.803298699,60,-29.57838316,3.80186435,0.897110553,4.078132803,60,8.349625226
57.628,-29.58066855,3.802915109,60,-29.58034206,3.801490361,0.896745375,4.078006713,60,8.357512396
57.728,-29.58066855,3.802723314,60,-29.58074389,3.801306597,0.896562779,4.077943666,60,8.361197385
57.733,-29.58066855,3.802723314,60,-29.58075142,3.80129748,0.896553649,4.077940513,60,8.361375976
57.928,-29.58132151,3.802339723,60,-29.58180914,3.800937651,0.89619758,4.077817568,60,8.368683485
58.128,-29.58589227,3.802147928,60,-29.58564741,3.800552821,0.89583235,4.07769146,60,8.377425133
58.228,-29.58719821,3.801956133,60,-29.58702241,3.800363307,0.895649718,4.0776284,60,8.381556448
58.233,-29.58719821,3.801956133,60,-29.58707012,3.800353948,0.895640586,4.077625247,60,8.381753601
58.428,-29.58850414,3.801764338,60,-29.58866319,3.799990429,0.895284436,4.077502274,60,8.389323345
58.628,-29.591116,3.801188952,60,-29.59144249,3.799611669,0.894919128,4.077376789,60,8.397645387
58.728,-29.59372787,3.801188952,60,-29.59363503,3.799418752,0.894736458,4.077315057,60,8.40222875
58.731,-29.59438083,3.801188952,60,-29.59370781,3.799412926,0.894730978,4.077313206,60,8.402369485
58.928,-29.59633973,3.800805362,60,-29.59674411,3.799040298,0.894371085,4.07719166,60,8.410822687
59.128,-29.60156346,3.800421771,60,-29.60058401,3.798657873,0.894005667,4.077068248,60,8.419743339
59.228,-29.60025753,3.800229976,60,-29.60111141,3.798474624,0.893822946,4.077006538,60,8.423572224
59.233,-29.60025753,3.800229976,60,-29.60113151,3.7984655,0.89381381,4.077003452,60,8.423760717
59.428,-29.60482829,3.800038181,60,-29.60456878,3.798094837,0.893457481,4.076883109,60,8.432307979
59.628,-29.60744015,3.79965459,60,-29.60711367,3.797720349,0.893091975,4.076759668,60,8.440628058
59.728,-29.60744015,3.799271,60,-29.60759084,3.797537749,0.892909214,4.076697944,60,8.444424191
59.733,-29.60744015,3.799271,60,-29.60760591,3.797528672,0.892900075,4.076694857,60,8.444609917
59.928,-29.60874609,3.799079205,60,-29.60898676,3.797170468,0.89254368,4.076574493,60,8.452204396
60.128,-29.61201092,3.798695615,60,-29.6119293,3.796794777,0.89217812,4.076451032,60,8.46067605
60.228,-29.61331685,3.798503819,60,-29.61313127,3.796608517,0.891995326,4.076389298,60,8.464788344
60.231,-29.61266388,3.798503819,60,-29.61315932,3.796602975,0.891989842,4.076387446,60,8.464908058
60.428,-29.61658168,3.798312024,60,-29.61616612,3.796232572,0.891629714,4.07626582,60,8.473295563
60.628,-29.61723465,3.797928434,60,-29.61813247,3.795862888,0.891264071,4.076142332,60,8.481312648
60.728,-29.62115244,3.797736639,60,-29.62047436,3.795670426,0.891081236,4.076080583,60,8.485936426
60.733,-29.62115244,3.797736639,60,-29.62060244,3.795660739,0.891072094,4.076077495,60,8.486172649
60.928,-29.62376431,3.797353048,60,-29.62359188,3.795294279,0.89071553,4.075957073,60,8.494476233
61.129,-29.62507024,3.797161253,60,-29.62589682,3.794921146,0.890347965,4.075832936,60,8.502677398
61.228,-29.62898803,3.796777663,60,-29.62832514,3.794730081,0.890166911,4.075771789,60,8.507304195
61.233,-29.629641,3.796777663,60,-29.62845671,3.794720379,0.890157766,4.075768701,60,8.507541999
61.428,-29.629641,3.796585867,60,-29.62980424,3.794360782,0.889801116,4.075645357,60,8.515024474
61.628,-29.63094693,3.796394072,60,-29.63176314,3.793987569,0.889435307,4.075516493,60,8.522874396
61.728,-29.63486473,3.796010482,60,-29.63404106,3.793793999,0.889252388,4.075452055,60,8.527379571
61.731,-29.63486473,3.796010482,60,-29.63410917,3.793788196,0.8892469,4.075450122,60,8.527514557
61.928,-29.63617066,3.795626891,60,-29.63616817,3.793421224,0.88888652,4.07532317,60,8.535266016
62.128,-29.63747659,3.795626891,60,-29.63747659,3.793054248,0.888520633,4.075194278,60,8.542745562
62.228,-29.63812956,3.795435096,60,-29.63799151,3.792871991,0.888337684,4.07512983,60,8.546408822
62.233,-29.63682363,3.795626891,60,-29.63801035,3.792862925,0.888328537,4.075126608,60,8.546588621
62.428,-29.64270032,3.795051506,60,-29.64219176,3.792490224,0.88797176,4.075000925,60,8.555161975
62.628,-29.64465922,3.794667915,60,-29.64523056,3.792115611,0.887605788,4.074872003,60,8.563368951
62.728,-29.64792405,3.794284325,60,-29.64735895,3.791925114,0.887422786,4.074807537,60,8.567743565
62.733,-29.64857702,3.794284325,60,-29.64746567,3.79191559,0.887413636,4.074804313,60,8.567962369
62.928,-29.64792405,3.794284325,60,-29.64825263,3.791563704,0.887056761,4.074678596,60,8.574940583
63.128,-29.64988295,3.79409253,60,-29.65045429,3.791195956,0.886690723,4.074549651,60,8.582704563
63.228,-29.65314778,3.793517144,60,-29.65258013,3.791006525,0.886507689,4.074485173,60,8.58704838
63.231,-29.65380074,3.793517144,60,-29.65264401,3.791000843,0.886502198,4.074483239,60,8.587178709
63.428,-29.65314778,3.793325349,60,-29.65380199,3.790645274,0.886141598,4.074356209,60,8.594336889
63.628,-29.65771854,3.792941759,60,-29.6571472,3.790272788,0.885775481,4.074227236,60,8.60257495
63.728,-29.65771854,3.792749963,60,-29.65849705,3.790088552,0.885592408,4.074162745,60,8.606541158
63.733,-29.65837151,3.792749963,60,-29.65857491,3.790079286,0.885583255,4.07415952,60,8.6067441
63.928,-29.6622893,3.792366373,60,-29.66186864,3.789716644,0.885226233,4.074033751,60,8.614771426
64.128,-29.66294227,3.792366373,60,-29.66286065,3.789358432,0.884860029,4.073904224,60,8.621875207
64.228,-29.66294227,3.791982783,60,-29.66394681,3.789176219,0.884676922,4.073839034,60,8.625666984
64.233,-29.66359524,3.791982783,60,-29.66404727,3.78916686,0.884667766,4.073835775,60,8.625877352
64.428,-29.66947193,3.791599192,60,-29.66871851,3.788798298,0.88431067,4.073708642,60,8.634407711
64.628,-29.66947193,3.791215602,60,-29.67028814,3.788440071,0.88394438,4.073578237,60,8.64163318
64.728,-29.67273676,3.791023807,60,-29.67207634,3.788255956,0.883761225,4.073513031,60,8.645686922
64.731,-29.67273676,3.791023807,60,-29.67213465,3.788250412,0.88375573,4.073511074,60,8.645810523
64.928,-29.67404269,3.790832012,60,-29.67387697,3.787898934,0.883394889,4.073382609,60,8.65294502
65.128,-29.67404269,3.790640216,60,-29.67453242,3.787550231,0.883028542,4.073252183,60,8.659622713
65.228,-29.67600159,3.790256626,60,-29.67661451,3.787366587,0.882845359,4.073186967,60,8.663749551
65.233,-29.67730752,3.790256626,60,-29.67677376,3.787357101,0.8828362,4.073183706,60,8.663981014
65.429,-29.68122532,3.790064831,60,-29.68113579,3.786996328,0.882477119,4.073055867,60,8.672177332
65.628,-29.68449015,3.78929765,60,-29.6848962,3.786634887,0.882112495,4.072926055,60,8.680161141
65.728,-29.68775498,3.78968124,60,-29.68731357,3.786450652,0.881929248,4.072860816,60,8.684405335
65.733,-29.68775498,3.78968124,60,-29.68743266,3.786441456,0.881920085,4.072857554,60,8.684616588
65.929,-29.69101981,3.78891406,60,-29.69052154,3.786090393,0.881560883,4.072729672,60,8.692155631
66.128,-29.69036684,3.78891406,60,-29.69044887,3.785753471,0.881196165,4.072599826,60,8.698291686
66.228,-29.69036684,3.788530469,60,-29.69042352,3.785584741,0.881012891,4.072534577,60,8.701361308
66.232,-29.68971388,3.788530469,60,-29.69042805,3.785577969,0.88100556,4.072531967,60,8.701486406
66.428,-29.69297871,3.788338674,60,-29.693052,3.785233169,0.880646329,4.072404075,60,8.708705222
66.628,-29.6968965,3.787955084,60,-29.69624354,3.784879333,0.880279726,4.072273558,60,8.716282357
66.728,-29.69624354,3.787955084,60,-29.69663281,3.784709623,0.880096415,4.072208296,60,8.719502994
66.733,-29.69624354,3.787955084,60,-29.69663909,3.78470122,0.880087249,4.072205033,60,8.719657699
66.928,-29.69820244,3.787379698,60,-29.69827778,3.784368071,0.879729781,4.072070708,60,8.726262261
67.128,-29.7008143,3.787379698,60,-29.70130403,3.784021449,0.879363119,4.071930589,60,8.733578592
67.228,-29.70407913,3.786996108,60,-29.70351403,3.783844936,0.879179771,4.071860523,60,8.737537172
67.233,-29.7047321,3.786996108,60,-29.70362075,3.783836143,0.879170603,4.071857019,60,8.737733044
67.428,-29.70407913,3.786804312,60,-29.70489743,3.783510597,0.878813051,4.071720382,60,8.744006449
67.628,-29.70995583,3.786228927,60,-29.70987421,3.783157945,0.878446295,4.071580227,60,8.752078733
67.728,-29.71256769,3.786037132,60,-29.71191472,3.782984691,0.878262895,4.071510141,60,8.755892134
67.731,-29.71256769,3.786037132,60,-29.7119539,3.782979624,0.878257393,4.071508039,60,8.755996175
67.928,-29.71256769,3.785845337,60,-29.71313904,3.782655732,0.877896073,4.071369961,60,8.762155844
68.128,-29.71713845,3.785461746,60,-29.71673035,3.782315264,0.877529223,4.071229771,60,8.769460728
68.228,-29.71779142,3.785269951,60,-29.71818065,3.782147555,0.877345782,4.071159669,60,8.772936403
68.233,-29.71844438,3.785269951,60,-29.71825223,3.782139185,0.877336609,4.071156164,60,8.773109443
68.428,-29.72040328,3.784886361,60,-29.72023376,3.781818164,0.876978877,4.071019457,60,8.779458983
68.628,-29.72105625,3.784886361,60,-29.72162759,3.781494272,0.876611953,4.070879239,60,8.785623788
68.728,-29.72366811,3.78450277,60,-29.72324118,3.78132776,0.876428481,4.070809125,60,8.789113199
68.733,-29.72366811,3.78450277,60,-29.72332907,3.781319402,0.876419307,4.07080562,60,8.789290781
68.928,-29.72562701,3.784310975,60,-29.72578397,3.780999633,0.876061511,4.070668889,60,8.79574451
69.128,-29.72889184,3.783927385,60,-29.72929995,3.780667359,0.875694506,4.070528639,60,8.802787852
69.228,-29.73215667,3.783543794,60,-29.73134046,3.780500033,0.875510986,4.070458507,60,8.806429058
69.231,-29.73215667,3.783543794,60,-29.73138943,3.780495086,0.87550548,4.070456403,60,8.806532515
69.428,-29.73215667,3.783160204,60,-29.73256478,3.780182474,0.875143923,4.070318235,60,8.812356956
69.628,-29.7354215,3.782776613,60,-29.73566636,3.779846163,0.874776837,4.07015986,60,8.818767541
69.728,-29.73803337,3.782776613,60,-29.73753109,3.77967358,0.874593278,4.070074831,60,8.821993826
69.733,-29.73803337,3.782776613,60,-29.73761145,3.779665031,0.8745841,4.070070579,60,8.82214896
69.928,-29.7393393,3.782584818,60,-29.73949835,3.779339322,0.874226135,4.069904759,60,8.827599545
70.128,-29.74195116,3.782201228,60,-29.74178792,3.779004631,0.873858966,4.069734677,60,8.833314288
70.228,-29.74260413,3.781817637,60,-29.7428176,3.778838419,0.873675372,4.069649631,60,8.836103877
70.233,-29.74260413,3.782009433,60,-29.7428716,3.778830102,0.873666192,4.069645378,60,8.836244283
70.428,-29.74586896,3.781625842,60,-29.74577687,3.778501805,0.873308159,4.069479527,60,8.842075426
70.628,-29.74848082,3.781434047,60,-29.74864407,3.778166758,0.87294091,4.069309407,60,8.847973402
70.728,-29.75043972,3.781242252,60,-29.74993355,3.778000435,0.872757272,4.069224341,60,8.850844064
70.731,-29.74978676,3.781050457,60,-29.74996194,3.777995507,0.872751763,4.069221789,60,8.850925286
70.929,-29.75239862,3.780858661,60,-29.75256096,3.777666724,0.872388137,4.069053348,60,8.856607081
71.128,-29.75631642,3.780283276,60,-29.75631396,3.777330714,0.872022636,4.068884037,60,8.862823461
71.228,-29.75827531,3.780091481,60,-29.75760983,3.77716548,0.871838951,4.068798949,60,8.865664213
71.233,-29.75762235,3.780091481,60,-29.75764122,3.777157412,0.871829767,4.068794694,60,8.865790539
71.428,-29.75892828,3.77970789,60,-29.75916896,3.776841626,0.871471564,4.068628765,60,8.870841078
71.628,-29.76219311,3.77970789,60,-29.76211149,3.776510936,0.871104149,4.068458568,60,8.876634541
71.728,-29.76349904,3.779516095,60,-29.76387572,3.776344215,0.870920427,4.068373463,60,8.879659645
71.733,-29.76415201,3.779516095,60,-29.76397869,3.7763358,0.870911241,4.068369208,60,8.879817648
71.928,-29.76741684,3.7793243,60,-29.76707989,3.776013072,0.870552951,4.068203237,60,8.885545279
72.128,-29.76806981,3.778748914,60,-29.76815143,3.775694805,0.870185448,4.068033,60,8.890411166
72.228,-29.76872277,3.778748914,60,-29.76918267,3.775531849,0.870001691,4.067946452,60,8.893067842
72.231,-29.76872277,3.778748914,60,-29.76922986,3.77552683,0.869996178,4.067943813,60,8.893155139
72.428,-29.7739465,3.778173529,60,-29.77344683,3.775186775,0.869634144,4.067766047,60,8.899414393
72.628,-29.77525243,3.777981734,60,-29.77557892,3.774852908,0.869266557,4.067584143,60,8.904750758
72.728,-29.77721133,3.777789938,60,-29.77677187,3.774685596,0.869082754,4.067493185,60,8.907468312
72.733,-29.77655836,3.777789938,60,-29.77682587,3.774677268,0.869073563,4.067488637,60,8.907601404
72.928,-29.77982319,3.777214553,60,-29.77964949,3.774348775,0.868715122,4.067311258,60,8.913116236
73.128,-29.78178209,3.777214553,60,-29.78170047,3.774017343,0.868347458,4.067129316,60,8.918356573
73.228,-29.78243506,3.776830962,60,-29.78282429,3.773851382,0.868163617,4.06703834,60,8.921013588
73.233,-29.78308802,3.776830962,60,-29.78289587,3.773843002,0.868154425,4.067033791,60,8.921153479
73.428,-29.78504692,3.776447372,60,-29.78528551,3.773518798,0.867795913,4.066856377,60,8.926411593
73.628,-29.78896472,3.776063782,60,-29.78863824,3.773181786,0.867428172,4.066674397,60,8.932209112
73.728,-29.78961769,3.776063782,60,-29.78975114,3.77301665,0.867244288,4.0665834,60,8.934838646
73.731,-29.78896472,3.776063782,60,-29.78977873,3.77301173,0.867238772,4.06658067,60,8.934914748
73.928,-29.79418845,3.775680191,60,-29.7937704,3.772676656,0.86687649,4.066401391,60,8.94092566
74.128,-29.79614735,3.775296601,60,-29.79590248,3.772347683,0.866508651,4.066219361,60,8.946118327
74.228,-29.79614735,3.775296601,60,-29.79619761,3.772187822,0.866324724,4.066128343,60,8.948345472
74.233,-29.79549438,3.775104806,60,-29.79620264,3.772179889,0.866315528,4.066123792,60,8.948452107
74.428,-29.79875921,3.77491301,60,-29.79915685,3.771855327,0.865956856,4.065946299,60,8.953892195
74.628,-29.80528887,3.77452942,60,-29.8046359,3.771508799,0.86558893,4.065764227,60,8.960614778
74.728,-29.80594184,3.774337625,60,-29.80826456,3.771330479,0.86540494,4.065673177,60,8.964394365
74.733,-29.81181853,3.775296601,60,-29.80852951,3.771321092,0.86539574,4.065668624,60,8.964622495
74.928,-29.80790074,3.77414583,60,-29.80864788,3.771011272,0.865036925,4.065490757,60,8.968755008
75.128,-29.80985963,3.773570444,60,-29.8101045,3.770673676,0.864668911,4.065305296,60,8.973827386
75.228,-29.81181853,3.773570444,60,-29.81148459,3.770499923,0.864484894,4.065212206,60,8.976688959
75.231,-29.81181853,3.773570444,60,-29.81152332,3.770494728,0.864479373,4.065209413,60,8.97677348
75.428,-29.81312446,3.773186854,60,-29.81344846,3.77015742,0.864116839,4.065026013,60,8.982023166
75.628,-29.81704226,3.772803263,60,-29.81638929,3.769810061,0.863748752,4.064839805,60,8.987797109
75.728,-29.81638929,3.772611468,60,-29.81710501,3.769640852,0.863564698,4.064746696,60,8.99032324
75.733,-29.81704226,3.772611468,60,-29.81714394,3.769632379,0.863555496,4.06474204,60,8.990450856
75.928,-29.81900116,3.772227878,60,-29.81923974,3.769299036,0.863196574,4.064560469,60,8.99568927
76.128,-29.82291895,3.771844287,60,-29.82275571,3.768949947,0.862828414,4.064374223,60,9.001689374
76.228,-29.82422489,3.771844287,60,-29.82445088,3.768775877,0.862644317,4.064281092,60,9.00465641
76.233,-29.82487785,3.771844287,60,-29.82453878,3.768767158,0.862635112,4.064276436,60,9.004806166
76.428,-29.82683675,3.771268902,60,-29.82715696,3.768431892,0.862276097,4.064094817,60,9.010260308
76.628,-29.83140751,3.771077107,60,-29.83067293,3.768083721,0.861907838,4.063908521,60,9.01623423
76.728,-29.83075455,3.770693516,60,-29.8309808,3.767917952,0.861723697,4.063815368,60,9.018534924
76.731,-29.83010158,3.770693516,60,-29.83097479,3.767913068,0.861718173,4.063812573,60,9.018596689
76.928,-29.83336641,3.770693516,60,-29.83327858,3.767577491,0.861355402,4.063629054,60,9.023911285
77.128,-29.83597828,3.770309926,60,-29.83565179,3.767237011,0.860987074,4.063442724,60,9.02931123
77.228,-29.83597828,3.770118131,60,-29.83664472,3.767068044,0.8608029,4.063349554,60,9.031914725
77.234,-29.83597828,3.770118131,60,-29.8367247,3.767057795,0.860791849,4.063343963,60,9.032080407
77.428,-29.84185497,3.76973454,60,-29.84093442,3.766717337,0.86043452,4.063163197,60,9.038200726
77.628,-29.84054904,3.769542745,60,-29.84169173,3.766383602,0.860066109,4.062975353,60,9.04287089
77.728,-29.84446683,3.769159155,60,-29.84388879,3.766182289,0.859881894,4.062870263,60,9.046484133
77.733,-29.8451198,3.769159155,60,-29.84402687,3.766171085,0.859872683,4.06286456,60,9.046695251
77.929,-29.84577277,3.768967359,60,-29.84601751,3.765751369,0.859511593,4.062641007,60,9.053352597
78.128,-29.84838463,3.768583769,60,-29.84887271,3.765321272,0.85914495,4.06241402,60,9.060483511
78.228,-29.85164946,3.768200179,60,-29.85162706,3.765097851,0.85896069,4.062299944,60,9.064685409
78.231,-29.85230243,3.768200179,60,-29.85172366,3.765091069,0.858955161,4.062296521,60,9.064818055
78.428,-29.85622022,3.768008383,60,-29.85580466,3.764658522,0.858592122,4.062071762,60,9.072461344
78.628,-29.85687319,3.767624793,60,-29.85728129,3.764234905,0.858223523,4.061843562,60,9.078947931
78.728,-29.85883209,3.767432998,60,-29.85932182,3.764016012,0.858039212,4.061729455,60,9.082799029
78.733,-29.85883209,3.767432998,60,-29.85946875,3.764004817,0.858029996,4.061723749,60,9.083012735
78.928,-29.86732065,3.767049407,60,-29.86549778,3.763566344,0.857670537,4.061501208,60,9.091494142
79.128,-29.86144395,3.767049407,60,-29.86299475,3.763166091,0.857301842,4.061272948,60,9.096071697
79.228,-29.86470878,3.766665817,60,-29.86434463,3.762951815,0.857117498,4.06115882,60,9.099575562
79.233,-29.86470878,3.766665817,60,-29.86447146,3.762940771,0.857108281,4.061153114,60,9.099778708
79.428,-29.86862658,3.766282227,60,-29.86861402,3.762514585,0.856748775,4.060930544,60,9.107321251
79.628,-29.87254438,3.765898636,60,-29.87156493,3.762084933,0.856380006,4.060702238,60,9.114439034
79.728,-29.87058548,3.765898636,60,-29.87179111,3.761877342,0.856195613,4.06058808,60,9.11740087
79.731,-29.87123844,3.765898636,60,-29.87180469,3.761871079,0.856190081,4.060584655,60,9.117492841
79.928,-29.87450327,3.765323251,60,-29.87433382,3.761450855,0.855826811,4.060359754,60,9.124300561
80.128,-29.87646217,3.76493966,60,-29.87736,3.761021997,0.855457975,4.060131408,60,9.131419249
80.228,-29.88103293,3.76493966,60,-29.87996559,3.760801451,0.855273539,4.060017223,60,9.135495553
80.233,-29.88103293,3.764747865,60,-29.88008738,3.760790471,0.855264317,4.060011513,60,9.135695401
80.428,-29.8816859,3.764364275,60,-29.88201029,3.760359412,0.854904636,4.059781873,60,9.142509847
80.628,-29.88495073,3.76417248,60,-29.88519559,3.759857379,0.854535704,4.059526536,60,9.151096011
80.728,-29.88756259,3.763980684,60,-29.290741,3.762960231,0.854351264,4.059398885,60,8.874732009
80.733,-11.68678658,3.869468041,60,-11.73238592,3.861769968,0.854344849,4.059394445,60,2.39613899
80.928,-11.32896118,3.881167548,60,-11.37040336,3.867107442,0.854206336,4.05929858,60,2.259768805
81.128,-11.30414847,3.885195247,60,-11.30493927,3.870749388,0.854066495,4.059201796,60,2.204487343
81.228,-11.29500694,3.887113199,60,-11.29623072,3.872380839,0.853996738,4.059153518,60,2.183829731
81.231,-11.29500694,3.887113199,60,-11.29604563,3.872428711,0.853994647,4.05915207,60,2.183237392
81.428,-11.28651838,3.889798332,60,-11.28677128,3.875490758,0.853857341,4.059057041,60,2.145844181
81.628,-11.27998872,3.892099874,60,-11.27998872,3.878445743,0.853718041,4.058960632,60,2.110168864
81.728,-11.27672389,3.89305885,60,-11.2769952,3.8798704,0.853648421,4.058912447,60,2.093016407
81.733,-11.27672389,3.89305885,60,-11.2768649,3.879940551,0.85364494,4.058910039,60,2.092174846
81.928,-11.27215313,3.894785007,60,-11.27216732,3.882615594,0.853509229,4.058816113,60,2.060124011
82.128,-11.26758237,3.896511164,60,-11.26734513,3.885235372,0.853370095,4.058719819,60,2.028673889
82.228,-11.26431754,3.897086549,60,-11.26466306,3.886501557,0.853300552,4.058671688,60,2.013402524
82.233,-11.26431754,3.897086549,60,-11.26454177,3.886563926,0.853297075,4.058669282,60,2.012652059
82.428,-11.26039974,3.898812706,60,-11.26049295,3.888940056,0.853161509,4.058575456,60,1.984148549
82.629,-11.25713491,3.899963477,60,-11.25688762,3.891274538,0.853021817,4.058478776,60,1.956180101
82.728,-11.25452305,3.900730658,60,-11.25470494,3.892386656,0.852953032,4.05843117,60,1.942765233
82.731,-11.25452305,3.900730658,60,-11.25463904,3.892419894,0.852950948,4.058429727,60,1.942364078
82.928,-11.25060525,3.901689634,60,-11.2509288,3.894552194,0.85281411,4.058335022,60,1.916701032
83.128,-11.24929932,3.90264861,60,-11.248983,3.896607234,0.852675221,4.058238897,60,1.89220484
83.228,-11.24734042,3.903223995,60,-11.24736962,3.897602172,0.852605788,4.058190842,60,1.880219562
83.233,-11.24734042,3.903223995,60,-11.24727522,3.897651303,0.852602317,4.05818844,60,1.879625044
83.428,-11.24342262,3.904374766,60,-11.24359295,3.899525666,0.852466955,4.058094756,60,1.856914871
83.628,-11.24081076,3.905141947,60,-11.24112708,3.901352484,0.852328162,4.057998698,60,1.834925822
83.728,-11.24081076,3.905717333,60,-11.24043969,3.902230486,0.852258775,4.057950675,60,1.824421602
83.733,-11.24081076,3.905717333,60,-11.24039464,3.902273824,0.852255305,4.057948274,60,1.823900984
83.928,-11.23754593,3.906484514,60,-11.23771423,3.903931897,0.85212002,4.057854643,60,1.803814062
84.128,-11.23558703,3.90744349,60,-11.23550795,3.905550598,0.851981296,4.057758632,60,1.784227896
84.228,-11.2342811,3.90782708,60,-11.23436885,3.906331322,0.851911945,4.057710634,60,1.774753724
84.231,-11.2342811,3.90782708,60,-11.23433607,3.906354404,0.851909865,4.057709194,60,1.774473576
84.428,-11.2323222,3.908402466,60,-11.23232581,3.907835927,0.851773262,4.057614652,60,1.756486438
84.628,-11.2303633,3.909361442,60,-11.23028422,3.909269227,0.851634604,4.057518686,60,1.73902686
84.728,-11.22905737,3.909553237,60,-11.22888217,3.909962317,0.851565285,4.057470711,60,1.73050533
84.733,-11.2284044,3.909553237,60,-11.2287956,3.909996571,0.85156182,4.057468313,60,1.730081264
84.928,-11.22644551,3.910320417,60,-11.22645159,3.911296936,0.851426673,4.057374778,60,1.714104549
85.128,-11.22448661,3.910895803,60,-11.22456569,3.912564867,0.851288087,4.057278863,60,1.698541576
85.228,-11.22383364,3.911279393,60,-11.22384338,3.913174593,0.851218802,4.05723091,60,1.691067435
85.233,-11.22383364,3.911279393,60,-11.22381191,3.913204611,0.851215338,4.057228513,60,1.690699708
85.428,-11.22252771,3.912046574,60,-11.22245268,3.914349414,0.851080244,4.057135015,60,1.676630994
85.628,-11.22056881,3.912430165,60,-11.22048973,3.915470624,0.850941707,4.057039133,60,1.662715174
85.728,-11.21926288,3.912813755,60,-11.21935063,3.916011634,0.850872448,4.056991199,60,1.655955662
85.731,-11.21926288,3.912813755,60,-11.21931785,3.916027621,0.850870371,4.056989762,60,1.655755843
85.928,-11.21730398,3.913389141,60,-11.21746575,3.917051981,0.85073395,4.056895345,60,1.642965787
86.128,-11.21665101,3.913964526,60,-11.21641377,3.918036829,0.850595469,4.056799502,60,1.630723741
86.228,-11.21534508,3.914156321,60,-11.21558719,3.918512606,0.850526235,4.056751585,60,1.624746927
86.233,-11.21534508,3.914156321,60,-11.21555129,3.918536012,0.850522773,4.056749189,60,1.624453215
86.428,-11.21469212,3.914539912,60,-11.21453598,3.919425428,0.850387777,4.056655759,60,1.613316768
86.628,-11.21273322,3.915115297,60,-11.2128123,3.920296717,0.850249337,4.056559944,60,1.602258693
86.728,-11.21208025,3.915307093,60,-11.2121642,3.920714804,0.850180124,4.056512042,60,1.59695815
86.733,-11.21208025,3.915307093,60,-11.21214174,3.920735338,0.850176663,4.056509647,60,1.596698708
86.928,-11.21142729,3.915690683,60,-11.21127233,3.921517115,0.850041707,4.056416244,60,1.586795567
87.129,-11.20946839,3.916457864,60,-11.20954521,3.922284388,0.849902615,4.056317015,60,1.576825802
87.228,-11.20881542,3.916457864,60,-11.2088228,3.922646539,0.849834114,4.056267521,60,1.572094276
87.231,-11.20881542,3.916457864,60,-11.20880355,3.922657331,0.849832038,4.056266022,60,1.571953315
87.428,-11.20750949,3.916649659,60,-11.2075119,3.923349317,0.849695742,4.056167543,60,1.562881512
87.628,-11.20620356,3.917225044,60,-11.20636172,3.924015115,0.849557385,4.056067576,60,1.554107659
87.728,-11.20620356,3.91741684,60,-11.20605513,3.924333442,0.849488211,4.056017596,60,1.549921878
87.733,-11.20620356,3.91741684,60,-11.20603711,3.924349123,0.849484752,4.056015097,60,1.549714865
87.928,-11.20489763,3.917992225,60,-11.20498076,3.92494757,0.849349871,4.055917641,60,1.541740028
88.128,-11.20424466,3.91818402,60,-11.20416558,3.925527972,0.849211543,4.055817695,60,1.533973144
88.228,-11.20359169,3.918375816,60,-11.20360143,3.92580741,0.849142383,4.055767725,60,1.530189377
88.233,-11.20359169,3.918375816,60,-11.20356996,3.925821177,0.849138925,4.055765227,60,1.530002051
88.428,-11.20228576,3.918759406,60,-11.20244798,3.926344035,0.849004074,4.055667793,60,1.522868865
88.628,-11.20228576,3.918951201,60,-11.20196944,3.926847991,0.848865775,4.055567868,60,1.516007185
88.728,-11.20097983,3.919142996,60,-11.20121996,3.927092456,0.848796629,4.055517908,60,1.512591862
88.731,-11.20097983,3.919142996,60,-11.20119828,3.927099666,0.848794555,4.055516409,60,1.512490908
88.928,-11.20032686,3.919334792,60,-11.20040715,3.927557505,0.848658349,4.055417996,60,1.506122336
89.128,-11.20032686,3.919718382,60,-11.20001054,3.927994383,0.848520074,4.055318089,60,1.500025053
89.228,-11.19902093,3.919910177,60,-11.19918883,3.928207071,0.848450941,4.055268138,60,1.496957702
89.233,-11.19902093,3.919910177,60,-11.19914391,3.92821755,0.848447484,4.05526564,60,1.496805582
89.428,-11.197715,3.920101972,60,-11.19779813,3.928613235,0.848312688,4.055168246,60,1.491073172
89.628,-11.19706203,3.920485563,60,-11.19698295,3.928993203,0.848174449,4.055068364,60,1.485559784
89.728,-11.19640907,3.920485563,60,-11.19649301,3.92917536,0.848105333,4.055018426,60,1.482880164
89.733,-11.19640907,3.920485563,60,-11.19647056,3.929184298,0.848101877,4.055015929,60,1.482748373
89.928,-11.1957561,3.920869153,60,-11.19583721,3.929521854,0.847967109,4.054918555,60,1.477763947
90.128,-11.1957561,3.921060948,60,-11.19559794,3.929845376,0.84782889,4.054818688,60,1.472960338
90.228,-11.19510313,3.921252744,60,-11.19510892,3.9300018,0.847759783,4.054768756,60,1.470569861
90.231,-11.19510313,3.921252744,60,-11.19508975,3.930006434,0.84775771,4.054767258,60,1.470498229
90.428,-11.1937972,3.921444539,60,-11.19387869,3.930301873,0.84762158,4.0546689,60,1.465899626
90.628,-11.19314424,3.921828129,60,-11.19322332,3.930580396,0.847483388,4.054569053,60,1.461546667
90.728,-11.19314424,3.922019924,60,-11.19314424,3.930711601,0.847414295,4.05451913,60,1.459492999
90.733,-11.19314424,3.921828129,60,-11.19314424,3.93071801,0.84741084,4.054516634,60,1.459392516
90.928,-11.19314424,3.922019924,60,-11.19306516,3.930960707,0.847276108,4.054419286,60,1.455544944
91.128,-11.19249127,3.92221172,60,-11.19241219,3.931196623,0.847137925,4.054319446,60,1.451670219
91.228,-11.1918383,3.92221172,60,-11.19192225,3.931309608,0.847068838,4.054269528,60,1.449767536
91.233,-11.1918383,3.92221172,60,-11.1918998,3.931315132,0.847065384,4.054267032,60,1.449674069
91.428,-11.19118534,3.92259531,60,-11.19118737,3.931522822,0.846930671,4.054169698,60,1.446137094
91.628,-11.19053237,3.922787105,60,-11.19061145,3.931720503,0.846792512,4.054069874,60,1.442701513
91.728,-11.19053237,3.9229789,60,-11.19038076,3.931813724,0.846723435,4.054019964,60,1.441054121
91.731,-11.19053237,3.9229789,60,-11.19036972,3.931816483,0.846721362,4.054018467,60,1.441004588
91.929,-11.18922644,3.9229789,60,-11.18946732,3.931993415,0.846584597,4.053919649,60,1.43777137
92.128,-11.18987941,3.923170695,60,-11.18948361,3.932153036,0.846447146,4.053820337,60,1.43484429
92.228,-11.18857347,3.923362491,60,-11.18896301,3.932231531,0.846378076,4.053770432,60,1.433324898
92.234,-11.18857347,3.923362491,60,-11.18894141,3.932236078,0.846373932,4.053767438,60,1.433236809
92.428,-11.18922644,3.923554286,60,-11.18898675,3.932373341,0.846239941,4.053670626,60,1.430592709
92.628,-11.18792051,3.923554286,60,-11.18807867,3.932508731,0.846101811,4.053570822,60,1.427813358
92.728,-11.18792051,3.923554286,60,-11.18799472,3.932570114,0.846032749,4.053520923,60,1.426541671
92.733,-11.18792051,3.923554286,60,-11.18800373,3.932573026,0.846029296,4.053518428,60,1.426481526
92.928,-11.18857347,3.923746081,60,-11.18833421,3.932681745,0.845894623,4.053421123,60,1.424187519
93.128,-11.18726754,3.923937876,60,-11.18726754,3.932790904,0.845756501,4.053321326,60,1.421682224
93.228,-11.18661458,3.923937876,60,-11.18684893,3.932841107,0.845687445,4.053271431,60,1.420493296
93.231,-11.18661458,3.923937876,60,-11.18684641,3.932842513,0.845685374,4.053269934,60,1.420460028
93.428,-11.18726754,3.924129671,60,-11.18718726,3.932927497,0.845549335,4.053171642,60,1.418421542
93.629,-11.18726754,3.924129671,60,-11.18710669,3.933007163,0.84541053,4.053071352,60,1.416366111
93.728,-11.18661458,3.924321467,60,-11.18670012,3.933045156,0.845342166,4.053021956,60,1.415321282
93.733,-11.18661458,3.924321467,60,-11.18667753,3.933047023,0.845338713,4.053019462,60,1.415268836
93.928,-11.18596161,3.924513262,60,-11.18604272,3.933114554,0.845204063,4.052922173,60,1.413313754
94.128,-11.18596161,3.924513262,60,-11.18596161,3.933172317,0.845065965,4.052822393,60,1.411509365
94.228,-11.18596161,3.924513262,60,-11.18596161,3.933197406,0.844996915,4.052771147,60,1.410645864
94.233,-11.18596161,3.924513262,60,-11.18596161,3.933198564,0.844993463,4.052768488,60,1.410603125
94.428,-11.18596161,3.924705057,60,-11.18580345,3.933240141,0.844858818,4.052662084,60,1.4089393
94.628,-11.18465568,3.924705057,60,-11.184972,3.933278945,0.844720727,4.052551904,60,1.407184776
94.728,-11.18530864,3.924705057,60,-11.18507528,3.93329273,0.844651684,4.052496815,60,1.406435711
94.732,-11.18530864,3.924705057,60,-11.18507873,3.933293243,0.844648922,4.052494612,60,1.406406084
94.928,-11.18465568,3.924896852,60,-11.18473637,3.933318231,0.844513598,4.052386638,60,1.404892164
95.128,-11.18465568,3.925088647,60,-11.18449752,3.93333656,0.844375516,4.052276465,60,1.403441526
95.228,-11.18400271,3.924896852,60,-11.18416087,3.933344585,0.844306477,4.05222138,60,1.402701739
95.233,-11.18400271,3.924896852,60,-11.18414743,3.933344921,0.844303025,4.052218625,60,1.402665899
95.428,-11.18400271,3.925088647,60,-11.18400271,3.933353117,0.844168402,4.052111212,60,1.40137095
95.628,-11.18400271,3.925088647,60,-11.18400271,3.93335479,0.844030328,4.052001045,60,1.400136714
95.728,-11.18400271,3.925088647,60,-11.1839285,3.933353899,0.843961291,4.051945961,60,1.399529634
95.733,-11.18400271,3.925280443,60,-11.18391949,3.933353844,0.843957839,4.051943207,60,1.399498739
95.928,-11.18334975,3.925088647,60,-11.18350993,3.933349562,0.843823221,4.051835797,60,1.398310323
96.128,-11.18400271,3.925280443,60,-11.18376547,3.933336058,0.843685151,4.051725633,60,1.397277832
96.228,-11.18334975,3.925280443,60,-11.18285363,3.933333345,0.843616118,4.051670553,60,1.396586603
96.231,-11.18139085,3.925280443,60,-11.1827979,3.933333405,0.843614047,4.051668901,60,1.396560741
96.428,-11.18269678,3.925472238,60,-11.18261529,3.933315361,0.843478064,4.051560402,60,1.39554277
96.628,-11.18334975,3.925280443,60,-11.1831125,3.933288288,0.843340003,4.051450245,60,1.39469224
96.728,-11.18269678,3.925472238,60,-11.18285494,3.933275911,0.843270972,4.051395166,60,1.394190891
96.733,-11.18269678,3.925472238,60,-11.1828415,3.933275263,0.843267521,4.051392412,60,1.39416608
96.928,-11.18269678,3.925472238,60,-11.18269678,3.933245853,0.843132914,4.051285012,60,1.393292052
97.129,-11.18269678,3.925472238,60,-11.18269678,3.93321045,0.842994166,4.051174306,60,1.392466645
97.228,-11.18269678,3.925472238,60,-11.18269678,3.933191488,0.842925827,4.05111978,60,1.392077142
97.233,-11.18269678,3.925472238,60,-11.18269678,3.933190501,0.842922375,4.051117026,60,1.392057798
97.428,-11.18269678,3.925664033,60,-11.18261809,3.933150676,0.842787769,4.051009626,60,1.391308508
97.629,-11.18204381,3.925664033,60,-11.18212304,3.933108256,0.842649025,4.050898924,60,1.390500039
97.728,-11.18204381,3.925664033,60,-11.18204381,3.933085092,0.84258069,4.050844401,60,1.39014774
97.732,-11.18204381,3.925855828,60,-11.18204381,3.933084117,0.842577929,4.050842198,60,1.390134341
97.928,-11.18204381,3.925664033,60,-11.18204381,3.933034741,0.84244264,4.050734253,60,1.389495661
98.129,-11.18204381,3.925664033,60,-11.18204381,3.932980701,0.8423039,4.050623554,60,1.388878772
98.228,-11.18204381,3.925855828,60,-11.1819696,3.932953292,0.842235565,4.050569031,60,1.388574565
98.233,-11.18204381,3.925855828,60,-11.18196059,3.932951915,0.842232114,4.050566277,60,1.388558472
98.428,-11.18139085,3.925855828,60,-11.18155104,3.932897144,0.842097519,4.050458886,60,1.387935415
98.628,-11.18204381,3.925855828,60,-11.18180657,3.932834105,0.841959473,4.050348741,60,1.38745697
98.728,-11.18139085,3.925855828,60,-11.18154901,3.932803685,0.841890451,4.050293669,60,1.387157657
98.733,-11.18139085,3.926047623,60,-11.18153556,3.932802147,0.841887,4.050290915,60,1.387142815
98.929,-11.18139085,3.925664033,60,-11.18147047,3.93273794,0.841751718,4.050182976,60,1.386662001
99.129,-11.18204381,3.925855828,60,-11.18196419,3.932666466,0.841613672,4.050072832,60,1.386307395
99.228,-11.18204381,3.925855828,60,-11.18204381,3.932631025,0.841545338,4.050018309,60,1.386112097
99.231,-11.18204381,3.925855828,60,-11.18204381,3.932629953,0.841543267,4.050016656,60,1.386105853
99.428,-11.18204381,3.925855828,60,-11.18204381,3.932558446,0.841407288,4.049908161,60,1.385708583
99.628,-11.18204381,3.925855828,60,-11.18204381,3.932483433,0.841269238,4.049798013,60,1.385332291
99.728,-11.18204381,3.925855828,60,-11.18204381,3.932445046,0.841200213,4.049742939,60,1.38515398
99.733,-11.18204381,3.925855828,60,-11.18204381,3.93244311,0.841196762,4.049740185,60,1.385145254
99.928,-11.18204381,3.925855828,60,-11.18204381,3.932366579,0.841062163,4.049632791,60,1.384816308
100.128,-11.18204381,3.925855828,60,-11.18188565,3.932286847,0.840924113,4.049522643,60,1.384473198
100.228,-11.18139085,3.925855828,60,-11.18162322,3.932247268,0.84085509,4.049467571,60,1.384275753
100.233,-11.18139085,3.925855828,60,-11.18161879,3.932245225,0.840851639,4.049464817,60,1.384267674
100.428,-11.18204381,3.925855828,60,-11.18196271,3.932161658,0.840717044,4.049357426,60,1.384060006
100.628,-11.18204381,3.925855828,60,-11.18172749,3.932077342,0.840578995,4.049247278,60,1.383758636
100.728,-11.18073788,3.925855828,60,-11.18120581,3.932036841,0.840509974,4.049192207,60,1.383539476
100.731,-11.18073788,3.925855828,60,-11.18120073,3.932035558,0.840507903,4.049190555,60,1.383534966
100.929,-11.18204381,3.925664033,60,-11.18188296,3.931944205,0.840371241,4.049081515,60,1.383438001
101.128,-11.18204381,3.925855828,60,-11.18188565,3.931854466,0.840233882,4.048971918,60,1.383232794
101.228,-11.18139085,3.925664033,60,-11.18154901,3.931810702,0.840164859,4.048916846,60,1.383072997
101.233,-11.18139085,3.925664033,60,-11.18153556,3.931808484,0.840161408,4.048914092,60,1.383065767
101.428,-11.18139085,3.925664033,60,-11.18139085,3.931718858,0.840026817,4.048806226,60,1.382860831
101.628,-11.18139085,3.925855828,60,-11.18154901,3.931619744,0.839888775,4.048687191,60,1.38268821
101.728,-11.18204381,3.925855828,60,-11.18169098,3.931568635,0.839819752,4.048626303,60,1.382613871
101.733,-11.18139085,3.925855828,60,-11.18168079,3.931566168,0.839816301,4.048623259,60,1.382607028
101.928,-11.18204381,3.925664033,60,-11.18196271,3.931465436,0.839681706,4.048504527,60,1.382474631
102.128,-11.18204381,3.925664033,60,-11.18204381,3.931361963,0.839543656,4.048382747,60,1.382314847
102.228,-11.18204381,3.925855828,60,-11.18204381,3.931309984,0.839474631,4.048321858,60,1.382232652
102.231,-11.18204381,3.925855828,60,-11.18204381,3.931308419,0.83947256,4.048320031,60,1.382230247
102.428,-11.18204381,3.925664033,60,-11.18212289,3.931204661,0.839336581,4.048200078,60,1.3820933
102.628,-11.18269678,3.925664033,60,-11.1826177,3.931095729,0.839198527,4.048078295,60,1.38204564
102.728,-11.18269678,3.925664033,60,-11.18269678,3.931041774,0.839129498,4.048017402,60,1.381995279
102.733,-11.18269678,3.925664033,60,-11.18269678,3.93103909,0.839126047,4.048014357,60,1.381992111
102.929,-11.18269678,3.925472238,60,-11.18269678,3.930933407,0.83899075,4.047895007,60,1.381873464
103.128,-11.18269678,3.925664033,60,-11.18285494,3.930824173,0.838853382,4.047773829,60,1.381794156
103.228,-11.18334975,3.925472238,60,-11.18311737,3.930767836,0.838784351,4.047712934,60,1.381793067
103.233,-11.18334975,3.925472238,60,-11.1831218,3.930765061,0.838780899,4.047709889,60,1.381791472
103.428,-11.18269678,3.925472238,60,-11.18269881,3.930659834,0.83864629,4.047591144,60,1.381622058
103.628,-11.18204381,3.925472238,60,-11.18228105,3.930551015,0.838508235,4.047469361,60,1.381460365
103.728,-11.18269678,3.925472238,60,-11.18261481,3.930493166,0.838439207,4.047408469,60,1.381485014
103.731,-11.18269678,3.925472238,60,-11.18262843,3.930491405,0.838437137,4.047406642,60,1.381486479
103.928,-11.18334975,3.925280443,60,-11.18326946,3.930376781,0.838301146,4.047286679,60,1.381540347
104.129,-11.18334975,3.925472238,60,-11.18334975,3.930262206,0.83816239,4.047164277,60,1.3814978
104.228,-11.18334975,3.925280443,60,-11.18315507,3.930206825,0.838094048,4.047103989,60,1.381436159
104.233,-11.18269678,3.925280443,60,-11.18313144,3.930204102,0.838090596,4.047100944,60,1.381430514
104.428,-11.18334975,3.925280443,60,-11.18326864,3.930091504,0.837955985,4.046982198,60,1.381412721
104.628,-11.18334975,3.925280443,60,-11.18334975,3.929975583,0.837817919,4.046860405,60,1.381391963
104.728,-11.18334975,3.925280443,60,-11.18334975,3.929917586,0.837748886,4.046799508,60,1.381376987
104.733,-11.18334975,3.925280443,60,-11.18334975,3.929914681,0.837745434,4.046796463,60,1.381376296
104.929,-11.18334975,3.925280443,60,-11.18342977,3.929800031,0.837610129,4.046677105,60,1.381367721
105.128,-11.18400271,3.925088647,60,-11.18408139,3.929679648,0.837472749,4.046555917,60,1.381473936
105.228,-11.18465568,3.925088647,60,-11.18434591,3.929619223,0.837403711,4.046495015,60,1.381518725
105.231,-11.18465568,3.925088647,60,-11.18434293,3.92961747,0.837401639,4.046493188,60,1.381518058
105.429,-11.18334975,3.925280443,60,-11.18367065,3.929504252,0.837264946,4.046372605,60,1.381387187
105.628,-11.18465568,3.925088647,60,-11.18433856,3.929382209,0.837127562,4.046251413,60,1.381513958
105.728,-11.18400271,3.924896852,60,-11.18423471,3.929323151,0.837058523,4.046190511,60,1.381497954
105.733,-11.18400271,3.924896852,60,-11.18423023,3.92932019,0.837055072,4.046187466,60,1.381497328
105.929,-11.18465568,3.924896852,60,-11.18465445,3.929200424,0.836919754,4.046068098,60,1.381588372
106.128,-11.18530864,3.924896852,60,-11.18507101,3.929078283,0.836782359,4.045946896,60,1.381685074
106.228,-11.18465568,3.924705057,60,-11.18481384,3.929019383,0.836713316,4.04588599,60,1.381648328
106.233,-11.18465568,3.924705057,60,-11.18480039,3.929016438,0.836709864,4.045882945,60,1.381646411
106.428,-11.18465568,3.924896852,60,-11.18481384,3.92889833,0.836575233,4.045764182,60,1.381674776
106.628,-11.18596161,3.924705057,60,-11.18580345,3.92877104,0.836437143,4.045642367,60,1.381893193
106.728,-11.18596161,3.924705057,60,-11.18588542,3.928709531,0.836368095,4.045581456,60,1.38192747
106.731,-11.18596161,3.924705057,60,-11.18587987,3.928707729,0.836366023,4.045579629,60,1.381927019
106.928,-11.18530864,3.924513262,60,-11.18546801,3.928589559,0.83623,4.045459637,60,1.381890134
107.128,-11.18596161,3.924513262,60,-11.18572437,3.928465341,0.836091906,4.045337819,60,1.381983577
107.228,-11.18530864,3.924513262,60,-11.18554064,3.928404866,0.836022859,4.04527691,60,1.381973477
107.233,-11.18530864,3.924513262,60,-11.18553616,3.928401813,0.836019407,4.045273864,60,1.381973879
107.429,-11.18596161,3.924321467,60,-11.18596039,3.928278505,0.835884074,4.045154482,60,1.382104411
107.628,-11.18661458,3.924321467,60,-11.1865351,3.92815201,0.835746662,4.045033265,60,1.382269215
107.728,-11.18661458,3.924321467,60,-11.18661458,3.928089479,0.835677609,4.044972351,60,1.382314581
107.733,-11.18661458,3.924321467,60,-11.18661458,3.928086372,0.835674156,4.044969305,60,1.382316134
107.929,-11.18661458,3.924321467,60,-11.1866946,3.927963985,0.835538812,4.044849912,60,1.382393735
108.128,-11.18726754,3.924321467,60,-11.18718806,3.927836994,0.835401392,4.044728689,60,1.382553994
108.228,-11.18726754,3.924129671,60,-11.18719135,3.927774437,0.835332335,4.044667771,60,1.382590196
108.231,-11.18726754,3.924129671,60,-11.1871858,3.927772591,0.835330264,4.044665943,60,1.382590237
108.428,-11.18661458,3.924129671,60,-11.18677394,3.927651577,0.835194225,4.044545938,60,1.382585005
108.628,-11.18726754,3.923937876,60,-11.18734662,3.927522772,0.835056114,4.044424105,60,1.382768711
108.728,-11.18792051,3.923937876,60,-11.18768813,3.927457452,0.834987055,4.044362521,60,1.382864587
108.733,-11.18792051,3.923937876,60,-11.18769257,3.927454223,0.834983602,4.044359394,60,1.382866468
108.928,-11.18726754,3.923937876,60,-11.18734865,3.927330771,0.834848937,4.044236796,60,1.382835407
109.128,-11.18726754,3.923746081,60,-11.18726754,3.927202336,0.834710822,4.044110801,60,1.382852496
109.228,-11.18726754,3.923746081,60,-11.18761064,3.927135856,0.834641764,4.044047803,60,1.382933751
109.233,-11.18792051,3.923746081,60,-11.1876523,3.92713239,0.834638311,4.044044653,60,1.382942434
109.428,-11.18857347,3.923554286,60,-11.18857145,3.927001071,0.834503638,4.043921798,60,1.383150557
109.628,-11.18922644,3.923554286,60,-11.1889892,3.926869116,0.834365505,4.043795785,60,1.383268475
109.728,-11.18857347,3.923554286,60,-11.18880744,3.92680532,0.834296437,4.043732778,60,1.383254734
109.731,-11.18857347,3.923554286,60,-11.1888049,3.92680339,0.834294365,4.043730888,60,1.383254869
109.929,-11.18922644,3.923554286,60,-11.18906599,3.926673438,0.834157612,4.043606134,60,1.383345108
110.128,-11.18857347,3.923362491,60,-11.18881111,3.926545677,0.834020168,4.043480751,60,1.383339984
110.228,-11.18922644,3.923554286,60,-11.18899407,3.926479663,0.8339511,4.043417744,60,1.38339616
110.233,-11.18922644,3.923554286,60,-11.1889985,3.926476388,0.833947647,4.043414593,60,1.3833981
110.428,-11.18857347,3.923362491,60,-11.18865458,3.926351594,0.833812966,4.043291731,60,1.383376986
110.628,-11.18857347,3.923170695,60,-11.18873163,3.926221098,0.833674835,4.04316572,60,1.383436492
110.728,-11.18922644,3.923170695,60,-11.18933716,3.926152534,0.833605767,4.043102713,60,1.383573437
110.733,-11.18987941,3.923170695,60,-11.18938326,3.926149013,0.833602313,4.043099562,60,1.38358328
110.928,-11.18987941,3.9229789,60,-11.18980033,3.926019464,0.833467622,4.04297669,60,1.383709375
111.128,-11.18922644,3.9229789,60,-11.18962184,3.925889998,0.833329479,4.042850668,60,1.383725629
111.228,-11.19053237,3.9229789,60,-11.19002336,3.925822413,0.833260406,4.042787656,60,1.383826355
111.231,-11.18987941,3.9229789,60,-11.19002545,3.925820441,0.833258333,4.042785766,60,1.383827522
111.428,-11.19053237,3.9229789,60,-11.19045209,3.925689242,0.833122255,4.042661628,60,1.383959097
111.629,-11.19053237,3.9229789,60,-11.19053237,3.925557277,0.832983409,4.042534966,60,1.384028169
111.728,-11.19053237,3.922787105,60,-11.1906808,3.925491625,0.832915022,4.04247258,60,1.384082972
111.733,-11.19053237,3.922787105,60,-11.19069882,3.925488248,0.832911568,4.042469429,60,1.384087725
111.928,-11.1918383,3.92259531,60,-11.19159701,3.925355315,0.83277686,4.042346541,60,1.384311047
112.128,-11.19118534,3.92259531,60,-11.19126442,3.925226016,0.832638694,4.042220498,60,1.384306129
112.228,-11.19118534,3.92259531,60,-11.19125917,3.925160452,0.832569612,4.042157478,60,1.384333851
112.233,-11.19118534,3.92259531,60,-11.19126814,3.925157121,0.832566158,4.042154327,60,1.384336973
112.429,-11.1918383,3.922403515,60,-11.19183708,3.925025216,0.832430754,4.042030805,60,1.384500977
112.628,-11.19249127,3.92221172,60,-11.19225363,3.924892049,0.832293271,4.041905386,60,1.384639019
112.728,-11.1918383,3.92221172,60,-11.19214885,3.9248269,0.832224183,4.04184236,60,1.384649714
112.731,-11.1918383,3.92221172,60,-11.19215188,3.924824911,0.83222211,4.04184047,60,1.384651193
112.928,-11.19314424,3.922019924,60,-11.19298367,3.924690546,0.832086004,4.041716306,60,1.38486809
113.128,-11.19314424,3.922019924,60,-11.19298608,3.924558799,0.831947818,4.041590246,60,1.384931829
113.228,-11.19249127,3.922019924,60,-11.19279786,3.924494015,0.831878726,4.041527216,60,1.384928066
113.233,-11.19249127,3.922019924,60,-11.19280244,3.924490697,0.831875271,4.041524065,60,1.384930498
113.428,-11.1937972,3.922019924,60,-11.19363499,3.924357443,0.831740539,4.041401155,60,1.385149119
113.628,-11.1937972,3.921828129,60,-11.19363904,3.924225488,0.831602345,4.041275087,60,1.385215299
113.728,-11.19314424,3.921828129,60,-11.19345082,3.924160609,0.831533249,4.041212054,60,1.385212564
113.733,-11.19314424,3.921828129,60,-11.1934554,3.924157286,0.831529794,4.041208902,60,1.385215048
113.928,-11.19445017,3.921444539,60,-11.19420927,3.924024305,0.831395053,4.041085985,60,1.385420827
114.129,-11.1937972,3.921444539,60,-11.19403729,3.923892569,0.831256163,4.040959283,60,1.385455647
114.228,-11.19445017,3.921444539,60,-11.1943666,3.923825308,0.831187754,4.040896876,60,1.385550647
114.231,-11.19445017,3.921444539,60,-11.1943803,3.923823248,0.831185681,4.040894985,60,1.385554233
114.428,-11.19510313,3.921252744,60,-11.19510154,3.923688907,0.831049548,4.040770797,60,1.38575699
114.629,-11.1957561,3.921252744,60,-11.19567687,3.92355261,0.830910642,4.04064408,60,1.385935245
114.728,-11.1957561,3.921060948,60,-11.1957561,3.923486612,0.830842223,4.040581665,60,1.385985073
114.733,-11.1957561,3.921060948,60,-11.1957561,3.923483301,0.830838768,4.040578513,60,1.38598684
114.928,-11.1957561,3.921060948,60,-11.1957561,3.92335419,0.830704004,4.040455574,60,1.386055749
115.128,-11.1957561,3.921060948,60,-11.1957561,3.923221771,0.830565785,4.040329484,60,1.386126398
115.228,-11.1957561,3.920869153,60,-11.19583031,3.923155135,0.830496675,4.040266438,60,1.386175675
115.233,-11.1957561,3.920869153,60,-11.19583933,3.923151773,0.83049322,4.040263286,60,1.386179137
115.428,-11.19640907,3.920677358,60,-11.19632796,3.923019814,0.830358452,4.040140344,60,1.386340407
115.628,-11.19640907,3.920677358,60,-11.19640907,3.922886809,0.830220225,4.040014246,60,1.386427566
115.728,-11.19640907,3.920677358,60,-11.19648526,3.9228201,0.830151111,4.039951197,60,1.386477869
115.731,-11.19640907,3.920677358,60,-11.19649081,3.92281808,0.830149038,4.039949305,60,1.386479992
115.928,-11.19706203,3.920485563,60,-11.19690306,3.922685052,0.83001288,4.039824943,60,1.386628495
116.129,-11.19640907,3.920485563,60,-11.19664915,3.922552595,0.829873957,4.039696691,60,1.386649785
116.228,-11.19706203,3.920485563,60,-11.19697611,3.922484734,0.829805532,4.039633363,60,1.386744448
116.233,-11.19706203,3.920485563,60,-11.19699865,3.922481272,0.829802076,4.039630164,60,1.386750368
116.429,-11.197715,3.920293768,60,-11.19763375,3.922346955,0.829666602,4.039504781,60,1.386935863
116.628,-11.197715,3.920293768,60,-11.19803132,3.922212005,0.829529049,4.039377474,60,1.387077538
116.728,-11.19902093,3.920101972,60,-11.19870461,3.922141464,0.829459924,4.039313498,60,1.387237917
116.733,-11.19902093,3.920101972,60,-11.1987315,3.922137975,0.829456467,4.039310299,60,1.387244682
116.928,-11.19902093,3.920101972,60,-11.19902093,3.922006216,0.829321665,4.039185537,60,1.387365637
117.128,-11.19902093,3.919910177,60,-11.19902093,3.92187286,0.829183406,4.039057576,60,1.38743297
117.228,-11.19902093,3.919718382,60,-11.19921363,3.921805111,0.829114275,4.038993595,60,1.387502487
117.231,-11.1996739,3.919718382,60,-11.19922766,3.921803031,0.829112201,4.038991676,60,1.387506122
117.428,-11.19902093,3.919718382,60,-11.1991803,3.921672041,0.828976013,4.038865631,60,1.387562481
117.628,-11.1996739,3.919526587,60,-11.19959482,3.921536494,0.828837749,4.038737666,60,1.387705672
117.728,-11.1996739,3.919526587,60,-11.19986857,3.921468338,0.828768615,4.038673682,60,1.387789758
117.733,-11.20032686,3.919526587,60,-11.19989221,3.921464873,0.828765158,4.038670483,60,1.38779583
117.928,-11.1996739,3.919526587,60,-11.19991317,3.921334917,0.828630344,4.03854571,60,1.387863232
118.128,-11.20097983,3.919142996,60,-11.20066351,3.921197488,0.828492068,4.038417735,60,1.388069007
118.228,-11.20032686,3.919334792,60,-11.20055924,3.921131509,0.828422929,4.038353745,60,1.38808182
118.233,-11.20032686,3.919334792,60,-11.2005548,3.921128207,0.828419472,4.038350546,60,1.388082596
118.428,-11.20097983,3.919142996,60,-11.20081964,3.920996934,0.828284649,4.038225765,60,1.388194873
118.628,-11.20032686,3.918951201,60,-11.2005641,3.920865389,0.828146369,4.038097785,60,1.388210054
118.728,-11.20097983,3.918951201,60,-11.20097328,3.920796576,0.828077228,4.038033795,60,1.388318237
118.731,-11.20097983,3.918951201,60,-11.20099239,3.920794472,0.828075154,4.038031875,60,1.388322771
118.929,-11.20228576,3.918759406,60,-11.20220453,3.920655817,0.827938245,4.037905164,60,1.388613674
119.129,-11.20293873,3.918759406,60,-11.20269825,3.920519819,0.827799943,4.037777163,60,1.388771368
119.228,-11.20228576,3.918759406,60,-11.20244552,3.920455365,0.827731482,4.037713802,60,1.388755716
119.233,-11.20228576,3.918567611,60,-11.20243194,3.920452115,0.827728025,4.037710602,60,1.388754756
119.428,-11.20228576,3.918567611,60,-11.20236484,3.920322817,0.827593182,4.037585803,60,1.388803588
119.628,-11.20293873,3.918567611,60,-11.20301781,3.920186105,0.827454878,4.037457801,60,1.388989024
119.728,-11.20359169,3.91818402,60,-11.20347978,3.920116945,0.827385722,4.037393796,60,1.389107521
119.733,-11.20424466,3.91818402,60,-11.20349884,3.920113509,0.827382264,4.037390596,60,1.389112696
119.928,-11.20228576,3.91818402,60,-11.20260777,3.919988943,0.827247411,4.037265788,60,1.389006242
120.129,-11.20293873,3.91818402,60,-11.20302036,3.919853133,0.827108414,4.037137145,60,1.38914465
120.228,-11.20359169,3.91818402,60,-11.20350813,3.919784589,0.82703995,4.03707378,60,1.389266581
120.231,-11.20359169,3.91818402,60,-11.20352182,3.919782518,0.827037875,4.03707186,60,1.389270079
120.428,-11.20424466,3.91780043,60,-11.20432254,3.919647011,0.82690163,4.036945763,60,1.389481605
120.628,-11.20555059,3.91780043,60,-11.20539243,3.919507854,0.826763298,4.036817735,60,1.389745926
120.728,-11.20555059,3.917608635,60,-11.20547676,3.919440816,0.826694129,4.036753718,60,1.389793696
120.733,-11.20555059,3.917608635,60,-11.20546779,3.91943754,0.82669067,4.036750517,60,1.389793601
120.929,-11.20489763,3.917608635,60,-11.20513892,3.919309062,0.826555101,4.036625045,60,1.389793257
121.128,-11.20620356,3.91741684,60,-11.20620276,3.91917066,0.826417451,4.036497649,60,1.390055448
121.228,-11.20685652,3.91741684,60,-11.20662415,3.919101702,0.826348276,4.036433626,60,1.390166495
121.233,-11.20685652,3.91741684,60,-11.20662858,3.919098349,0.826344817,4.036430425,60,1.390168927
121.428,-11.20620356,3.91741684,60,-11.20636375,3.918970115,0.826209924,4.03630558,60,1.390180756
121.628,-11.20685652,3.917225044,60,-11.2069356,3.918833854,0.826071571,4.036177532,60,1.390350686
121.728,-11.20750949,3.917033249,60,-11.20735133,3.918764956,0.826002391,4.036113505,60,1.390460322
121.731,-11.20750949,3.917033249,60,-11.2073594,3.918762914,0.826000316,4.036111585,60,1.390462787
121.928,-11.20750949,3.917033249,60,-11.20758857,3.918630535,0.825864027,4.035985448,60,1.390567984
122.128,-11.20816246,3.916841454,60,-11.20792521,3.918495565,0.825725659,4.035857386,60,1.390694121
122.228,-11.20750949,3.916841454,60,-11.20781608,3.918429685,0.825656475,4.035793355,60,1.390704758
122.233,-11.20750949,3.916841454,60,-11.20782066,3.918426334,0.825653016,4.035790154,60,1.390707163
122.428,-11.20881542,3.916457864,60,-11.20865321,3.918291904,0.825518102,4.035665289,60,1.390924457
122.628,-11.20881542,3.916649659,60,-11.20881542,3.918157926,0.825379722,4.035537217,60,1.391017691
122.728,-11.20881542,3.916457864,60,-11.20888964,3.918090998,0.825310532,4.03547318,60,1.39106276
122.733,-11.20881542,3.916457864,60,-11.20889865,3.918087622,0.825307072,4.035469978,60,1.391066007
122.928,-11.20946839,3.916266069,60,-11.2093082,3.91795561,0.825172147,4.035345104,60,1.391203622
123.128,-11.20881542,3.916266069,60,-11.20905266,3.917823849,0.825033763,4.035216731,60,1.39121657
123.228,-11.20946839,3.916074273,60,-11.20938603,3.917752285,0.82496457,4.035149315,60,1.391305531
123.231,-11.20946839,3.916074273,60,-11.20939962,3.917750009,0.824962494,4.035147178,60,1.39130874
123.429,-11.21012135,3.916074273,60,-11.2099613,3.917601664,0.824825486,4.035006169,60,1.391457668
123.629,-11.20946839,3.915882478,60,-11.20970887,3.917456567,0.824687094,4.034863735,60,1.391453085
123.728,-11.21012135,3.915882478,60,-11.21003543,3.917382202,0.824618589,4.03479323,60,1.391535366
123.733,-11.21012135,3.915882478,60,-11.21005798,3.917378411,0.824615129,4.034789669,60,1.391540664
123.929,-11.21077432,3.915690683,60,-11.2107731,3.917230743,0.824479497,4.034650076,60,1.391716936
124.128,-11.21142729,3.915498888,60,-11.21134781,3.91708163,0.82434178,4.034508338,60,1.391867894
124.228,-11.21142729,3.915498888,60,-11.21123224,3.917009014,0.824272575,4.034437112,60,1.391867584
124.233,-11.21077432,3.915307093,60,-11.21120855,3.917005486,0.824269114,4.03443355,60,1.391864189
124.429,-11.21142729,3.915307093,60,-11.21142606,3.916860717,0.824133473,4.034293948,60,1.391946088
124.628,-11.21208025,3.915307093,60,-11.21215894,3.916710784,0.823995748,4.034152201,60,1.39212579
124.728,-11.21273322,3.914923502,60,-11.21265125,3.916634701,0.823926535,4.034080967,60,1.392239748
124.731,-11.21273322,3.915115297,60,-11.21266486,3.916632425,0.823924459,4.03407883,60,1.392242955
124.928,-11.21338618,3.914923502,60,-11.2133059,3.916484353,0.823788103,4.033938493,60,1.392406231
125.128,-11.21338618,3.914923502,60,-11.21338618,3.916337295,0.823649666,4.033796013,60,1.392464452
125.228,-11.21338618,3.914731707,60,-11.21365507,3.916262482,0.823580447,4.033724773,60,1.392536342
125.233,-11.21403915,3.914731707,60,-11.21368772,3.916258632,0.823576986,4.033721211,60,1.39254355
125.429,-11.21403915,3.914731707,60,-11.21403915,3.916112979,0.823441311,4.033581574,60,1.392651656
125.628,-11.21403915,3.914539912,60,-11.21419731,3.91596629,0.823303558,4.033439798,60,1.3927233
125.728,-11.21469212,3.914348117,60,-11.21453396,3.915891116,0.823234334,4.033368552,60,1.392807614
125.733,-11.21469212,3.914348117,60,-11.2145474,3.915887377,0.823230872,4.03336499,60,1.392811197
125.929,-11.21469212,3.914156321,60,-11.21469212,3.915742975,0.823095189,4.033225344,60,1.392879482
126.128,-11.21469212,3.914156321,60,-11.21485028,3.915596369,0.822957428,4.03308356,60,1.392950118
126.228,-11.21534508,3.914156321,60,-11.21518692,3.915521236,0.822888199,4.03301231,60,1.393033938
126.231,-11.21534508,3.914156321,60,-11.21519499,3.915518993,0.822886122,4.033010172,60,1.393036073
126.428,-11.21534508,3.913964526,60,-11.21550324,3.915372996,0.822749738,4.032869806,60,1.39313446
126.628,-11.21665101,3.913964526,60,-11.21633469,3.91522178,0.822611269,4.032727293,60,1.393332301
126.728,-11.21599805,3.913772731,60,-11.21623042,3.915149128,0.822542033,4.032656035,60,1.393333422
126.733,-11.21599805,3.913772731,60,-11.21622599,3.915145492,0.822538571,4.032652472,60,1.393333611
126.928,-11.21665101,3.913580936,60,-11.21664899,3.915000303,0.822403559,4.032513518,60,1.39345307
127.128,-11.21730398,3.913580936,60,-11.2172249,3.914850543,0.822265078,4.032370993,60,1.393602679
127.228,-11.21730398,3.913389141,60,-11.21737819,3.914776426,0.822195836,4.032299728,60,1.393652179
127.233,-11.21730398,3.913389141,60,-11.21738721,3.914772712,0.822192374,4.032296165,60,1.393654905
127.428,-11.21795695,3.913197345,60,-11.21787584,3.9146271,0.822057347,4.032157195,60,1.39378712
127.628,-11.21795695,3.913197345,60,-11.21795695,3.914480163,0.821918853,4.032014658,60,1.393843451
127.728,-11.21795695,3.913197345,60,-11.21810933,3.91440608,0.821849606,4.031943388,60,1.393892392
127.731,-11.21795695,3.913197345,60,-11.21812043,3.91440382,0.821847529,4.03194125,60,1.393895088
127.928,-11.21926288,3.912813755,60,-11.21910231,3.914253942,0.821711105,4.031800843,60,1.394120331
128.128,-11.21926288,3.912813755,60,-11.21910472,3.9141074,0.821572597,4.03165829,60,1.394162268
128.228,-11.21860991,3.912813755,60,-11.2189165,3.914035257,0.821503344,4.031587014,60,1.394147046
128.233,-11.21860991,3.912813755,60,-11.21892108,3.914031572,0.821499881,4.03158345,60,1.394148902
128.428,-11.21991585,3.91262196,60,-11.21983271,3.913883619,0.821364834,4.031444459,60,1.394359755
128.628,-11.22056881,3.912430165,60,-11.22048973,3.913733348,0.821226312,4.031301893,60,1.394524748
128.728,-11.22056881,3.912238369,60,-11.22064265,3.913659205,0.82115705,4.031230608,60,1.394574269
128.733,-11.22056881,3.912238369,60,-11.22065161,3.91365549,0.821153587,4.031227044,60,1.394576991
128.929,-11.22122178,3.912238369,60,-11.22114053,3.91350909,0.821017828,4.03108732,60,1.394709656
129.128,-11.22122178,3.912046574,60,-11.22122178,3.91336283,0.820879987,4.030945454,60,1.394765971
129.228,-11.22122178,3.912046574,60,-11.22122178,3.913289595,0.82081072,4.030874165,60,1.394786259
129.231,-11.22122178,3.912046574,60,-11.22122178,3.913287398,0.820808642,4.030872026,60,1.394786864
129.428,-11.22122178,3.911854779,60,-11.22130086,3.913142733,0.820672186,4.030731586,60,1.394841057
129.628,-11.22187474,3.911854779,60,-11.22195382,3.912992615,0.820533648,4.030589002,60,1.395003684
129.728,-11.22252771,3.911662984,60,-11.22236955,3.912917017,0.820464376,4.030517706,60,1.395102103
129.733,-11.22252771,3.911662984,60,-11.22238299,3.912913278,0.820460912,4.030514142,60,1.395105651
129.928,-11.22252771,3.911471189,60,-11.22260679,3.912769189,0.820325826,4.030375111,60,1.395187208
130.128,-11.22318068,3.911279393,60,-11.22325976,3.912618997,0.820187272,4.030232511,60,1.395350498
130.228,-11.22383364,3.911087598,60,-11.22374932,3.912542941,0.820117991,4.030161207,60,1.395463162
130.233,-11.22383364,3.911087598,60,-11.22377173,3.912539149,0.820114527,4.030157641,60,1.395468416
130.429,-11.22448661,3.911087598,60,-11.22448538,3.912392143,0.819978729,4.030017687,60,1.395635758
130.628,-11.22513957,3.910895803,60,-11.22490194,3.912247656,0.819840844,4.029874793,60,1.395715203
130.728,-11.22448661,3.910895803,60,-11.22491365,3.912176257,0.819771555,4.029802969,60,1.395717002
130.731,-11.22513957,3.910895803,60,-11.22492518,3.912174052,0.819769476,4.029800814,60,1.39571915
130.928,-11.22513957,3.910895803,60,-11.22513957,3.912032348,0.819632973,4.029659319,60,1.395758323
131.128,-11.22513957,3.910512213,60,-11.22513957,3.911889808,0.819494391,4.029515668,60,1.395756078
131.228,-11.22513957,3.910512213,60,-11.22521341,3.91181815,0.8194251,4.029443842,60,1.395768503
131.233,-11.22513957,3.910512213,60,-11.22522237,3.911814538,0.819421636,4.029440251,60,1.395770111
131.429,-11.22579254,3.910320417,60,-11.22579091,3.911671685,0.819285821,4.029299468,60,1.395874125
131.629,-11.22644551,3.910128622,60,-11.22636588,3.911525907,0.819147227,4.029155805,60,1.39597963
131.728,-11.22644551,3.910320417,60,-11.22598157,3.911457572,0.819078623,4.029084691,60,1.395905778
131.733,-11.22513957,3.909936827,60,-11.22592524,3.911454333,0.819075158,4.0290811,60,1.395895081
131.929,-11.22579254,3.910128622,60,-11.22587134,3.911315197,0.818939341,4.028940315,60,1.395879782
132.128,-11.22709847,3.909936827,60,-11.22693952,3.911167482,0.818801436,4.028797366,60,1.396076457
132.228,-11.22709847,3.909936827,60,-11.22744316,3.911093392,0.818732133,4.028725527,60,1.39616946
132.231,-11.22775144,3.909936827,60,-11.22746827,3.911091112,0.818730054,4.028723372,60,1.396174135
132.429,-11.2284044,3.909745032,60,-11.2284036,3.910944663,0.818592822,4.028581121,60,1.396347818
132.629,-11.22905737,3.909553237,60,-11.22881689,3.910799703,0.818454197,4.028437425,60,1.396423655
132.728,-11.2284044,3.909361442,60,-11.22856416,3.910730577,0.818385577,4.028366295,60,1.396374807
132.733,-11.2284044,3.909361442,60,-11.22855058,3.910727092,0.818382111,4.028362703,60,1.396372164
132.928,-11.2284044,3.909361442,60,-11.22856256,3.910588152,0.818246954,4.028222601,60,1.396370602
133.128,-11.22971034,3.909169646,60,-11.22939401,3.910440974,0.818108324,4.028078901,60,1.396523398
133.228,-11.22905737,3.908977851,60,-11.22963209,3.910368374,0.818039006,4.028007047,60,1.39656646
133.233,-11.22971034,3.908977851,60,-11.22966922,3.910364601,0.81803554,4.028003455,60,1.396573349
133.429,-11.23101627,3.908977851,60,-11.23077375,3.910218593,0.817899667,4.027862612,60,1.396778913
133.628,-11.2303633,3.908786056,60,-11.23060094,3.910077699,0.81776171,4.027719609,60,1.396743805
133.728,-11.23101627,3.908786056,60,-11.23066503,3.910006083,0.817692385,4.027647748,60,1.396754211
133.731,-11.2303633,3.908786056,60,-11.23065903,3.91000398,0.817690305,4.027645592,60,1.396753036
133.929,-11.23101627,3.908594261,60,-11.23093584,3.909861374,0.817553041,4.027503307,60,1.396801224
134.129,-11.23101627,3.908402466,60,-11.23133798,3.909716649,0.817414386,4.02735958,60,1.396872707
134.228,-11.2323222,3.90821067,60,-11.23192885,3.909642763,0.817345748,4.027288431,60,1.39698208
134.233,-11.2323222,3.90821067,60,-11.23194704,3.909639096,0.817342281,4.027284838,60,1.396985437
134.429,-11.23166923,3.908018875,60,-11.23198935,3.909499201,0.817206388,4.027143974,60,1.396989887
134.629,-11.23362813,3.90782708,60,-11.23322841,3.909349624,0.817067714,4.027000227,60,1.397219769
134.728,-11.23297517,3.908018875,60,-11.23328335,3.909278716,0.816999066,4.026929069,60,1.397228882
134.733,-11.23297517,3.908018875,60,-11.23328779,3.909275126,0.816995599,4.026925475,60,1.397229649
134.928,-11.2342811,3.907635285,60,-11.23411888,3.909131346,0.816860379,4.026785309,60,1.397383644
135.128,-11.2342811,3.90744349,60,-11.23443926,3.908986857,0.816721684,4.026641541,60,1.397441882
135.228,-11.23493406,3.90744349,60,-11.2347759,3.908913613,0.816652335,4.026569655,60,1.397504152
135.231,-11.23493406,3.90744349,60,-11.23478397,3.908911427,0.816650254,4.026567498,60,1.39750564
135.429,-11.23493406,3.907251694,60,-11.23485444,3.908769796,0.816512939,4.02642516,60,1.397516653
135.629,-11.2342811,3.90744349,60,-11.23468243,3.908628244,0.816374239,4.026281387,60,1.397480581
135.728,-11.23558703,3.907251694,60,-11.23526751,3.908554383,0.816305581,4.026210217,60,1.397588696
135.733,-11.23558703,3.907251694,60,-11.23529467,3.908550665,0.816302113,4.026206623,60,1.397593721
135.929,-11.23558703,3.907059899,60,-11.23558703,3.908409293,0.816166177,4.026065715,60,1.39764539
136.128,-11.23558703,3.906868104,60,-11.23574519,3.908266605,0.816028159,4.025922649,60,1.397671043
136.228,-11.23624,3.906676309,60,-11.23615567,3.908193027,0.815958802,4.025850754,60,1.397746164
136.233,-11.23624,3.906676309,60,-11.23617808,3.908189337,0.815955334,4.025847159,60,1.397750282
136.429,-11.23689296,3.906676309,60,-11.23673209,3.908046491,0.815819386,4.025706239,60,1.397850921
136.629,-11.23624,3.906484514,60,-11.23680219,3.907903588,0.815680662,4.02556244,60,1.39785985
136.728,-11.23819889,3.906292718,60,-11.23779444,3.907827398,0.815611989,4.025491256,60,1.39804465
136.732,-11.23819889,3.906292718,60,-11.23783431,3.907824318,0.815609214,4.02548838,60,1.398052097
136.929,-11.23885186,3.906292718,60,-11.238691,3.907678871,0.81547255,4.025346716,60,1.398211353
137.128,-11.23819889,3.906100923,60,-11.23827837,3.907539248,0.815334497,4.025203613,60,1.398131133
137.228,-11.23819889,3.906100923,60,-11.23819889,3.907468425,0.815265125,4.025131704,60,1.398114185
137.233,-11.23819889,3.906100923,60,-11.23819889,3.907464863,0.815261656,4.025128109,60,1.398114076
137.428,-11.23819889,3.905909128,60,-11.23835706,3.90732505,0.815126381,4.024987885,60,1.398139175
137.628,-11.23950483,3.905717333,60,-11.23950483,3.907175108,0.814987629,4.024842267,60,1.398349205
137.728,-11.24015779,3.905717333,60,-11.23999963,3.907098481,0.814918248,4.024765452,60,1.398436567
137.733,-11.24015779,3.905717333,60,-11.24001308,3.907094693,0.814914779,4.024761572,60,1.398438784
137.928,-11.24015779,3.905333742,60,-11.24023687,3.906948681,0.814779481,4.024610258,60,1.398468486
138.128,-11.24081076,3.905333742,60,-11.24073168,3.906797458,0.81464071,4.024455059,60,1.398548452
138.228,-11.24081076,3.905141947,60,-11.24088695,3.906722372,0.814571322,4.024377457,60,1.398571022
138.231,-11.24081076,3.905141947,60,-11.2408925,3.906720114,0.81456924,4.024375129,60,1.398571865
138.428,-11.24146373,3.905141947,60,-11.24130436,3.90657161,0.814432543,4.02422225,60,1.398636061
138.628,-11.24081076,3.904950152,60,-11.24120616,3.906423848,0.814293763,4.024067041,60,1.398603179
138.728,-11.24211669,3.904758357,60,-11.24180037,3.906346337,0.814224371,4.023989435,60,1.398707583
138.733,-11.24211669,3.904758357,60,-11.24182726,3.906342477,0.814220901,4.023985554,60,1.39871229
138.929,-11.24211669,3.904758357,60,-11.24219672,3.906195006,0.814084886,4.023833438,60,1.398767857
139.128,-11.24276966,3.904374766,60,-11.24284834,3.906043729,0.813946784,4.023678987,60,1.398876044
139.228,-11.24342262,3.904374766,60,-11.24341289,3.905966341,0.813877382,4.02360137,60,1.398975259
139.233,-11.24342262,3.904374766,60,-11.24344436,3.905962452,0.813873912,4.023597489,60,1.398980839
139.428,-11.24472856,3.904374766,60,-11.24440897,3.905812211,0.813738567,4.023446122,60,1.399149761
139.629,-11.24342262,3.904182971,60,-11.24390279,3.905665898,0.813599057,4.023290097,60,1.399040925
139.728,-11.24472856,3.904182971,60,-11.24440904,3.905589604,0.813530343,4.023213249,60,1.399128944
139.732,-11.24472856,3.904182971,60,-11.24443077,3.905586513,0.813527566,4.023210144,60,1.399132753
139.928,-11.24472856,3.903991176,60,-11.24480764,3.905438961,0.813391519,4.023057992,60,1.399189808
140.128,-11.24538152,3.903799381,60,-11.24530244,3.905287796,0.813252692,4.02290273,60,1.399268438
140.228,-11.24538152,3.903607586,60,-11.24545574,3.905212747,0.813183276,4.022825096,60,1.399290004
140.233,-11.24538152,3.903607586,60,-11.24546475,3.905208988,0.813179805,4.022821215,60,1.39929133
140.428,-11.24603449,3.903607586,60,-11.24603246,3.90506113,0.81304444,4.022669825,60,1.399383803
140.628,-11.24668745,3.903223995,60,-11.24660837,3.904909485,0.812905596,4.022514545,60,1.399477722
140.728,-11.24668745,3.90341579,60,-11.2470788,3.90483262,0.812836171,4.022436902,60,1.399559053
140.734,-11.24799339,3.90341579,60,-11.24713582,3.904827844,0.812832005,4.022432243,60,1.399569348
140.928,-11.24668745,3.903223995,60,-11.24692959,3.904685035,0.812697317,4.02228161,60,1.399517025
141.128,-11.24734042,3.902840405,60,-11.2474195,3.904533969,0.812558464,4.022126321,60,1.399593596
141.228,-11.24799339,3.902840405,60,-11.24791142,3.90445702,0.812489034,4.022048672,60,1.39967851
141.231,-11.24799339,3.902840405,60,-11.24792503,3.904454718,0.812486951,4.022046342,60,1.399680848
141.428,-11.24864635,3.90264861,60,-11.24840791,3.90430582,0.812350167,4.021893365,60,1.399757261
141.628,-11.24734042,3.90264861,60,-11.24797306,3.904159995,0.812211301,4.021738062,60,1.399659586
141.728,-11.24929932,3.902456815,60,-11.248751,3.904081486,0.812141867,4.021660408,60,1.399797642
141.733,-11.24929932,3.902456815,60,-11.24878237,3.904077601,0.812138395,4.021656525,60,1.399803163
141.929,-11.24864635,3.902265019,60,-11.24880722,3.903932127,0.812002298,4.021504316,60,1.399792401
142.129,-11.24929932,3.902073224,60,-11.24954141,3.90377975,0.81186342,4.021348999,60,1.399913867
142.228,-11.25060525,3.901881429,60,-11.25021152,3.903702547,0.811794671,4.021272111,60,1.400032105
142.233,-11.25060525,3.901881429,60,-11.25022967,3.903698735,0.811791199,4.021268228,60,1.400035148
142.428,-11.24995228,3.902073224,60,-11.25011247,3.903554754,0.811655779,4.021116777,60,1.399998062
142.628,-11.25060525,3.901881429,60,-11.25052617,3.903404157,0.811516887,4.020961443,60,1.400059488
142.728,-11.25060525,3.901689634,60,-11.25060525,3.903329584,0.811447439,4.020883774,60,1.400066093
142.731,-11.25060525,3.901689634,60,-11.25060525,3.90332736,0.811445355,4.020881444,60,1.400065841
142.929,-11.25060525,3.901689634,60,-11.2507653,3.903179738,0.811307847,4.020727658,60,1.40007892
143.128,-11.25191118,3.901306043,60,-11.25206855,3.903024892,0.811169636,4.020573086,60,1.400307092
143.228,-11.25321711,3.901114248,60,-11.25282658,3.902946417,0.811100177,4.020495404,60,1.400441991
143.233,-11.25321711,3.901114248,60,-11.25284446,3.902942604,0.811096704,4.02049152,60,1.400444997
143.428,-11.25256415,3.901114248,60,-11.25264526,3.902799001,0.810961253,4.020340035,60,1.400393045
143.628,-11.25256415,3.900922453,60,-11.25272231,3.902650273,0.810822332,4.020184669,60,1.400391179
143.728,-11.25321711,3.901114248,60,-11.25313279,3.902573822,0.810752869,4.020106983,60,1.400459985
143.733,-11.25321711,3.900922453,60,-11.2531552,3.902569988,0.810749396,4.020103099,60,1.400463788
143.929,-11.25387008,3.900730658,60,-11.25386886,3.9024206,0.810613242,4.019950827,60,1.400582115
144.128,-11.25452305,3.900538863,60,-11.25444357,3.902269724,0.810474997,4.019796216,60,1.40067452
144.228,-11.25452305,3.900538863,60,-11.25459924,3.902194653,0.810405524,4.01971852,60,1.400695947
144.231,-11.25452305,3.900347067,60,-11.25460479,3.902192396,0.81040344,4.019716189,60,1.400696752
144.428,-11.25517601,3.900155272,60,-11.25517481,3.902043028,0.810266575,4.019563122,60,1.400788353
144.628,-11.25582898,3.899963477,60,-11.2557499,3.901891371,0.810127619,4.019407716,60,1.400880978
144.728,-11.25582898,3.900155272,60,-11.25590319,3.901816296,0.810058138,4.019330011,60,1.400902065
144.733,-11.25582898,3.899963477,60,-11.2559122,3.901812535,0.810054664,4.019326126,60,1.400903366
144.928,-11.25648194,3.899771682,60,-11.25647952,3.901667959,0.809919173,4.019178304,60,1.400954188
145.129,-11.25713491,3.899771682,60,-11.25689483,3.901522192,0.809779506,4.019028512,60,1.400946486
145.228,-11.25648194,3.899771682,60,-11.25671592,3.901452584,0.809710715,4.018954733,60,1.40087032
145.233,-11.25648194,3.899771682,60,-11.25671135,3.901449045,0.80970724,4.018951007,60,1.400867288
145.428,-11.25713491,3.899579887,60,-11.2570538,3.901308118,0.809571741,4.018805685,60,1.400846794
145.628,-11.25713491,3.899388091,60,-11.25729307,3.901164247,0.809432764,4.018656632,60,1.400804173
145.728,-11.25778788,3.899196296,60,-11.25770552,3.901090675,0.809363273,4.018582104,60,1.400837735
145.731,-11.25778788,3.899196296,60,-11.25771911,3.901088461,0.809361189,4.018579868,60,1.400838975
145.929,-11.25844084,3.899004501,60,-11.25844044,3.900943279,0.80922359,4.018432294,60,1.400887961
146.128,-11.25909381,3.899004501,60,-11.25901433,3.900798181,0.809085288,4.018283966,60,1.400909057
146.228,-11.25909381,3.898812706,60,-11.25909381,3.900726447,0.809015787,4.018209427,60,1.400880367
146.233,-11.25909381,3.898812706,60,-11.25909381,3.900722883,0.809012312,4.0182057,60,1.400878178
146.428,-11.25909381,3.898812706,60,-11.25925197,3.900583047,0.808876786,4.018060348,60,1.400822042
146.628,-11.26039974,3.898620911,60,-11.26024158,3.900434968,0.808737777,4.017911261,60,1.40091989
146.728,-11.26039974,3.898429115,60,-11.26039974,3.900362793,0.808668268,4.017836714,60,1.400905849
146.733,-11.26039974,3.898620911,60,-11.26039974,3.900359229,0.808664793,4.017832987,60,1.400903654
146.928,-11.26039974,3.898429115,60,-11.26047882,3.90021983,0.808529251,4.017687618,60,1.400832513
147.128,-11.26105271,3.89823732,60,-11.26113179,3.900073689,0.808390229,4.017538518,60,1.400866449
147.228,-11.26170567,3.898045525,60,-11.26162332,3.899999669,0.808320714,4.017463964,60,1.400914577
147.231,-11.26170567,3.898045525,60,-11.26163691,3.899997454,0.808318629,4.017461727,60,1.400915809
147.429,-11.26235864,3.89785373,60,-11.26235824,3.899852252,0.808180982,4.017314102,60,1.400964352
147.628,-11.26301161,3.897470139,60,-11.26293213,3.899707131,0.808042632,4.017165722,60,1.400985093
147.728,-11.26301161,3.897661935,60,-11.26289115,3.899636063,0.807973108,4.017091158,60,1.400933631
147.733,-11.26235864,3.897661935,60,-11.26287652,3.899632581,0.807969632,4.017087429,60,1.400928689
147.928,-11.26366457,3.897278344,60,-11.26350236,3.899490093,0.807834057,4.016942027,60,1.40095995
148.128,-11.26366457,3.897278344,60,-11.26382273,3.899345734,0.807695,4.016792888,60,1.400931917
148.228,-11.26431754,3.897086549,60,-11.26415938,3.899272574,0.807625469,4.016718316,60,1.400950906
148.233,-11.26431754,3.897086549,60,-11.26417282,3.899268934,0.807621992,4.016714588,60,1.400951232
148.429,-11.26431754,3.897086549,60,-11.26447759,3.899127535,0.807485708,4.016568423,60,1.400921702
148.628,-11.26562347,3.896894754,60,-11.26546451,3.898980153,0.80734733,4.016420013,60,1.401018997
148.728,-11.26562347,3.896894754,60,-11.26543039,3.898909042,0.80727779,4.016345432,60,1.400968685
148.731,-11.2649705,3.896894754,60,-11.26541632,3.898906982,0.807275704,4.016343195,60,1.400964723
148.929,-11.26562347,3.896511164,60,-11.26562307,3.898764738,0.807138015,4.016195525,60,1.400915212
149.128,-11.26627644,3.896511164,60,-11.26619696,3.898619723,0.806999625,4.016047102,60,1.400934342
149.228,-11.26627644,3.896511164,60,-11.26635065,3.898547606,0.80693008,4.015972515,60,1.400918608
149.233,-11.26627644,3.896511164,60,-11.26635966,3.898543993,0.806926603,4.015968786,60,1.400918062
149.428,-11.2669294,3.896319368,60,-11.26692737,3.898401872,0.806790986,4.015823337,60,1.400937484
149.628,-11.26758237,3.895935778,60,-11.26766145,3.898255223,0.806651884,4.015674151,60,1.400986111
149.728,-11.26823533,3.895935778,60,-11.26800334,3.898182019,0.80658233,4.015599554,60,1.401005949
149.733,-11.26823533,3.895935778,60,-11.26800782,3.898178429,0.806578852,4.015595824,60,1.401004587
149.929,-11.26758237,3.895743983,60,-11.26774324,3.89804023,0.806442524,4.015449613,60,1.400867555
150.129,-11.26823533,3.895552188,60,-11.26847742,3.897893685,0.806303413,4.015300417,60,1.400914978
150.228,-11.26954127,3.895552188,60,-11.26914692,3.897819391,0.806234548,4.01522656,60,1.400996255
150.232,-11.26954127,3.895552188,60,-11.26916138,3.897816459,0.806231766,4.015223576,60,1.400997201
150.429,-11.2688883,3.895360392,60,-11.26904876,3.897676683,0.806094727,4.015076602,60,1.400888121
150.629,-11.26954127,3.895168597,60,-11.2696225,3.897531018,0.8059556,4.01492739,60,1.400905511
150.728,-11.27019423,3.894976802,60,-11.27030336,3.897456667,0.805886728,4.014853525,60,1.400988651
150.733,-11.2708472,3.894976802,60,-11.27034959,3.897452844,0.80588325,4.014849794,60,1.40099508
150.929,-11.2708472,3.894976802,60,-11.2708472,3.897310302,0.805746888,4.014703546,60,1.4010015
151.129,-11.2708472,3.894785007,60,-11.27100805,3.897166853,0.805607741,4.014554312,60,1.400942129
151.228,-11.27150016,3.894593212,60,-11.27141424,3.89709403,0.805538861,4.014480439,60,1.400973843
151.233,-11.27150016,3.894593212,60,-11.27143679,3.89709034,0.805535383,4.014476708,60,1.400975837
151.429,-11.27215313,3.894593212,60,-11.27199226,3.896947511,0.805399008,4.014330447,60,1.400992492
151.629,-11.27150016,3.894209621,60,-11.2719015,3.896805506,0.805259849,4.014181199,60,1.400885354
151.728,-11.2728061,3.894209621,60,-11.27268064,3.89673062,0.805190963,4.014107319,60,1.400986597
151.732,-11.27345906,3.894209621,60,-11.27272122,3.896727542,0.805188179,4.014104334,60,1.400992419
151.929,-11.2728061,3.894017826,60,-11.27288693,3.896586168,0.805051095,4.013957311,60,1.400935666
152.128,-11.2728061,3.893826031,60,-11.27328058,3.896435073,0.804912618,4.013805995,60,1.400984786
152.228,-11.27476499,3.893826031,60,-11.27402163,3.896353994,0.804843028,4.013729128,60,1.401130698
152.233,-11.27411203,3.893826031,60,-11.27402931,3.896350102,0.804839548,4.013725285,60,1.401132514
152.429,-11.27411203,3.893634236,60,-11.27411203,3.896198809,0.804703146,4.01357462,60,1.401162257
152.63,-11.27411203,3.89344244,60,-11.2742755,3.896043327,0.804563263,4.013420112,60,1.401206243
152.728,-11.27476499,3.893634236,60,-11.27467682,3.895965741,0.804495059,4.013344777,60,1.401287701
152.734,-11.27476499,3.893634236,60,-11.27470395,3.895960976,0.804490883,4.013340165,60,1.401293172
152.928,-11.27541796,3.893250645,60,-11.27533643,3.895808255,0.804355861,4.013191025,60,1.40142443
153.129,-11.27541796,3.89305885,60,-11.27557882,3.895652355,0.804215962,4.013036499,60,1.401482737
153.228,-11.27607093,3.89305885,60,-11.27618005,3.895572886,0.804147054,4.012960386,60,1.401601571
153.231,-11.27672389,3.89305885,60,-11.27620779,3.895570424,0.804144966,4.01295808,60,1.401606959
153.428,-11.27672389,3.89267526,60,-11.27672389,3.895416009,0.804007837,4.012806613,60,1.40171683
153.629,-11.27672389,3.89267526,60,-11.27688475,3.895260574,0.803867921,4.012652069,60,1.401759552
153.728,-11.27737686,3.89267526,60,-11.2772171,3.895182622,0.803799006,4.012575948,60,1.401827779
153.733,-11.27737686,3.89267526,60,-11.27723068,3.895178703,0.803795525,4.012572103,60,1.401830627
153.929,-11.27737686,3.892483464,60,-11.27737686,3.895027244,0.803659083,4.012421396,60,1.401869662
154.128,-11.27737686,3.892291669,60,-11.27769318,3.894872619,0.803520552,4.01226838,60,1.401939701
154.228,-11.27868279,3.892291669,60,-11.27836647,3.894792039,0.803450934,4.012191483,60,1.402071276
154.233,-11.27868279,3.892291669,60,-11.27839336,3.894788046,0.803447453,4.012187639,60,1.402076603
154.429,-11.27868279,3.892099874,60,-11.27876241,3.894635351,0.803310996,4.012036914,60,1.402157093
154.629,-11.27933576,3.891908079,60,-11.27957785,3.894477114,0.803171748,4.011883106,60,1.402321079
154.728,-11.28064169,3.891716284,60,-11.28032217,3.894396844,0.803102815,4.011806966,60,1.402466473
154.732,-11.28064169,3.891716284,60,-11.2803439,3.894393646,0.803100029,4.01180389,60,1.4024708
154.928,-11.28064169,3.891716284,60,-11.28064169,3.894241219,0.802963549,4.011653139,60,1.40253912
155.129,-11.28064169,3.891332693,60,-11.28080254,3.894085797,0.802823584,4.011498541,60,1.40258112
155.228,-11.28129466,3.891332693,60,-11.28120873,3.894007438,0.802754645,4.011422393,60,1.402662846
155.233,-11.28129466,3.891332693,60,-11.28123128,3.894003468,0.802751163,4.011418547,60,1.402667359
155.429,-11.28194762,3.891332693,60,-11.28178675,3.893849681,0.80261467,4.011267783,60,1.40278295
155.629,-11.28129466,3.890949103,60,-11.28153513,3.893697395,0.802475391,4.011113941,60,1.402746722
155.728,-11.28194762,3.890949103,60,-11.28178786,3.893619957,0.802406447,4.011037789,60,1.402798932
155.733,-11.28194762,3.890949103,60,-11.28180144,3.893616041,0.802402965,4.011033943,60,1.402801724
155.929,-11.28194762,3.890757308,60,-11.28202724,3.893464276,0.802266468,4.010883174,60,1.402853456
156.129,-11.28260059,3.890565512,60,-11.28284268,3.893306177,0.802127179,4.010729323,60,1.403015411
156.228,-11.28390652,3.890373717,60,-11.28366281,3.89322555,0.802058226,4.01065316,60,1.40317405
156.231,-11.28390652,3.890373717,60,-11.28368463,3.893223123,0.802056137,4.010650852,60,1.403178303
156.429,-11.28455949,3.890373717,60,-11.28439943,3.893066902,0.801918219,4.010498515,60,1.40332355
156.629,-11.28390652,3.890181922,60,-11.284147,3.892914599,0.801778908,4.010344637,60,1.403287007
156.728,-11.28455949,3.889990127,60,-11.28462123,3.89283591,0.801709947,4.010268467,60,1.403380674
156.733,-11.28455949,3.889990127,60,-11.28466171,3.892831843,0.801706465,4.01026462,60,1.403388507
156.929,-11.28651838,3.889798332,60,-11.28611459,3.892673055,0.801569924,4.010113804,60,1.403671645
157.128,-11.28521245,3.889606537,60,-11.28568773,3.892522415,0.801431289,4.009960673,60,1.403602939
157.228,-11.28651838,3.889606537,60,-11.2862759,3.892442293,0.801361623,4.009883723,60,1.403718233
157.233,-11.28651838,3.889606537,60,-11.28631175,3.89243825,0.801358139,4.009879875,60,1.403725224
157.429,-11.28717135,3.889414741,60,-11.28693085,3.892284096,0.801221584,4.009729042,60,1.403852188
157.629,-11.28586542,3.889414741,60,-11.28634638,3.892133686,0.801082243,4.009575133,60,1.403752569
157.728,-11.28717135,3.889222946,60,-11.28692764,3.892054436,0.801013269,4.009498947,60,1.403865743
157.731,-11.28717135,3.889222946,60,-11.28694946,3.89205201,0.801011179,4.009496638,60,1.403869971
157.929,-11.28782432,3.889031151,60,-11.28790314,3.891894571,0.800873221,4.009344256,60,1.404058261
158.129,-11.28913025,3.888839356,60,-11.28881014,3.891735757,0.800733858,4.009190322,60,1.40423886
158.228,-11.28847728,3.888839356,60,-11.28878471,3.891659775,0.800664871,4.009114122,60,1.404239475
158.233,-11.28847728,3.888839356,60,-11.28878906,3.891655907,0.800661387,4.009110273,60,1.404240543
158.429,-11.28978321,3.888647561,60,-11.28962072,3.891500592,0.800524802,4.008959408,60,1.404406656
158.629,-11.28978321,3.88826397,60,-11.28962236,3.891346798,0.800385423,4.008805456,60,1.404417733
158.728,-11.28913025,3.88826397,60,-11.28943768,3.891271757,0.800316431,4.008729251,60,1.404387868
158.733,-11.28913025,3.88826397,60,-11.28944203,3.891267892,0.800312947,4.008725402,60,1.4043889
158.929,-11.29043618,3.888072175,60,-11.29035331,3.891112258,0.800176354,4.008574527,60,1.404568475
159.129,-11.29108915,3.88788038,60,-11.29084867,3.890955676,0.800036962,4.008420516,60,1.40467157
159.228,-11.29043618,3.888072175,60,-11.29074559,3.890877915,0.799967963,4.008343294,60,1.404666391
159.232,-11.29043618,3.88788038,60,-11.29074926,3.890874616,0.799965175,4.008340123,60,1.404668113
159.429,-11.29174211,3.887688585,60,-11.29166006,3.89070806,0.799827869,4.008183942,60,1.404890178
159.629,-11.29239508,3.887496789,60,-11.29231545,3.890540407,0.799688462,4.00802537,60,1.405065623
159.728,-11.29239508,3.887496789,60,-11.29239508,3.890458789,0.799619453,4.007946875,60,1.40510654
159.734,-11.29239508,3.887496789,60,-11.29239508,3.89045387,0.79961527,4.007942117,60,1.405108106
159.929,-11.29239508,3.887304994,60,-11.29255513,3.890293169,0.799479343,4.007787504,60,1.405188362
160.128,-11.29370101,3.887113199,60,-11.29338389,3.890125484,0.79934062,4.007629712,60,1.40539473
160.228,-11.29304804,3.886921404,60,-11.29328042,3.890044114,0.799270908,4.007550416,60,1.405400957
160.233,-11.29304804,3.886921404,60,-11.29327599,3.890040043,0.799267423,4.007546452,60,1.405401384
160.428,-11.29370101,3.886921404,60,-11.29369898,3.889877981,0.799131483,4.007391825,60,1.405529573
160.628,-11.29435398,3.886729609,60,-11.29443306,3.889710088,0.798992051,4.007233225,60,1.405717281
160.728,-11.29500694,3.886537813,60,-11.29484878,3.889625854,0.798922331,4.007153921,60,1.405820421
160.732,-11.29500694,3.886537813,60,-11.29485954,3.889622517,0.798919542,4.007150748,60,1.405823453
160.929,-11.29500694,3.886537813,60,-11.29508657,3.889459875,0.798782189,4.006994514,60,1.405915576
161.129,-11.29565991,3.886346018,60,-11.29558028,3.889293344,0.79864274,4.006835896,60,1.406057842
161.228,-11.29565991,3.886154223,60,-11.29580758,3.889211012,0.798573711,4.006757377,60,1.406124934
161.233,-11.29565991,3.886154223,60,-11.29582551,3.889206818,0.798570225,4.006753412,60,1.406129524
161.429,-11.29696584,3.885962428,60,-11.29688297,3.889040406,0.798433553,4.006597952,60,1.406376478
161.629,-11.29761881,3.885770633,60,-11.29753918,3.888872864,0.798294081,4.006439307,60,1.406550049
161.728,-11.29761881,3.885770633,60,-11.29761881,3.888791301,0.79822504,4.006360775,60,1.406589952
161.733,-11.29761881,3.885770633,60,-11.29761881,3.888787204,0.798221553,4.006356809,60,1.406591206
161.929,-11.29761881,3.885578837,60,-11.29769883,3.888626234,0.798084866,4.006201332,60,1.406654769
162.128,-11.29827177,3.885387042,60,-11.29819229,3.888460565,0.797946082,4.00604347,60,1.406795892
162.228,-11.29827177,3.885195247,60,-11.2983466,3.888377842,0.79787634,4.00596414,60,1.406849126
162.232,-11.29827177,3.885195247,60,-11.29835387,3.888374527,0.79787355,4.005960967,60,1.406851455
162.429,-11.29892474,3.885003452,60,-11.29900395,3.888209654,0.797736153,4.005804682,60,1.40702094
162.628,-11.30023067,3.885003452,60,-11.29991355,3.888041632,0.797597351,4.005646799,60,1.407240279
162.728,-11.2995777,3.885003452,60,-11.29988354,3.887959901,0.797527598,4.005567457,60,1.407259197
162.733,-11.2995777,3.884811657,60,-11.29988802,3.887955782,0.79752411,4.00556349,60,1.407261241
162.929,-11.30088364,3.884811657,60,-11.30072114,3.887790657,0.797387391,4.005407977,60,1.407465191
163.129,-11.30088364,3.884428066,60,-11.30088364,3.887625964,0.797247875,4.005249281,60,1.407544535
163.228,-11.30088364,3.884428066,60,-11.30095647,3.887544518,0.797178813,4.005170726,60,1.407582005
163.234,-11.30088364,3.884428066,60,-11.30096708,3.887539548,0.797174628,4.005165965,60,1.40758543
163.429,-11.3015366,3.884236271,60,-11.30153496,3.887376791,0.797038595,4.005011232,60,1.407738486
163.628,-11.30218957,3.884044476,60,-11.30211009,3.8872107,0.796899763,4.004853316,60,1.407893952
163.728,-11.30218957,3.884044476,60,-11.30199551,3.887129492,0.796829997,4.004773959,60,1.407896323
163.732,-11.3015366,3.884044476,60,-11.30197666,3.887126324,0.796827207,4.004770785,60,1.407893735
163.929,-11.30218957,3.883660886,60,-11.30226798,3.886963576,0.796689769,4.004614454,60,1.407993928
164.129,-11.3034955,3.883660886,60,-11.30333625,3.886793998,0.796550228,4.004455731,60,1.408241223
164.228,-11.3034955,3.883660886,60,-11.3034955,3.886712081,0.796481152,4.004377158,60,1.408294603
164.233,-11.3034955,3.88346909,60,-11.3034955,3.886707989,0.796477663,4.00437319,60,1.408295784
164.429,-11.3034955,3.88346909,60,-11.30365475,3.886546734,0.796340904,4.004217631,60,1.408371526
164.629,-11.30480143,3.8830855,60,-11.30464219,3.886377592,0.796201347,4.004058889,60,1.408603497
164.728,-11.30480143,3.8830855,60,-11.30480143,3.886295673,0.796132262,4.003980308,60,1.40865681
164.734,-11.30480143,3.8830855,60,-11.30480143,3.886290762,0.796128075,4.003975546,60,1.408658228
164.929,-11.30480143,3.8830855,60,-11.30496068,3.886130317,0.795991998,4.003820763,60,1.408733666
165.129,-11.30610737,3.88270191,60,-11.30578726,3.885962068,0.795852425,4.003662003,60,1.408935342
165.228,-11.3054544,3.88270191,60,-11.30595787,3.885880098,0.795783334,4.003583413,60,1.408990555
165.232,-11.30610737,3.88270191,60,-11.30598039,3.885876699,0.795780542,4.003580238,60,1.408995711
165.429,-11.30676033,3.88270191,60,-11.3066795,3.885711568,0.795643051,4.003423846,60,1.409173163
165.629,-11.30676033,3.882510114,60,-11.30692119,3.885546539,0.795503461,4.003265067,60,1.409265325
165.728,-11.3074133,3.882318319,60,-11.30732737,3.885463265,0.795434362,4.003186469,60,1.409364553
165.733,-11.3074133,3.882318319,60,-11.30734992,3.885459047,0.795430872,4.0031825,60,1.409369951
165.929,-11.30806626,3.881934729,60,-11.30798501,3.885295078,0.795294063,4.003026884,60,1.40953512
166.129,-11.30806626,3.881934729,60,-11.30822712,3.885130037,0.795154457,4.002868086,60,1.409627267
166.228,-11.30871923,3.881742934,60,-11.30855947,3.885047172,0.79508535,4.002789479,60,1.409712588
166.233,-11.30871923,3.881742934,60,-11.30857305,3.885043004,0.79508186,4.002785509,60,1.4097163
166.429,-11.30871923,3.881742934,60,-11.30887928,3.88487951,0.794945038,4.002628536,60,1.409847409
166.628,-11.31002516,3.881551138,60,-11.30986621,3.884707638,0.794806115,4.002467119,60,1.410150041
166.728,-11.31002516,3.881359343,60,-11.31002516,3.884623126,0.7947363,4.002386001,60,1.410239044
166.731,-11.31002516,3.881359343,60,-11.31002516,3.884620618,0.794734206,4.002383568,60,1.410240816
166.929,-11.31002516,3.881167548,60,-11.31018441,3.884454225,0.794595972,4.002222953,60,1.41038701
167.129,-11.31133109,3.880975753,60,-11.31117185,3.884281574,0.794456334,4.002060706,60,1.41068949
167.228,-11.31133109,3.880975753,60,-11.31133109,3.884197926,0.794387209,4.00198039,60,1.41077755
167.233,-11.31133109,3.880975753,60,-11.31133109,3.884193747,0.794383718,4.001976334,60,1.410780483
167.429,-11.31133109,3.880783958,60,-11.31141072,3.884029525,0.794246865,4.001817323,60,1.410909738
167.629,-11.31198406,3.880592162,60,-11.31206529,3.883858831,0.794107214,4.001655061,60,1.411148439
167.728,-11.31263703,3.880592162,60,-11.31247727,3.883773837,0.794038084,4.001574738,60,1.411283194
167.734,-11.31263703,3.880592162,60,-11.31249356,3.883768733,0.794033894,4.00156987,60,1.41128974
167.929,-11.31263703,3.880400367,60,-11.31271665,3.883604603,0.793897723,4.001411652,60,1.411444557
168.129,-11.31328999,3.880208572,60,-11.31321037,3.883434849,0.793758057,4.001249373,60,1.411652394
168.228,-11.31328999,3.880016777,60,-11.3133658,3.883351326,0.79368892,4.001169043,60,1.411738429
168.231,-11.31328999,3.880016777,60,-11.31337132,3.883348791,0.793686825,4.001166608,60,1.411741185
168.429,-11.31394296,3.879824982,60,-11.31394215,3.883180323,0.793548547,4.001005942,60,1.411961728
168.629,-11.31459592,3.879633186,60,-11.31483801,3.88300836,0.793408864,4.000843644,60,1.41224454
168.728,-11.31590186,3.879633186,60,-11.3155085,3.882921938,0.793339716,4.0007633,60,1.412427564
168.733,-11.31590186,3.879633186,60,-11.3155267,3.882917659,0.793336224,4.000759242,60,1.412433885
168.929,-11.31524889,3.879441391,60,-11.31540976,3.882754582,0.79319932,4.000600172,60,1.412525055
169.129,-11.31590186,3.879249596,60,-11.31598309,3.882584439,0.793059621,4.000437855,60,1.412746896
169.228,-11.31655482,3.879057801,60,-11.31639506,3.882499494,0.792990466,4.000357503,60,1.412880856
169.233,-11.31655482,3.879057801,60,-11.31640864,3.882495244,0.792986973,4.000353445,60,1.412886271
169.428,-11.31655482,3.878866006,60,-11.31655482,3.882331636,0.792850756,4.000195173,60,1.413025036
169.629,-11.31655482,3.878866006,60,-11.31671568,3.882163041,0.792710346,4.00003203,60,1.413168826
169.728,-11.31720779,3.87867421,60,-11.31719844,3.882077771,0.792641187,3.999951674,60,1.413315254
169.732,-11.31720779,3.87867421,60,-11.31722392,3.882074292,0.792638393,3.999948427,60,1.413322297
169.928,-11.31851372,3.878482415,60,-11.31835233,3.881904425,0.792501461,3.999789325,60,1.413645575
170.129,-11.31851372,3.878482415,60,-11.31883543,3.881733922,0.792361027,3.999626154,60,1.413850872
170.228,-11.31981965,3.878098825,60,-11.3194263,3.881647972,0.792291855,3.999545782,60,1.414018405
170.233,-11.31981965,3.878098825,60,-11.3194445,3.881643694,0.792288361,3.999541722,60,1.414024698
170.429,-11.31916669,3.87829062,60,-11.31932756,3.881480682,0.79215141,3.999382598,60,1.414114564
170.629,-11.31981965,3.87790703,60,-11.31990088,3.881310601,0.792011662,3.999220224,60,1.414335199
170.728,-11.32047262,3.877715234,60,-11.32031286,3.881225686,0.791942484,3.999139845,60,1.414468599
170.733,-11.32047262,3.877715234,60,-11.32032644,3.881221437,0.79193899,3.999135785,60,1.414473985
170.929,-11.32047262,3.877715234,60,-11.32047262,3.881057048,0.791802027,3.998976646,60,1.414612163
171.129,-11.32047262,3.877523439,60,-11.32079433,3.880888437,0.791662267,3.998814258,60,1.414784527
171.228,-11.32177855,3.877331644,60,-11.32153386,3.880801739,0.791593082,3.998733872,60,1.414978998
171.232,-11.32177855,3.877331644,60,-11.32156286,3.880798239,0.791590286,3.998730624,60,1.414986707
171.429,-11.32243152,3.877139849,60,-11.32235068,3.880629408,0.791452605,3.998570651,60,1.415246315
171.629,-11.32243152,3.877139849,60,-11.32259237,3.880461123,0.791312822,3.998408235,60,1.415404706
171.728,-11.32308448,3.876948054,60,-11.32292472,3.880376655,0.791243627,3.998327838,60,1.415522934
171.733,-11.32308448,3.876948054,60,-11.3229383,3.880372407,0.791240132,3.998323777,60,1.415528309
171.929,-11.32308448,3.876948054,60,-11.32316411,3.88020759,0.791103137,3.998164601,60,1.415680935
172.129,-11.32373745,3.876756259,60,-11.32365783,3.880037992,0.790963342,3.998002172,60,1.415885652
172.228,-11.32373745,3.876756259,60,-11.32388512,3.879954138,0.790894141,3.997921767,60,1.415983686
172.233,-11.32373745,3.876756259,60,-11.32390305,3.879949868,0.790890646,3.997917706,60,1.415989844
172.429,-11.32504338,3.876180873,60,-11.32496051,3.879780441,0.790753635,3.997758512,60,1.41629852
172.629,-11.32569635,3.876372668,60,-11.32545587,3.879610715,0.790613816,3.997596056,60,1.416504605
172.728,-11.32504338,3.875989078,60,-11.32520314,3.879529496,0.790544606,3.99751564,60,1.416512663
172.732,-11.32504338,3.875989078,60,-11.32519228,3.879526219,0.79054181,3.99751239,60,1.416512847
172.929,-11.32504338,3.875989078,60,-11.325123,3.879362331,0.790404091,3.997352374,60,1.416608869
173.129,-11.32569635,3.875797283,60,-11.32577758,3.879191974,0.790264271,3.997189916,60,1.41684203
173.228,-11.32634931,3.875605487,60,-11.32626239,3.879106732,0.790195056,3.997109495,60,1.416987891
173.234,-11.32634931,3.875605487,60,-11.3262893,3.879101578,0.790190861,3.997104621,60,1.416996277
173.429,-11.32700228,3.875605487,60,-11.32700024,3.878934974,0.790054522,3.996946207,60,1.41723824
173.629,-11.32765525,3.875221897,60,-11.32757562,3.878765789,0.789914679,3.996784669,60,1.417431926
173.728,-11.32765525,3.875413692,60,-11.32753203,3.878684158,0.789845455,3.996705006,60,1.417457625
173.734,-11.32700228,3.875413692,60,-11.32751408,3.878679297,0.789841259,3.996700178,60,1.417456291
173.929,-11.32830821,3.875221897,60,-11.32814488,3.878514607,0.789704907,3.996543263,60,1.417640743
174.129,-11.32830821,3.875030102,60,-11.32830821,3.878348397,0.789565052,3.996382316,60,1.417738752
174.228,-11.32830821,3.874838307,60,-11.32845786,3.878265781,0.789495823,3.996302647,60,1.417799722
174.232,-11.32830821,3.874838307,60,-11.3284724,3.878262396,0.789493026,3.996299428,60,1.417803776
174.429,-11.32961414,3.874454716,60,-11.32953209,3.878093756,0.78935526,3.996140886,60,1.418068562
174.629,-11.33026711,3.874454716,60,-11.33018749,3.877924814,0.789215384,3.995979917,60,1.418258827
174.728,-11.33026711,3.874454716,60,-11.33034094,3.877842146,0.789146144,3.995900234,60,1.418320729
174.733,-11.33026711,3.874454716,60,-11.33034991,3.877837965,0.789142647,3.99589621,60,1.418324075
174.929,-11.33092008,3.874262921,60,-11.33091845,3.877672863,0.78900556,3.99573845,60,1.418496034
175.129,-11.33157304,3.874071126,60,-11.33165427,3.877503523,0.788865668,3.995577461,60,1.418700708
175.228,-11.33222601,3.873879331,60,-11.33206625,3.877419423,0.788796418,3.995497768,60,1.418811128
175.233,-11.33222601,3.873879331,60,-11.33207983,3.877415216,0.78879292,3.995493743,60,1.418815352
175.429,-11.33222601,3.873687535,60,-11.33222601,3.877252452,0.788655815,3.995335961,60,1.41890766
175.629,-11.33222601,3.873687535,60,-11.33238686,3.877086417,0.78851591,3.995174958,60,1.419002764
175.728,-11.33287897,3.87349574,60,-11.3329123,3.877001769,0.788446655,3.995095258,60,1.419133521
175.731,-11.33353194,3.873687535,60,-11.33293451,3.876999168,0.788444557,3.995092843,60,1.419138673
175.929,-11.33287897,3.87349574,60,-11.33303903,3.876835112,0.788306041,3.994933438,60,1.419222314
176.129,-11.33353194,3.87311215,60,-11.33361317,3.876666895,0.788166124,3.994772421,60,1.419393746
176.228,-11.33418491,3.87311215,60,-11.33402515,3.876582907,0.788096862,3.994692714,60,1.419502763
176.233,-11.33418491,3.87311215,60,-11.33403873,3.876578705,0.788093364,3.994688688,60,1.419506915
176.429,-11.33418491,3.872920355,60,-11.33434415,3.876415267,0.787956234,3.994530878,60,1.419626474
176.629,-11.33549084,3.872536764,60,-11.33533159,3.876244736,0.787816298,3.994369839,60,1.419875799
176.728,-11.33549084,3.872728559,60,-11.33556467,3.87616172,0.787747026,3.99429012,60,1.419951248
176.733,-11.33549084,3.872728559,60,-11.33557364,3.876157543,0.787743527,3.994286094,60,1.41995452
176.929,-11.3361438,3.872344969,60,-11.33614218,3.875992607,0.787606377,3.994128261,60,1.420123805
177.129,-11.33679677,3.872344969,60,-11.336878,3.875823427,0.787466421,3.993967198,60,1.420325962
177.228,-11.33744974,3.872153174,60,-11.33709592,3.875740487,0.787397139,3.993887468,60,1.420398616
177.232,-11.33679677,3.872153174,60,-11.33708793,3.875737229,0.78739434,3.993884247,60,1.420398396
177.429,-11.33744974,3.871961379,60,-11.3373689,3.875573084,0.787256474,3.99372559,60,1.420513377
177.629,-11.33744974,3.871961379,60,-11.33761059,3.875406739,0.787116505,3.993564513,60,1.420621385
177.728,-11.3381027,3.871577788,60,-11.33813762,3.875322145,0.787047218,3.993484777,60,1.42075139
177.733,-11.33875567,3.871577788,60,-11.33817483,3.875317813,0.787043719,3.99348075,60,1.420759964
177.928,-11.3381027,3.871577788,60,-11.33841987,3.875155564,0.786907239,3.993323688,60,1.420867057
178.129,-11.3400616,3.871194198,60,-11.33982392,3.874981911,0.78676655,3.993161782,60,1.421194386
178.228,-11.3400616,3.871385993,60,-11.3400616,3.874898848,0.78669725,3.993082031,60,1.421270628
178.233,-11.3400616,3.871385993,60,-11.3400616,3.87489472,0.78669375,3.993078004,60,1.421272204
178.429,-11.3400616,3.871194198,60,-11.33998198,3.87473339,0.78655655,3.992920112,60,1.421318691
178.629,-11.33940863,3.871002403,60,-11.33980997,3.874569436,0.786416552,3.992759002,60,1.421347287
178.728,-11.34071457,3.871002403,60,-11.34046988,3.874484162,0.786347251,3.99267925,60,1.421501553
178.732,-11.34071457,3.871002403,60,-11.34049887,3.874480703,0.786344451,3.992676028,60,1.42150825
178.929,-11.34136753,3.870618812,60,-11.34120707,3.874314282,0.786206539,3.992517318,60,1.421702286
179.129,-11.34071457,3.870618812,60,-11.3411159,3.874149893,0.786066526,3.99235619,60,1.421745629
179.228,-11.3420205,3.870427017,60,-11.34177382,3.874064635,0.785997217,3.992276429,60,1.421899399
179.234,-11.3420205,3.870427017,60,-11.34181702,3.874059447,0.785993016,3.992271595,60,1.421909385
179.429,-11.34267346,3.870235222,60,-11.34275185,3.873893416,0.785856488,3.992114477,60,1.422145287
179.628,-11.3439794,3.870043427,60,-11.34382044,3.873723249,0.785717148,3.991954123,60,1.422408522
179.728,-11.3439794,3.870043427,60,-11.3439794,3.873639811,0.785647124,3.991873539,60,1.42246982
179.733,-11.3439794,3.870043427,60,-11.3439794,3.873635684,0.785643622,3.99186951,60,1.422471376
179.929,-11.3439794,3.869659836,60,-11.34405902,3.873473498,0.785506374,3.991711563,60,1.422546969
180.129,-11.34463236,3.869468041,60,-11.34455274,3.87330577,0.785366321,3.991550389,60,1.422701314
180.228,-11.34463236,3.869468041,60,-11.34470719,3.87322325,0.785296993,3.991470606,60,1.42276061
180.232,-11.34463236,3.869468041,60,-11.34471446,3.873219911,0.785294191,3.991467382,60,1.422763192
180.429,-11.34528533,3.869276246,60,-11.34520449,3.87305471,0.785156231,3.991308617,60,1.422915371
180.629,-11.34528533,3.869084451,60,-11.34544619,3.872888392,0.785016166,3.991147382,60,1.423021042
180.728,-11.3459383,3.869084451,60,-11.34558349,3.872805781,0.784946832,3.991067396,60,1.423076098
180.733,-11.34528533,3.869084451,60,-11.34557338,3.872801696,0.78494333,3.99106335,60,1.423075663
180.929,-11.3459383,3.869084451,60,-11.34593667,3.872637417,0.784806061,3.990904754,60,1.423200188
181.129,-11.34659126,3.86870086,60,-11.34667249,3.87246778,0.784665984,3.990742912,60,1.423395938
181.228,-11.34724423,3.868509065,60,-11.3471583,3.872383124,0.784596642,3.990662796,60,1.423515803
181.233,-11.34724423,3.868509065,60,-11.34718085,3.872378859,0.784593139,3.99065875,60,1.423521491
181.429,-11.34789719,3.868509065,60,-11.34789597,3.872212597,0.784455848,3.990500127,60,1.423712512
181.628,-11.34855016,3.86831727,60,-11.34831252,3.872045517,0.784316448,3.990339068,60,1.423848017
181.728,-11.34789719,3.86831727,60,-11.34820696,3.871963343,0.784246397,3.990258133,60,1.423856227
181.731,-11.34789719,3.86831727,60,-11.34820994,3.871960844,0.784244295,3.990255705,60,1.423857613
181.929,-11.34920313,3.868125475,60,-11.34904227,3.871792414,0.78410559,3.99009545,60,1.42406969
182.129,-11.34920313,3.86793368,60,-11.34920313,3.87162606,0.783965477,3.989933567,60,1.424155435
182.228,-11.34920313,3.867741884,60,-11.34900808,3.871545292,0.783896121,3.989853435,60,1.424145624
182.233,-11.34855016,3.86793368,60,-11.34898439,3.871541291,0.783892619,3.989849388,60,1.424142513
182.429,-11.34920313,3.867741884,60,-11.34936075,3.871377281,0.78375531,3.989690745,60,1.424265118
182.629,-11.35116202,3.867358294,60,-11.35092315,3.87120329,0.783615184,3.989528848,60,1.424613656
182.728,-11.35116202,3.867358294,60,-11.35123586,3.871119666,0.783545816,3.989448703,60,1.424699763
182.733,-11.35116202,3.867358294,60,-11.35124482,3.87111548,0.783542313,3.989444655,60,1.424702809
182.929,-11.35181499,3.867166499,60,-11.35181376,3.870950212,0.783404974,3.989285977,60,1.424863546
183.128,-11.35246796,3.866782908,60,-11.35238848,3.870782433,0.783265525,3.989124862,60,1.425026261
183.228,-11.35246796,3.866974704,60,-11.35246796,3.870699297,0.783195448,3.989043897,60,1.425068352
183.232,-11.35246796,3.866974704,60,-11.35246796,3.87069599,0.783192645,3.989040659,60,1.425069427
183.428,-11.35246796,3.866782908,60,-11.35262533,3.870533118,0.783055294,3.988881967,60,1.425151197
183.629,-11.35377389,3.866591113,60,-11.35345458,3.870362401,0.782914431,3.988719219,60,1.425360985
183.728,-11.35312092,3.866591113,60,-11.35335351,3.870281149,0.782845049,3.988639057,60,1.425368007
183.734,-11.35312092,3.866591113,60,-11.35334783,3.870276224,0.782840844,3.988634198,60,1.425368473
183.929,-11.35377389,3.866207523,60,-11.35369222,3.870113254,0.782704182,3.988476303,60,1.425483841
184.129,-11.35377389,3.866207523,60,-11.35393474,3.869946774,0.782564012,3.988314354,60,1.42558061
184.228,-11.35442685,3.866015728,60,-11.3542671,3.869863204,0.782494626,3.988234187,60,1.425668414
184.234,-11.35442685,3.866015728,60,-11.35428339,3.86985816,0.78249042,3.988229329,60,1.425673027
184.429,-11.35442685,3.866015728,60,-11.35466573,3.869695076,0.782353746,3.988071419,60,1.425794301
184.629,-11.35638575,3.865632137,60,-11.35614688,3.8695217,0.782213556,3.987909448,60,1.42612496
184.728,-11.35638575,3.865440342,60,-11.35665464,3.869437067,0.782144156,3.987829265,60,1.426246588
184.731,-11.35703872,3.865440342,60,-11.35667423,3.869434479,0.782142053,3.987826835,60,1.426251056
184.929,-11.35703872,3.865248547,60,-11.35695909,3.86926924,0.782003246,3.987666461,60,1.426356923
185.129,-11.35638575,3.865248547,60,-11.35678709,3.86910503,0.781863039,3.98750447,60,1.42637523
185.228,-11.35769168,3.865248547,60,-11.357446,3.869019639,0.781793634,3.987424282,60,1.426524538
185.233,-11.35769168,3.865248547,60,-11.35748213,3.869015309,0.781790129,3.987420232,60,1.426532654
185.429,-11.35834465,3.865056752,60,-11.3582634,3.868849065,0.781652712,3.987261464,60,1.426730476
185.629,-11.35834465,3.864864956,60,-11.35834465,3.86868343,0.781512485,3.987099451,60,1.426796677
185.728,-11.35834465,3.864673161,60,-11.35841849,3.868601293,0.781443073,3.987019254,60,1.426835367
185.733,-11.35834465,3.864673161,60,-11.35842745,3.868597116,0.781439567,3.987015203,60,1.426838302
185.929,-11.35899762,3.864673161,60,-11.35907562,3.868431743,0.781302141,3.986856425,60,1.427009339
186.129,-11.36030355,3.864289571,60,-11.3601443,3.868260662,0.781161899,3.986694393,60,1.427261427
186.228,-11.36030355,3.864289571,60,-11.36018431,3.86817867,0.781092475,3.986614183,60,1.427294145
186.232,-11.35965058,3.864289571,60,-11.36017273,3.868175431,0.78108967,3.986610942,60,1.427292965
186.429,-11.36095651,3.864097776,60,-11.36079484,3.868009316,0.780951522,3.98645133,60,1.427459522
186.629,-11.36095651,3.863905981,60,-11.36095651,3.867843277,0.780811264,3.98628928,60,1.427540161
186.728,-11.36095651,3.863714185,60,-11.36129923,3.867759655,0.780741835,3.986209063,60,1.427629212
186.733,-11.36160948,3.863714185,60,-11.36134085,3.867755297,0.780738328,3.986205012,60,1.427638291
186.929,-11.36226245,3.86352239,60,-11.3621812,3.867588784,0.780600864,3.98604619,60,1.42784631
187.128,-11.36226245,3.86352239,60,-11.36242061,3.867423143,0.78046129,3.98588493,60,1.427940785
187.228,-11.36291541,3.86352239,60,-11.36268442,3.867339126,0.780391151,3.985803893,60,1.428015345
187.234,-11.36291541,3.863330595,60,-11.36268994,3.867334142,0.780386943,3.985799031,60,1.428017893
187.429,-11.36226245,3.8631388,60,-11.36258298,3.867173821,0.780250171,3.985641008,60,1.428045011
187.629,-11.36422134,3.862947005,60,-11.36382162,3.86700191,0.780109884,3.985478925,60,1.428327715
187.728,-11.36356838,3.862947005,60,-11.36387779,3.866919876,0.780040438,3.985398695,60,1.428362595
187.732,-11.36356838,3.862947005,60,-11.36388146,3.866916554,0.780037632,3.985395453,60,1.428364233
187.929,-11.36487431,3.862755209,60,-11.36471264,3.866750787,0.779899437,3.985237327,60,1.428571584
188.129,-11.36487431,3.862563414,60,-11.36487431,3.866586859,0.779759131,3.985077378,60,1.428654082
188.228,-11.36487431,3.862371619,60,-11.36494815,3.866505798,0.779689678,3.984998202,60,1.428693178
188.233,-11.36487431,3.862371619,60,-11.36495711,3.866501676,0.779686171,3.984994204,60,1.42869613
188.429,-11.36552728,3.862371619,60,-11.36552565,3.866338907,0.779548666,3.984837448,60,1.42885257
188.629,-11.36618024,3.862179824,60,-11.36610062,3.866172864,0.779408347,3.984677485,60,1.429010912
188.728,-11.36618024,3.861988029,60,-11.36625408,3.866091418,0.779338887,3.984598301,60,1.429064313
188.733,-11.36618024,3.861988029,60,-11.36626304,3.866087298,0.779335379,3.984594301,60,1.429067232
188.929,-11.36683321,3.861988029,60,-11.36683158,3.865924624,0.779197858,3.984437528,60,1.429222406
189.129,-11.36748618,3.861604438,60,-11.36756741,3.865757775,0.779057522,3.984277546,60,1.429409943
189.228,-11.36813914,3.861604438,60,-11.36805519,3.865674489,0.778988052,3.98419835,60,1.429526177
189.231,-11.36813914,3.861604438,60,-11.36806886,3.865671971,0.778985947,3.98419595,60,1.429529492
189.429,-11.36879211,3.861412643,60,-11.36871168,3.86550722,0.778847,3.98403755,60,1.42969933
189.629,-11.36879211,3.861412643,60,-11.36879211,3.865344023,0.778706644,3.983877546,60,1.429762695
189.728,-11.36879211,3.861220848,60,-11.36893778,3.865262698,0.778637168,3.983798343,60,1.429813534
189.734,-11.36879211,3.861220848,60,-11.368959,3.865257702,0.778632957,3.983793542,60,1.429818946
189.929,-11.37009804,3.861029053,60,-11.36985509,3.865094135,0.778496103,3.983637529,60,1.430034079
190.129,-11.36944507,3.861029053,60,-11.36968555,3.864932461,0.778355735,3.98347751,60,1.430048526
190.228,-11.37009804,3.860837257,60,-11.37001249,3.864850201,0.778286253,3.983398301,60,1.430132724
190.233,-11.37009804,3.860837257,60,-11.37003509,3.864846013,0.778282744,3.9833943,60,1.430138126
190.428,-11.37075101,3.860645462,60,-11.37082727,3.864683146,0.778145877,3.983238273,60,1.4303321
190.629,-11.37205694,3.860453667,60,-11.37173763,3.864514688,0.778004789,3.983077432,60,1.430550308
190.728,-11.37140397,3.860453667,60,-11.37171338,3.86443434,0.777935295,3.982998209,60,1.430568441
190.732,-11.37140397,3.860453667,60,-11.37171705,3.864431069,0.777932487,3.982995008,60,1.430570039
190.929,-11.3727099,3.860261872,60,-11.37254823,3.864266344,0.777794197,3.982837357,60,1.430771781
191.129,-11.3727099,3.860070077,60,-11.37287076,3.864101996,0.777653793,3.982677297,60,1.430878077
191.228,-11.37336287,3.859878281,60,-11.37327695,3.864019291,0.777584291,3.982598065,60,1.430977086
191.233,-11.37336287,3.859878281,60,-11.37329949,3.864015103,0.77758078,3.982594063,60,1.430982475
191.429,-11.37401584,3.859686486,60,-11.37393459,3.863852277,0.777443173,3.982437191,60,1.431146764
191.629,-11.37401584,3.859494691,60,-11.37417669,3.863688422,0.777302753,3.982277113,60,1.431237137
191.728,-11.3746688,3.859302896,60,-11.37443521,3.863606566,0.777233243,3.982197872,60,1.431307827
191.733,-11.3746688,3.859302896,60,-11.37443982,3.863602479,0.777229733,3.98219387,60,1.431309804
191.929,-11.37401584,3.859302896,60,-11.37433596,3.863443909,0.777092117,3.982036988,60,1.431332558
192.129,-11.37597473,3.858919305,60,-11.37557501,3.863274657,0.776951685,3.981876896,60,1.431609736
192.228,-11.37532177,3.859111101,60,-11.37548153,3.863194774,0.776882168,3.981797647,60,1.431613577
192.232,-11.37532177,3.858919305,60,-11.37547066,3.863191587,0.776879359,3.981794445,60,1.431612378
192.429,-11.37532177,3.858919305,60,-11.37548102,3.863031661,0.776741029,3.981636748,60,1.431655709
192.629,-11.3766277,3.85872751,60,-11.3763076,3.862864792,0.776600585,3.981476643,60,1.43185373
192.728,-11.37597473,3.85872751,60,-11.37628216,3.862784601,0.776531063,3.981397388,60,1.431869566
192.733,-11.37597473,3.85872751,60,-11.37628651,3.862780521,0.776527552,3.981393385,60,1.431871413
192.929,-11.37728067,3.85834392,60,-11.37719779,3.862616449,0.776389908,3.981236472,60,1.432084203
193.129,-11.37793363,3.85834392,60,-11.37769315,3.862451371,0.776249445,3.981076344,60,1.432219876
193.228,-11.37728067,3.85834392,60,-11.37770931,3.862370949,0.776179915,3.980997079,60,1.432243454
193.233,-11.37793363,3.858152125,60,-11.37772838,3.862366787,0.776176403,3.980993076,60,1.432248078
193.429,-11.37793363,3.857960329,60,-11.37801326,3.862206217,0.776038744,3.980836146,60,1.432342065
193.629,-11.3785866,3.857768534,60,-11.37866783,3.862040385,0.775898272,3.980676007,60,1.432506207
193.728,-11.37923956,3.857768534,60,-11.37888673,3.861958873,0.775828735,3.980596735,60,1.432567704
193.731,-11.3785866,3.857576739,60,-11.37888081,3.861956472,0.775826627,3.980594333,60,1.432567196
193.929,-11.37923956,3.857576739,60,-11.37923876,3.861793929,0.775687551,3.980435786,60,1.432674492
194.129,-11.37989253,3.857384944,60,-11.38013462,3.861626765,0.775547062,3.980275628,60,1.432884035
194.228,-11.38119846,3.857193149,60,-11.38095278,3.861541893,0.775477514,3.980196344,60,1.433059084
194.233,-11.38119846,3.857193149,60,-11.38098891,3.861537633,0.775474001,3.98019234,60,1.433066966
194.429,-11.38185143,3.857001354,60,-11.38177018,3.86137414,0.7753363,3.98003536,60,1.433256144
194.629,-11.38185143,3.857001354,60,-11.38185143,3.861211308,0.775195783,3.979875172,60,1.43331346
194.728,-11.38185143,3.857001354,60,-11.38185143,3.861130969,0.775126228,3.979795878,60,1.433333772
194.733,-11.38185143,3.857001354,60,-11.38185143,3.861126913,0.775122715,3.979791874,60,1.433334788
194.929,-11.38185143,3.856617763,60,-11.38193145,3.860968124,0.774985008,3.979635533,60,1.433387598
195.128,-11.38250439,3.856617763,60,-11.38242492,3.860807567,0.77484519,3.979479746,60,1.43351091
195.228,-11.38250439,3.856425968,60,-11.3828481,3.860726048,0.774774927,3.979401576,60,1.433605406
195.232,-11.38315736,3.856425968,60,-11.38288149,3.860722696,0.774772116,3.979398449,60,1.433612292
195.429,-11.38381033,3.856234173,60,-11.38380911,3.860561555,0.774633688,3.979244442,60,1.433816555
195.629,-11.38446329,3.856042378,60,-11.38438367,3.860400017,0.774493144,3.979088079,60,1.433954031
195.728,-11.38446329,3.856042378,60,-11.38453713,3.860320809,0.774423572,3.979010678,60,1.433997008
195.733,-11.38446329,3.856042378,60,-11.38454609,3.860316803,0.774420058,3.979006769,60,1.433999396
195.929,-11.38511626,3.855850582,60,-11.38511463,3.860158579,0.774282316,3.978853525,60,1.434133821
196.129,-11.38576922,3.855658787,60,-11.3856896,3.859997192,0.774141755,3.978697145,60,1.43426949
196.228,-11.38576922,3.855658787,60,-11.38584306,3.859918056,0.774072176,3.978619734,60,1.434311552
196.233,-11.38576922,3.855658787,60,-11.38585203,3.859914053,0.774068661,3.978615825,60,1.434313897
196.429,-11.38642219,3.855275197,60,-11.38634094,3.859756411,0.773930904,3.978462563,60,1.434431481
196.629,-11.38642219,3.855083402,60,-11.38658305,3.859597058,0.77379033,3.978306169,60,1.434501919
196.728,-11.38707516,3.855083402,60,-11.3869154,3.859517028,0.773720745,3.978228752,60,1.434576624
196.731,-11.38707516,3.855083402,60,-11.38692355,3.859514614,0.773718636,3.978226406,60,1.434578524
196.929,-11.38707516,3.854891606,60,-11.38715478,3.859357003,0.773579461,3.978071568,60,1.434645405
197.129,-11.38772812,3.854891606,60,-11.38780936,3.85919554,0.773438875,3.97791516,60,1.434791679
197.228,-11.38838109,3.854508016,60,-11.38829517,3.859114712,0.773369281,3.977837734,60,1.434894717
197.233,-11.38838109,3.854508016,60,-11.38831771,3.859110641,0.773365767,3.977833823,60,1.434899549
197.429,-11.38903406,3.854508016,60,-11.38903243,3.858951963,0.773227977,3.977680527,60,1.435057003
197.629,-11.38968702,3.854316221,60,-11.3896074,3.85879091,0.773087368,3.977524093,60,1.435188311
197.728,-11.38968702,3.854316221,60,-11.38975986,3.858711937,0.773017765,3.977446656,60,1.435228098
197.734,-11.38968702,3.854316221,60,-11.38977047,3.858707144,0.773013546,3.977441963,60,1.43523076
197.929,-11.39033999,3.854124426,60,-11.39033795,3.85855015,0.772876444,3.977289431,60,1.435359177
198.129,-11.39099295,3.85393263,60,-11.39091333,3.858389179,0.772735819,3.977132979,60,1.435489416
198.228,-11.39099295,3.853740835,60,-11.39091813,3.85831107,0.772666208,3.977055534,60,1.435500671
198.232,-11.39099295,3.853740835,60,-11.39091086,3.858307956,0.772663395,3.977052404,60,1.435499706
198.429,-11.39033999,3.85354904,60,-11.39050045,3.858154999,0.772524879,3.976898299,60,1.43544104
198.629,-11.39099295,3.85354904,60,-11.3913959,3.857992561,0.772384251,3.976741845,60,1.435628298
198.728,-11.39295185,3.853357245,60,-11.39239874,3.857908993,0.772314634,3.976664393,60,1.435827461
198.733,-11.39295185,3.853357245,60,-11.39243052,3.857904875,0.772311118,3.976660481,60,1.435833977
198.929,-11.39229889,3.85316545,60,-11.39245976,3.857750211,0.772173282,3.976507133,60,1.435858739
199.129,-11.39295185,3.852973654,60,-11.39303308,3.857589483,0.772032632,3.976350653,60,1.435985671
199.228,-11.39360482,3.852973654,60,-11.39344506,3.857509203,0.771963007,3.976273192,60,1.436072811
199.234,-11.39360482,3.852973654,60,-11.39346136,3.857504385,0.771958787,3.976268497,60,1.436076456
199.429,-11.39360482,3.852781859,60,-11.39376487,3.857349085,0.771821642,3.976115917,60,1.436151771
199.628,-11.39491075,3.852590064,60,-11.39475179,3.857186841,0.771681675,3.975960198,60,1.436356764
199.728,-11.39491075,3.852590064,60,-11.39498557,3.857106744,0.771611336,3.975881943,60,1.436410349
199.732,-11.39491075,3.852590064,60,-11.39499284,3.857103552,0.771608523,3.975878813,60,1.436412094
199.929,-11.39556372,3.852398269,60,-11.3955625,3.85694517,0.771469951,3.975724646,60,1.436538064
200.129,-11.39621668,3.852206474,60,-11.39581535,3.856786187,0.771329262,3.975568123,60,1.436604255
200.228,-11.39491075,3.852014678,60,-11.39557199,3.856709583,0.771259622,3.975490645,60,1.436566674
200.234,-11.39556372,3.852014678,60,-11.39558918,3.856704765,0.771255401,3.97548595,60,1.43657041
200.429,-11.39621668,3.851822883,60,-11.39621464,3.856547817,0.771118228,3.975333339,60,1.436704809
200.629,-11.39686965,3.851822883,60,-11.39695088,3.856386293,0.77097753,3.975176806,60,1.436860748
200.728,-11.39752261,3.851631088,60,-11.39743569,3.856305651,0.770907881,3.975099318,60,1.436960915
200.734,-11.39752261,3.851631088,60,-11.3974626,3.856300777,0.770903659,3.975094622,60,1.436966526
200.929,-11.39817558,3.851439293,60,-11.39817354,3.85614324,0.770766463,3.974941985,60,1.437118102
201.129,-11.39882855,3.851439293,60,-11.39858807,3.855983392,0.770625742,3.974785426,60,1.437214122
201.228,-11.39817558,3.851247498,60,-11.39841016,3.855906421,0.770556084,3.974707929,60,1.437188779
201.232,-11.39817558,3.851247498,60,-11.39840657,3.855903293,0.77055327,3.974704798,60,1.437188421
201.429,-11.39882855,3.851055703,60,-11.39874771,3.855746362,0.770414658,3.974550586,60,1.437268586
201.629,-11.39882855,3.851055703,60,-11.3989894,3.855587663,0.770273931,3.974394022,60,1.437329639
201.728,-11.39948151,3.850863907,60,-11.39939559,3.855507527,0.77020427,3.97431652,60,1.437413988
201.733,-11.39948151,3.850863907,60,-11.39941813,3.855503468,0.770200751,3.974312606,60,1.437418637
201.929,-11.40013448,3.850863907,60,-11.40013285,3.855345264,0.770062828,3.97415916,60,1.437569134
202.129,-11.40078744,3.850480317,60,-11.40086868,3.855184652,0.769922081,3.974003519,60,1.437721345
202.228,-11.40144041,3.850480317,60,-11.40128065,3.855105236,0.769852408,3.973926851,60,1.43780459
202.234,-11.40144041,3.850480317,60,-11.40129695,3.855100471,0.769848185,3.973922204,60,1.437807993
202.429,-11.40144041,3.850288522,60,-11.40152003,3.854947357,0.769710946,3.973771186,60,1.437859941
202.629,-11.40209338,3.849904931,60,-11.40201375,3.854788952,0.769570183,3.973616291,60,1.437962156
202.728,-11.40209338,3.849904931,60,-11.4021682,3.854711067,0.769500504,3.973539616,60,1.437995389
202.732,-11.40209338,3.849904931,60,-11.40217547,3.854707915,0.769497688,3.973536518,60,1.437996919
202.929,-11.40274634,3.849713136,60,-11.40274513,3.854551533,0.769359029,3.973383938,60,1.438112033
203.129,-11.40339931,3.849713136,60,-11.40348054,3.854391925,0.76921825,3.973229025,60,1.438258244
203.228,-11.40405227,3.849521341,60,-11.40389252,3.854312651,0.769148561,3.973152339,60,1.438339677
203.234,-11.40405227,3.849521341,60,-11.40390881,3.854307895,0.769144337,3.973147691,60,1.438342972
203.429,-11.40405227,3.849329546,60,-11.4041319,3.854155049,0.769007067,3.972996638,60,1.438391474
203.629,-11.40470524,3.849137751,60,-11.40462562,3.853996901,0.768866272,3.972841708,60,1.438490369
203.728,-11.40470524,3.849137751,60,-11.40497413,3.853918055,0.768796576,3.972765014,60,1.438558838
203.734,-11.40535821,3.849137751,60,-11.4050133,3.853913176,0.768792352,3.972760366,60,1.438566403
203.929,-11.40535821,3.848945955,60,-11.40535821,3.853759776,0.768655066,3.972609297,60,1.438636436
204.129,-11.40535821,3.848945955,60,-11.40551906,3.853603626,0.768514259,3.972454353,60,1.438670378
204.228,-11.40601117,3.848945955,60,-11.40580815,3.853525199,0.768444557,3.972377654,60,1.438726517
204.232,-11.40535821,3.848945955,60,-11.40581481,3.853522059,0.768441741,3.972374555,60,1.438727834
204.428,-11.40731711,3.848562365,60,-11.40691765,3.853363818,0.768303738,3.972222697,60,1.438939672
204.629,-11.40601117,3.84837057,60,-11.40649134,3.853210218,0.768162211,3.97206696,60,1.438861442
204.728,-11.40731711,3.848178775,60,-11.40726647,3.853129148,0.768092502,3.971990253,60,1.439008945
204.734,-11.40797007,3.848178775,60,-11.40733824,3.853124096,0.768088277,3.971985603,60,1.439022596
204.929,-11.40797007,3.848178775,60,-11.40797007,3.85296927,0.767950961,3.971834501,60,1.439144711
205.129,-11.40797007,3.847986979,60,-11.40797007,3.852814153,0.767810122,3.971679522,60,1.439146192
205.228,-11.40797007,3.847795184,60,-11.40811774,3.852736594,0.767740406,3.971602806,60,1.439174409
205.233,-11.40797007,3.847795184,60,-11.40813567,3.85273262,0.767736885,3.971598932,60,1.439177811
205.429,-11.409276,3.847603389,60,-11.40911351,3.852575254,0.767598855,3.971447043,60,1.439363596
205.629,-11.409276,3.847411594,60,-11.40943686,3.852418391,0.767458,3.971292046,60,1.439425589
205.728,-11.40992897,3.847411594,60,-11.40984404,3.852339385,0.767388274,3.97121532,60,1.439502928
205.732,-11.40992897,3.847411594,60,-11.40986217,3.852336184,0.767385457,3.97121222,60,1.439506374
205.929,-11.41058194,3.847219799,60,-11.4105011,3.85217989,0.767246703,3.971059536,60,1.439628094
206.129,-11.41058194,3.847028003,60,-11.41074279,3.852023506,0.767105831,3.970904521,60,1.439674124
206.228,-11.4112349,3.847028003,60,-11.41107514,3.851944932,0.767036098,3.970827786,60,1.439737013
206.233,-11.4112349,3.847028003,60,-11.41108872,3.851940981,0.767032576,3.970823911,60,1.439739585
206.429,-11.4112349,3.846836208,60,-11.41139415,3.851787388,0.766894514,3.970671987,60,1.439797095
206.629,-11.41254083,3.846644413,60,-11.41254244,3.851626005,0.766753626,3.970516954,60,1.440014385
206.728,-11.4131938,3.846452618,60,-11.41303404,3.851546498,0.766683881,3.970440207,60,1.440107879
206.733,-11.4131938,3.846452618,60,-11.41304762,3.851542544,0.766680359,3.970436331,60,1.440110478
206.929,-11.4131938,3.846260823,60,-11.4131938,3.851389719,0.766542274,3.970284382,60,1.440138826
207.129,-11.4131938,3.846260823,60,-11.4131938,3.851234704,0.76640137,3.970129332,60,1.440138355
207.228,-11.4131938,3.846069027,60,-11.41326862,3.851157594,0.766331622,3.970052582,60,1.440151861
207.232,-11.4131938,3.846069027,60,-11.41327589,3.851154456,0.766328804,3.970049481,60,1.440153206
207.429,-11.41384677,3.846069027,60,-11.41384555,3.850998703,0.76619001,3.969896752,60,1.440259523
207.629,-11.41449973,3.845877232,60,-11.41442011,3.850840574,0.766049095,3.969741689,60,1.440366941
207.728,-11.41449973,3.845877232,60,-11.41457257,3.850763032,0.765979339,3.96966493,60,1.440395084
207.734,-11.41449973,3.845685437,60,-11.41458318,3.850758325,0.765975112,3.969660278,60,1.440397045
207.929,-11.4151527,3.845493642,60,-11.41523028,3.850603672,0.765837711,3.969509082,60,1.440518081
208.129,-11.41645863,3.845301847,60,-11.41629938,3.85044272,0.765696775,3.969353996,60,1.440719913
208.228,-11.41645863,3.845301847,60,-11.41645863,3.850365069,0.765627008,3.969277225,60,1.44075001
208.234,-11.41645863,3.845301847,60,-11.41645863,3.850360417,0.76562278,3.969272572,60,1.44075
208.429,-11.41645863,3.845110051,60,-11.41661788,3.850208373,0.765485359,3.969121354,60,1.440779421
208.629,-11.41776456,3.844918256,60,-11.41744446,3.850048741,0.765344408,3.968966252,60,1.440935417
208.728,-11.4171116,3.844918256,60,-11.41719653,3.849973366,0.765274635,3.968889474,60,1.440888081
208.732,-11.4171116,3.844918256,60,-11.4171784,3.849970366,0.765271816,3.968886372,60,1.440884614
208.929,-11.41645863,3.844726461,60,-11.41677834,3.84982002,0.765132981,3.968733598,60,1.440806278
209.129,-11.41841753,3.844534666,60,-11.41833951,3.849657067,0.764992024,3.968579102,60,1.44110368
209.228,-11.41907049,3.844342871,60,-11.41864185,3.849580311,0.764922245,3.968504023,60,1.441171661
209.233,-11.41841753,3.844342871,60,-11.41862278,3.849576644,0.76491872,3.96850025,60,1.441168713
209.429,-11.41841753,3.844534666,60,-11.41857678,3.849429081,0.76478057,3.968352351,60,1.441184884
209.629,-11.41972346,3.844151076,60,-11.41956421,3.849272824,0.764639594,3.968201426,60,1.441396754
209.728,-11.41972346,3.84395928,60,-11.41964963,3.849197708,0.764569808,3.968126715,60,1.441425212
209.733,-11.41972346,3.84395928,60,-11.41964066,3.849193988,0.764566283,3.968122941,60,1.441424124
209.929,-11.41907049,3.84395928,60,-11.41931099,3.849048174,0.764428122,3.96797503,60,1.441384384
210.129,-11.42037643,3.843767485,60,-11.42037643,3.848891704,0.764287137,3.967824096,60,1.441608443
210.229,-11.42102939,3.84357569,60,-11.42094679,3.848813222,0.764216639,3.967748623,60,1.441727988
210.232,-11.42102939,3.84357569,60,-11.4209605,3.848810886,0.764214524,3.967746359,60,1.441730935
210.429,-11.42168236,3.843383895,60,-11.42168115,3.84865847,0.764075635,3.967597668,60,1.441890418
210.629,-11.42233532,3.8431921,60,-11.4222557,3.848504605,0.763934623,3.967446705,60,1.442022466
210.729,-11.42233532,3.8431921,60,-11.42233532,3.84842884,0.763864115,3.967371221,60,1.442048915
210.734,-11.42233532,3.8431921,60,-11.42233532,3.848425075,0.76386059,3.967367447,60,1.442049474
210.929,-11.42233532,3.843000304,60,-11.42241495,3.848277839,0.763723098,3.967220252,60,1.442085706
211.129,-11.42298829,3.843000304,60,-11.42306791,3.848123726,0.763582077,3.967069279,60,1.44223038
211.229,-11.42364126,3.842808509,60,-11.4233558,3.848046878,0.763511564,3.96699379,60,1.44229544
211.234,-11.42298829,3.842808509,60,-11.42335461,3.848043122,0.763508038,3.966990015,60,1.44229574
211.429,-11.42429422,3.842616714,60,-11.42421052,3.847891631,0.76337053,3.966842803,60,1.442478379
211.629,-11.42494719,3.842424919,60,-11.42486756,3.847737421,0.763229486,3.966691806,60,1.442624438
211.729,-11.42494719,3.842424919,60,-11.42482707,3.847662374,0.763158962,3.966616305,60,1.442627333
211.731,-11.42429422,3.842233124,60,-11.42482137,3.847660901,0.763157552,3.966614795,60,1.442626461
211.929,-11.42560015,3.842041328,60,-11.42551892,3.847508057,0.763017912,3.966465301,60,1.442778913
212.129,-11.42625312,3.842041328,60,-11.4261735,3.847353892,0.762876852,3.966314286,60,1.442923952
212.229,-11.42625312,3.841849533,60,-11.42645393,3.84727707,0.762806319,3.966238776,60,1.442987547
212.234,-11.42690609,3.841849533,60,-11.42647774,3.847273174,0.762802792,3.966235,60,1.442992579
212.429,-11.42625312,3.841849533,60,-11.42633479,3.847127233,0.762665251,3.966087753,60,1.442985349
212.629,-11.42625312,3.841657738,60,-11.42657162,3.84697557,0.762524185,3.965936731,60,1.443048951
212.729,-11.42755905,3.841657738,60,-11.42716595,3.846897095,0.762453649,3.965861217,60,1.44317106
212.734,-11.42755905,3.841657738,60,-11.42718465,3.846893231,0.762450122,3.965857442,60,1.443175091
212.929,-11.42690609,3.841465943,60,-11.42706738,3.846747275,0.762312573,3.965710185,60,1.443171135
213.129,-11.42755905,3.841274148,60,-11.42779792,3.846592943,0.762171494,3.965559151,60,1.443327483
213.229,-11.42886499,3.841082352,60,-11.42854649,3.846513609,0.76210095,3.965483629,60,1.443478799
213.231,-11.42886499,3.841082352,60,-11.42855751,3.846512044,0.762099539,3.965482118,60,1.443481083
213.429,-11.42886499,3.840890557,60,-11.42894461,3.846360961,0.761959854,3.965332575,60,1.443573682
213.629,-11.42951795,3.840698762,60,-11.42943833,3.846207806,0.761818753,3.965181516,60,1.443686423
213.729,-11.42951795,3.840698762,60,-11.42959255,3.846131744,0.7617482,3.965105985,60,1.443725162
213.734,-11.42951795,3.840698762,60,-11.4296014,3.846127935,0.761744672,3.965102208,60,1.443727309
213.929,-11.43017092,3.840506967,60,-11.43016888,3.845978142,0.761607091,3.964954917,60,1.443853329
214.129,-11.43082388,3.840315172,60,-11.43058501,3.8458254,0.761465974,3.964803842,60,1.443951359
214.229,-11.43017092,3.840315172,60,-11.43068018,3.845749669,0.761395415,3.964728303,60,1.443978749
214.234,-11.43082388,3.840315172,60,-11.4307079,3.845745756,0.761391887,3.964724526,60,1.443984463
214.429,-11.43147685,3.840123376,60,-11.43139518,3.845595281,0.76125429,3.964577219,60,1.444133316
214.629,-11.43147685,3.840123376,60,-11.43179534,3.845442631,0.76111316,3.96442613,60,1.444228038
214.729,-11.43278278,3.839739786,60,-11.43246429,3.845363687,0.761042591,3.964350581,60,1.444364597
214.732,-11.43278278,3.839739786,60,-11.43248081,3.845361337,0.761040474,3.964348314,60,1.444368035
214.929,-11.43278278,3.839739786,60,-11.43286241,3.845210937,0.760901447,3.964199476,60,1.444460117
215.129,-11.43343575,3.839547991,60,-11.43319688,3.845058555,0.760760298,3.964048366,60,1.444543334
215.229,-11.43278278,3.839547991,60,-11.43316584,3.844983481,0.760689723,3.96397281,60,1.444547115
215.234,-11.43278278,3.839739786,60,-11.4331786,3.844979649,0.760686194,3.963969032,60,1.444550009
215.429,-11.43474168,3.839356196,60,-11.43441706,3.844826018,0.760548565,3.963821691,60,1.444804171
215.629,-11.43408871,3.8391644,60,-11.43432758,3.844675917,0.7604074,3.963670563,60,1.444807535
215.729,-11.43474168,3.8391644,60,-11.43473164,3.844598404,0.760336816,3.963594999,60,1.444894104
215.734,-11.43474168,3.8391644,60,-11.4347631,3.844594465,0.760333287,3.96359122,60,1.444900573
215.929,-11.43604761,3.83878081,60,-11.43580466,3.844441808,0.760195639,3.963443859,60,1.445118503
216.129,-11.43539465,3.83878081,60,-11.43563352,3.844292088,0.760054458,3.963292714,60,1.445106998
216.229,-11.43604761,3.83878081,60,-11.43596501,3.844214483,0.759983866,3.963216694,60,1.445181
216.232,-11.43604761,3.83878081,60,-11.43597872,3.844212115,0.759981748,3.963214395,60,1.445183976
216.429,-11.43670058,3.83839722,60,-11.43661974,3.84405765,0.759842677,3.96306306,60,1.44533098
216.629,-11.43670058,3.838205424,60,-11.43670058,3.843903903,0.759701483,3.962909276,60,1.445371663
216.729,-11.43670058,3.83839722,60,-11.43684978,3.843826469,0.759630886,3.962832382,60,1.445412149
216.734,-11.43670058,3.838205424,60,-11.43686747,3.843822542,0.759627356,3.962828538,60,1.445416107
216.929,-11.43800651,3.838013629,60,-11.43784318,3.843667743,0.759489684,3.962678589,60,1.445625016
217.129,-11.43800651,3.838013629,60,-11.43800651,3.843513607,0.759348475,3.962524786,60,1.445680379
217.229,-11.43800651,3.837821834,60,-11.43808111,3.843436618,0.75927787,3.962447885,60,1.445706264
217.234,-11.43800651,3.837821834,60,-11.43808996,3.843432741,0.759274339,3.96244404,60,1.44570852
217.429,-11.43865948,3.837630039,60,-11.43865743,3.84328031,0.759136655,3.962294078,60,1.445838616
217.629,-11.43931244,3.837630039,60,-11.43939207,3.843123113,0.758995433,3.962140261,60,1.446001057
217.729,-11.43996541,3.837438244,60,-11.43980616,3.843044241,0.758924818,3.962063349,60,1.44609129
217.732,-11.43996541,3.837438244,60,-11.43981442,3.843041897,0.7589227,3.962061042,60,1.446093209
217.929,-11.43996541,3.837246449,60,-11.44004503,3.84288977,0.758783584,3.96190952,60,1.446159745
218.129,-11.44061837,3.837054653,60,-11.44053875,3.842733937,0.758642346,3.961755687,60,1.446275954
218.229,-11.44061837,3.837054653,60,-11.44076758,3.842656125,0.758571725,3.961678768,60,1.446330548
218.234,-11.44061837,3.837054653,60,-11.44078527,3.8426522,0.758568194,3.961674922,60,1.44633446
218.429,-11.44192431,3.836862858,60,-11.44176098,3.842497501,0.758430475,3.961524921,60,1.446541714
218.629,-11.44192431,3.836862858,60,-11.44192431,3.842343447,0.758289217,3.961371067,60,1.446595569
218.729,-11.44192431,3.836479268,60,-11.44199891,3.842266493,0.758218588,3.961294139,60,1.446620762
218.734,-11.44192431,3.836479268,60,-11.44200775,3.842262618,0.758215056,3.961290292,60,1.446622985
218.929,-11.44257727,3.836479268,60,-11.44249561,3.842110687,0.758077325,3.961140279,60,1.446736767
219.129,-11.44257727,3.836287473,60,-11.44273652,3.841956325,0.757936059,3.960986414,60,1.446803845
219.229,-11.44323024,3.836287473,60,-11.44334641,3.841876432,0.757865423,3.960909479,60,1.446930274
219.232,-11.4438832,3.836287473,60,-11.44337426,3.841873981,0.757863303,3.960907171,60,1.446935887
219.429,-11.4438832,3.836095677,60,-11.4438832,3.841720349,0.757724142,3.960755599,60,1.447054301
219.629,-11.4438832,3.836095677,60,-11.4438832,3.841567306,0.757582859,3.960601717,60,1.447075639
219.729,-11.4438832,3.835903882,60,-11.44302836,3.841495588,0.757512221,3.960524779,60,1.446923278
219.734,-11.44061837,3.835712087,60,-11.44292702,3.841492329,0.757508689,3.960520933,60,1.446904506
219.929,-11.44518914,3.835712087,60,-11.44461748,3.841334014,0.757370945,3.960370905,60,1.447243262
220.129,-11.44518914,3.835520292,60,-11.44518914,3.841177796,0.757229648,3.960217008,60,1.447373051
220.229,-11.44518914,3.835520292,60,-11.44518914,3.841101286,0.757158999,3.960140058,60,1.44738349
220.234,-11.44518914,3.835520292,60,-11.44518914,3.841097461,0.757155466,3.960136211,60,1.447384005
220.429,-11.44518914,3.835328497,60,-11.44534838,3.840947444,0.7570177,3.959986158,60,1.44743392
220.629,-11.44649507,3.835136701,60,-11.44633582,3.840788983,0.756876393,3.95983225,60,1.447641868
220.729,-11.44649507,3.835136701,60,-10.43609804,3.846299833,0.75680604,3.959755624,60,1.262248216
220.732,-8.175135098,3.85393263,60,-9.885146076,3.849347029,0.756804224,3.959753645,60,1.168918238
220.929,-8.120938914,3.855850582,60,-8.126578324,3.859568713,0.756704626,3.959645165,60,0.873678275
221.129,-8.116368152,3.856425968,60,-8.116564833,3.860126293,0.756604378,3.959535977,60,0.867203926
221.229,-8.11506222,3.856809558,60,-8.115355034,3.86037527,0.756554279,3.959481411,60,0.864629579
221.234,-8.11506222,3.856809558,60,-8.115310202,3.86038755,0.756551775,3.959478683,60,0.864504123
221.429,-8.115715186,3.857193149,60,-8.115567433,3.860840878,0.756454089,3.959372286,60,0.859972723
221.629,-8.114409254,3.857384944,60,-8.114409254,3.861291052,0.756353903,3.959263166,60,0.855347378
221.729,-8.113756288,3.857576739,60,-8.113807098,3.861507993,0.756303816,3.959208612,60,0.853088814
221.734,-8.113756288,3.857576739,60,-8.113777332,3.861518807,0.756301312,3.959205885,60,0.852976193
221.929,-8.113756288,3.857576739,60,-8.113750224,3.861919427,0.756203646,3.959099509,60,0.848874858
222.129,-8.113103322,3.857768534,60,-8.113088587,3.862313192,0.756103481,3.958990411,60,0.844741424
222.229,-8.112450356,3.857960329,60,-8.112498633,3.862503977,0.756053402,3.958935866,60,0.842697523
222.232,-8.112450356,3.857960329,60,-8.112496999,3.862509482,0.756051899,3.95893423,60,0.842639656
222.429,-8.112450356,3.858152125,60,-8.112409643,3.862864993,0.755953248,3.958826781,60,0.838890171
222.629,-8.11179739,3.858152125,60,-8.111851697,3.86320986,0.755853098,3.9587177,60,0.835165673
222.729,-8.11179739,3.85834392,60,-8.111854644,3.863373947,0.755803025,3.958663162,60,0.833400283
222.734,-8.11179739,3.85834392,60,-8.111866249,3.863381925,0.755800521,3.958660435,60,0.83331502
222.929,-8.112450356,3.85834392,60,-8.112310352,3.863686404,0.755702876,3.958554081,60,0.830043003
223.129,-8.11179739,3.858535715,60,-8.111722125,3.863987656,0.755602727,3.958445001,60,0.826669889
223.229,-8.111144423,3.858535715,60,-8.111370925,3.864132498,0.755552655,3.958390465,60,0.825024624
223.234,-8.111144423,3.858535715,60,-8.111365718,3.864139558,0.755550152,3.958387738,60,0.824945097
223.429,-8.11179739,3.85872751,60,-8.111637557,3.864404939,0.755452514,3.958281393,60,0.821972564
223.629,-8.111144423,3.85872751,60,-8.111222031,3.864665824,0.755352372,3.958172321,60,0.818945227
223.729,-8.111144423,3.85872751,60,-8.111073378,3.864790413,0.755302303,3.958117787,60,0.817485103
223.732,-8.111144423,3.85872751,60,-8.111069695,3.864794102,0.755300801,3.958116151,60,0.817441773
223.929,-8.110491457,3.85872751,60,-8.110632682,3.865029703,0.75520217,3.958008723,60,0.814630857
224.129,-8.111144423,3.85872751,60,-8.111083087,3.865250222,0.755102036,3.95789966,60,0.812018344
224.229,-8.111144423,3.858919305,60,-8.111144423,3.865356339,0.755051967,3.957845126,60,0.810729201
224.234,-8.111144423,3.858919305,60,-8.111144423,3.865361621,0.755049464,3.9578424,60,0.810664631
224.429,-8.111144423,3.858919305,60,-8.111101785,3.865564071,0.75495183,3.957740365,60,0.80819601
224.629,-8.110491457,3.859111101,60,-8.110517907,3.865767001,0.754851696,3.957640254,60,0.805675139
224.729,-8.110491457,3.858919305,60,-8.110491457,3.86586251,0.754801631,3.957590201,60,0.804489484
224.734,-8.110491457,3.858919305,60,-8.110491457,3.865867266,0.754799128,3.957587698,60,0.804430496
224.929,-8.110491457,3.858919305,60,-8.110491457,3.866044471,0.754701502,3.957490094,60,0.802196901
225.129,-8.110491457,3.859111101,60,-8.110491457,3.866215024,0.754601372,3.957389987,60,0.799996843
225.229,-8.110491457,3.859111101,60,-8.110491457,3.866296224,0.754551308,3.957339933,60,0.79892988
225.232,-8.110491457,3.859111101,60,-8.110491457,3.866298591,0.754549806,3.957338432,60,0.798898427
225.429,-8.110491457,3.858919305,60,-8.110538535,3.86645048,0.754451178,3.957239826,60,0.796866617
225.629,-8.111144423,3.858919305,60,-8.110966348,3.866592418,0.754351045,3.957139715,60,0.794940541
225.729,-8.110491457,3.859111101,60,-8.110558968,3.866663143,0.754300978,3.95708966,60,0.793918583
225.734,-8.110491457,3.859111101,60,-8.110538551,3.866666597,0.754298475,3.957087157,60,0.793868153
225.929,-8.109838491,3.859111101,60,-8.109984734,3.86679626,0.754200852,3.956989556,60,0.791966071
226.129,-8.110491457,3.859111101,60,-8.110414426,3.866914665,0.754100726,3.956889453,60,0.790230963
226.229,-8.110491457,3.859111101,60,-8.110564143,3.866970872,0.754050662,3.9568394,60,0.789381282
226.234,-8.110491457,3.859111101,60,-8.110572366,3.866973619,0.754048158,3.956836897,60,0.789339381
226.429,-8.111144423,3.859111101,60,-8.110985006,3.867076129,0.753950528,3.956739289,60,0.787751638
226.629,-8.110491457,3.859111101,60,-8.110567546,3.867177741,0.753850395,3.956639178,60,0.786070141
226.729,-8.110491457,3.859111101,60,-8.110491457,3.867224842,0.75380033,3.956589124,60,0.785272354
226.731,-8.110491457,3.859111101,60,-8.110491457,3.867225761,0.753799329,3.956588123,60,0.785256735
226.929,-8.110491457,3.859111101,60,-8.110491457,3.867312409,0.753700201,3.956489017,60,0.783745346
227.129,-8.110491457,3.859111101,60,-8.110491457,3.867392502,0.753600071,3.95638891,60,0.78227897
227.229,-8.110491457,3.859111101,60,-8.110453183,3.867430052,0.753550006,3.956338857,60,0.781562339
227.234,-8.110491457,3.859111101,60,-8.11045071,3.867431913,0.753547503,3.956336354,60,0.781526586
227.429,-8.109838491,3.859111101,60,-8.109911137,3.867502546,0.753449881,3.956238754,60,0.780105488
227.629,-8.110491457,3.858919305,60,-8.110473097,3.867562187,0.753349755,3.956138651,60,0.778859056
227.729,-8.110491457,3.858919305,60,-8.110491457,3.867590981,0.75329969,3.956088597,60,0.778218898
227.734,-8.110491457,3.858919305,60,-8.110491457,3.867592385,0.753297187,3.956086094,60,0.778187089
227.929,-8.110491457,3.859111101,60,-8.110491457,3.867643981,0.753199561,3.95598849,60,0.776972252
228.129,-8.110491457,3.858919305,60,-8.110429801,3.867691196,0.753099432,3.955888383,60,0.77576663
228.229,-8.109838491,3.859111101,60,-8.109954405,3.867715084,0.753049369,3.955838332,60,0.775119071
228.232,-8.109838491,3.859111101,60,-8.109959786,3.867715656,0.753047867,3.95583683,60,0.775102691
228.429,-8.110491457,3.858919305,60,-8.110490652,3.867750373,0.752949243,3.955738228,60,0.774067354
228.629,-8.111144423,3.858919305,60,-8.111080593,3.867779741,0.75284911,3.955638117,60,0.773068568
228.729,-8.111144423,3.858919305,60,-8.111079765,3.86779404,0.752799041,3.95558806,60,0.77254406
228.734,-8.111144423,3.858919305,60,-8.111069175,3.86779477,0.752796538,3.955585557,60,0.77251671
228.929,-8.110491457,3.858919305,60,-8.110568069,3.86782166,0.752698907,3.955487949,60,0.771454475
229.129,-8.110491457,3.858919305,60,-8.110491457,3.867841977,0.752598778,3.955387842,60,0.770465617
229.229,-8.110491457,3.858919305,60,-8.110564179,3.86784972,0.752548713,3.955337788,60,0.770001318
229.234,-8.110491457,3.858919305,60,-8.110571894,3.867850055,0.752546209,3.955335285,60,0.769978919
229.429,-8.111144423,3.85872751,60,-8.110986596,3.867860144,0.75244858,3.955237677,60,0.769140008
229.629,-8.110491457,3.85872751,60,-8.110713428,3.867869921,0.752348446,3.955137566,60,0.768217956
229.729,-8.111144423,3.858919305,60,-8.111069881,3.867870455,0.752298379,3.95508751,60,0.767838935
229.731,-8.111144423,3.858919305,60,-8.111080601,3.867870438,0.752297377,3.955086509,60,0.767831918
229.929,-8.11179739,3.85872751,60,-8.11167172,3.867868889,0.752198238,3.954987392,60,0.767091615
230.129,-8.111144423,3.85872751,60,-8.111297868,3.867868659,0.752098096,3.954887272,60,0.766241155
230.229,-8.11179739,3.858535715,60,-8.111677126,3.86786395,0.752048025,3.954837213,60,0.765906672
230.234,-8.11179739,3.858535715,60,-8.111702289,3.867863671,0.752045521,3.95483471,60,0.765890888
230.429,-8.111144423,3.858535715,60,-8.111202171,3.867858517,0.751947883,3.954737094,60,0.765088938
230.629,-8.11179739,3.858535715,60,-8.111787698,3.867843569,0.751847742,3.954636975,60,0.764448411
230.729,-8.11179739,3.85872751,60,-8.11179739,3.867836301,0.751797669,3.954586913,60,0.764099752
230.734,-8.11179739,3.85872751,60,-8.11179739,3.867835897,0.751795165,3.95458441,60,0.764082598
230.929,-8.11179739,3.858535715,60,-8.111776483,3.867819382,0.751697523,3.95448679,60,0.763417976
231.129,-8.111144423,3.858535715,60,-8.111182428,3.867802401,0.751597382,3.954386671,60,0.762682836
231.229,-8.111144423,3.85834392,60,-8.11118917,3.867791067,0.751547313,3.954336613,60,0.762366937
231.231,-8.111144423,3.85834392,60,-8.111194479,3.867790799,0.751546311,3.954335612,60,0.76236144
231.429,-8.11179739,3.858535715,60,-8.111738734,3.867763068,0.751447171,3.954236494,60,0.761828705
231.629,-8.11179739,3.85834392,60,-8.11179739,3.86773474,0.751347026,3.954136371,60,0.761246945
231.729,-8.11179739,3.85834392,60,-8.111729921,3.867720035,0.751296953,3.95408631,60,0.76095138
231.734,-8.11179739,3.85834392,60,-8.111719838,3.867719314,0.751294449,3.954083807,60,0.760935854
231.929,-8.111144423,3.858152125,60,-8.111376239,3.867689799,0.751196811,3.95398619,60,0.760346473
232.129,-8.112450356,3.858152125,60,-8.112292707,3.867649792,0.751096665,3.953886067,60,0.759939831
232.229,-8.112450356,3.858152125,60,-8.112184422,3.867631901,0.751046589,3.953836002,60,0.75966626
232.234,-8.11179739,3.858152125,60,-8.11215786,3.867631108,0.751044086,3.953833499,60,0.759649776
232.429,-8.112450356,3.858152125,60,-8.112371842,3.867592016,0.750946439,3.953735874,60,0.759190208
232.629,-8.112450356,3.857960329,60,-8.112450356,3.867550258,0.750846285,3.953635743,60,0.758719129
232.729,-8.112450356,3.857960329,60,-8.112512104,3.867528372,0.750796208,3.953585677,60,0.758493863
232.732,-8.112450356,3.857960329,60,-8.112514883,3.867527704,0.750794706,3.953584175,60,0.758487279
232.929,-8.113103322,3.857960329,60,-8.112986702,3.867480902,0.750696051,3.953485542,60,0.758106089
233.129,-8.112450356,3.857960329,60,-8.11258591,3.867436077,0.750595893,3.953385407,60,0.757615047
233.229,-8.113103322,3.857768534,60,-8.113027871,3.86740932,0.750545814,3.953335339,60,0.757464758
233.234,-8.113103322,3.857768534,60,-8.113055988,3.867407944,0.75054331,3.953332836,60,0.757458111
233.429,-8.113103322,3.857768534,60,-8.113103322,3.867358681,0.750445652,3.9532352,60,0.757065331
233.629,-8.113103322,3.857576739,60,-8.113104208,3.867306474,0.750345491,3.953135061,60,0.756671659
233.729,-8.113756288,3.857576739,60,-8.113736179,3.867276118,0.750295408,3.953084989,60,0.756568188
233.734,-8.113756288,3.857576739,60,-8.113737255,3.867274745,0.750292904,3.953082486,60,0.756558991
233.929,-8.113756288,3.857576739,60,-8.113785105,3.867220669,0.750195238,3.952984842,60,0.756205199
234.129,-8.114409254,3.857576739,60,-8.114275447,3.867160941,0.750095064,3.952884691,60,0.75591804
234.229,-8.113756288,3.857384944,60,-8.113808918,3.867134367,0.750044978,3.952834615,60,0.75568145
234.232,-8.113756288,3.857384944,60,-8.113797309,3.867133548,0.750043475,3.952833113,60,0.755674752
234.429,-8.113103322,3.857384944,60,-8.113292361,3.867079739,0.749944811,3.952736469,60,0.755281016
234.629,-8.114409254,3.857384944,60,-8.114125118,3.867017603,0.749844642,3.952639947,60,0.755084898
234.729,-8.113756288,3.857384944,60,-8.113974145,3.866989063,0.749794555,3.952591684,60,0.754913502
234.734,-8.113756288,3.857384944,60,-8.113971433,3.866987598,0.749792051,3.952589271,60,0.754905689
234.929,-8.114409254,3.857384944,60,-8.114251339,3.866927663,0.749694381,3.952495158,60,0.754659638
235.129,-8.113756288,3.857193149,60,-8.113992841,3.86686779,0.749594207,3.952398631,60,0.754343557
235.229,-8.114409254,3.857193149,60,-8.114252892,3.866835181,0.74954412,3.952350368,60,0.754243392
235.234,-8.114409254,3.857193149,60,-8.114270787,3.866833516,0.749541615,3.952347955,60,0.754239125
235.429,-8.114409254,3.857193149,60,-8.11448386,3.866770504,0.749443942,3.952253838,60,0.754011764
235.629,-8.11506222,3.857193149,60,-8.114858059,3.866703681,0.74934376,3.952157305,60,0.753810815
235.729,-8.114409254,3.857001354,60,-8.114536574,3.866672612,0.74929367,3.952109038,60,0.753644086
235.732,-8.114409254,3.857001354,60,-8.114522474,3.866671702,0.749292167,3.95210759,60,0.753638491
235.929,-8.114409254,3.857001354,60,-8.114409254,3.866606773,0.749193491,3.952012508,60,0.753388582
236.129,-8.114409254,3.856809558,60,-8.114486537,3.866538638,0.749093313,3.951915978,60,0.753170712
236.229,-8.11506222,3.856809558,60,-8.115001169,3.866501486,0.749043222,3.951867711,60,0.753130965
236.234,-8.11506222,3.856809558,60,-8.115030276,3.866499607,0.749040718,3.951865297,60,0.753129459
236.429,-8.11506222,3.856809558,60,-8.11506222,3.866431651,0.748943037,3.951771173,60,0.752925304
236.629,-8.11506222,3.856809558,60,-8.115079936,3.866360994,0.748842851,3.951674635,60,0.7527223
236.729,-8.115715186,3.856617763,60,-8.115659667,3.866322093,0.748792756,3.951626365,60,0.752702708
236.734,-8.115715186,3.856617763,60,-8.115646913,3.866320367,0.748790251,3.951623951,60,0.752696084
236.929,-8.11506222,3.856617763,60,-8.115135444,3.866252858,0.748692566,3.951529823,60,0.75243786
237.129,-8.115715186,3.856425968,60,-8.115765805,3.866176289,0.748592375,3.951433281,60,0.752339591
237.229,-8.116368152,3.856425968,60,-8.116352831,3.866136094,0.748542276,3.951385006,60,0.752331111
237.232,-8.117021118,3.856425968,60,-8.116370397,3.866134882,0.748540773,3.951383558,60,0.752330902
237.429,-8.116368152,3.856425968,60,-8.11643591,3.866060974,0.748442072,3.951288451,60,0.752170211
237.629,-8.116368152,3.856234173,60,-8.116368152,3.865985872,0.748341869,3.951191897,60,0.751995192
237.729,-8.116368152,3.856234173,60,-8.116633698,3.865946346,0.748291768,3.95114362,60,0.751951437
237.734,-8.117021118,3.856042378,60,-8.116667468,3.86594425,0.748289262,3.951141206,60,0.751952122
237.929,-8.117021118,3.856042378,60,-8.117021118,3.865867407,0.748191559,3.95104706,60,0.751849685
238.129,-8.117021118,3.856042378,60,-8.116864522,3.865790698,0.748091349,3.950950499,60,0.751679417
238.229,-8.116368152,3.856042378,60,-8.116591354,3.865753169,0.748041246,3.950902221,60,0.751569554
238.234,-8.116368152,3.856042378,60,-8.116578664,3.865751284,0.748038741,3.950899807,60,0.751564221
238.429,-8.117021118,3.856042378,60,-8.116947187,3.865672587,0.747941039,3.950805663,60,0.751478207
238.629,-8.117021118,3.855850582,60,-8.117021118,3.865592813,0.747840829,3.950709102,60,0.751354158
238.729,-8.117021118,3.855850582,60,-8.117021118,3.865552877,0.747790724,3.950660822,60,0.75128911
238.732,-8.117021118,3.855850582,60,-8.117021118,3.865551678,0.747789221,3.950659373,60,0.751287169
238.929,-8.117021118,3.855658787,60,-8.117067949,3.865472259,0.747690514,3.950564261,60,0.751169405
239.129,-8.117674084,3.855658787,60,-8.117642566,3.865388034,0.7475903,3.950467696,60,0.751127785
239.229,-8.117674084,3.855658787,60,-8.11766619,3.865347122,0.747540191,3.950419411,60,0.751072817
239.234,-8.117674084,3.855466992,60,-8.117665747,3.865345084,0.747537685,3.950416997,60,0.751069852
239.429,-8.117021118,3.855466992,60,-8.117027124,3.865268713,0.747439976,3.950322846,60,0.750871674
239.629,-8.117674084,3.855466992,60,-8.117656503,3.865182723,0.747339762,3.950226281,60,0.750849445
239.729,-8.117674084,3.855466992,60,-8.117699969,3.865140988,0.747289653,3.950177997,60,0.750802977
239.734,-8.117674084,3.855466992,60,-8.11771428,3.865138828,0.747287148,3.950175583,60,0.750802372
239.929,-8.11832705,3.855275197,60,-8.11828305,3.865054318,0.747189431,3.950081424,60,0.750781888
240.129,-8.11832705,3.855275197,60,-8.118439164,3.864969431,0.747089205,3.949984848,60,0.750706782
240.229,-8.118980016,3.855275197,60,-8.118797161,3.864925229,0.74703909,3.949936557,60,0.750709386
240.232,-8.118980016,3.855275197,60,-8.11879536,3.864923969,0.747037586,3.949935109,60,0.750707768
240.429,-8.11832705,3.855083402,60,-8.118538743,3.86484185,0.746938859,3.949839977,60,0.750583678
240.629,-8.119632982,3.854891606,60,-8.119481145,3.864751313,0.746838625,3.949743392,60,0.75062711
240.729,-8.119632982,3.854891606,60,-8.119632982,3.864707588,0.746788504,3.949695097,60,0.750606717
240.734,-8.119632982,3.854891606,60,-8.119632982,3.86470544,0.746785998,3.949692682,60,0.75060468
240.929,-8.119632982,3.854891606,60,-8.119554082,3.864621928,0.746688262,3.949598505,60,0.750516026
241.129,-8.118980016,3.854699811,60,-8.119057182,3.864538233,0.746588023,3.949501917,60,0.750370785
241.229,-8.118980016,3.854699811,60,-8.119113851,3.864494574,0.746537906,3.949453624,60,0.750341085
241.234,-8.118980016,3.854699811,60,-8.119125223,3.864492341,0.7465354,3.949451209,60,0.750340788
241.429,-8.120285948,3.854699811,60,-8.120075475,3.864402175,0.746437664,3.949357032,60,0.750401311
241.629,-8.119632982,3.854508016,60,-8.119812376,3.864316106,0.746337417,3.949260436,60,0.750296855
241.729,-8.120285948,3.854508016,60,-8.120177767,3.864270189,0.746287294,3.949212138,60,0.750313971
241.732,-8.120285948,3.854508016,60,-8.120193055,3.864268787,0.74628579,3.949210689,60,0.750315085
241.929,-8.120285948,3.854316221,60,-8.120326189,3.864181261,0.746187044,3.949115538,60,0.750270776
242.13,-8.120938914,3.854316221,60,-8.120875433,3.864089278,0.746086288,3.949018452,60,0.750285502
242.229,-8.120285948,3.854316221,60,-8.12031501,3.864048447,0.746036662,3.948970633,60,0.750179661
242.234,-8.120285948,3.854316221,60,-8.120285948,3.864046389,0.746034156,3.948968218,60,0.750174214
242.429,-8.120285948,3.854316221,60,-8.120292384,3.86395966,0.745936412,3.948874033,60,0.750119494
242.629,-8.120938914,3.854124426,60,-8.120913191,3.863866951,0.745836157,3.948777429,60,0.750150584
242.729,-8.120938914,3.854124426,60,-8.120905859,3.863822214,0.745786028,3.948729126,60,0.750123626
242.734,-8.120938914,3.854124426,60,-8.120892055,3.863820049,0.745783522,3.94872671,60,0.750120453
242.929,-8.120285948,3.85393263,60,-8.120385351,3.863735386,0.745685773,3.948632522,60,0.750001518
243.129,-8.120938914,3.85393263,60,-8.120878,3.863642689,0.745585519,3.948535918,60,0.750020697
243.229,-8.120938914,3.85393263,60,-8.120938914,3.863597238,0.74553539,3.948487614,60,0.750005836
243.232,-8.120938914,3.85393263,60,-8.120938914,3.863595883,0.745533886,3.948486165,60,0.75000515
243.429,-8.120938914,3.853740835,60,-8.121012009,3.863506408,0.745435131,3.948391006,60,0.749971025
243.629,-8.12159188,3.853740835,60,-8.121514389,3.863412901,0.745334868,3.948294395,60,0.749997601
243.729,-8.12159188,3.85354904,60,-8.121664273,3.863366587,0.745284735,3.948246087,60,0.749997934
243.734,-8.12159188,3.85354904,60,-8.121672285,3.863364266,0.745282228,3.948243672,60,0.749998037
243.93,-8.122244847,3.85354904,60,-8.122165016,3.863272159,0.745183963,3.948148985,60,0.750027861
244.129,-8.122244847,3.853357245,60,-8.122244847,3.863180693,0.74508419,3.948052845,60,0.750002611
244.229,-8.122244847,3.853357245,60,-8.122244847,3.863134873,0.745034053,3.948004533,60,0.749985065
244.235,-8.122244847,3.853357245,60,-8.122244847,3.863132123,0.745031045,3.948001635,60,0.749984022
244.43,-8.122244847,3.853357245,60,-8.122373299,3.863040576,0.744933277,3.947906161,60,0.74997131
244.629,-8.123550779,3.85316545,60,-8.123331026,3.862941656,0.744833496,3.94780812,60,0.750075351
244.729,-8.122897813,3.85316545,60,-8.123485437,3.862893637,0.744783351,3.94775885,60,0.750083696
244.733,-8.123550779,3.85316545,60,-8.123489307,3.862891728,0.744781345,3.947756879,60,0.750083718
244.929,-8.122897813,3.852973654,60,-8.122965443,3.862802096,0.744683064,3.947660312,60,0.749987349
245.129,-8.123550779,3.852973654,60,-8.123535246,3.862704379,0.744582777,3.947561775,60,0.750041807
245.229,-8.123550779,3.852973654,60,-8.123550779,3.862656921,0.744532632,3.947512504,60,0.750032763
245.234,-8.123550779,3.852973654,60,-8.123550779,3.862654551,0.744530125,3.94751004,60,0.750032214
245.43,-8.123550779,3.852781859,60,-8.123550779,3.862561593,0.74443184,3.94741347,60,0.750011203
245.629,-8.123550779,3.852590064,60,-8.123617353,3.862466704,0.74433205,3.947315421,60,0.750000137
245.729,-8.124203745,3.852781859,60,-8.12412143,3.86241634,0.744281903,3.947266148,60,0.750059796
245.734,-8.124203745,3.852781859,60,-8.124126463,3.86241393,0.744279396,3.947263684,60,0.750060034
245.93,-8.124203745,3.852590064,60,-8.124203745,3.862320093,0.744181103,3.947167106,60,0.750053237
246.129,-8.124203745,3.852590064,60,-8.124203745,3.862225129,0.744081306,3.947069049,60,0.750036572
246.229,-8.124203745,3.852398269,60,-8.124270158,3.862176995,0.744031156,3.947019774,60,0.750037691
246.233,-8.124203745,3.852398269,60,-8.12427859,3.862175037,0.74402915,3.947017803,60,0.750038536
246.429,-8.124856711,3.852398269,60,-8.12477977,3.8620785,0.743930853,3.946921221,60,0.750092771
246.629,-8.124856711,3.852398269,60,-8.124856711,3.861982226,0.743830547,3.946822664,60,0.750089828
246.729,-8.124856711,3.852206474,60,-8.124856711,3.861934262,0.743780393,3.946773385,60,0.750083407
246.734,-8.124856711,3.852206474,60,-8.124856711,3.861931863,0.743777886,3.946770921,60,0.750083091
246.93,-8.124856711,3.852206474,60,-8.124934156,3.861837345,0.743679585,3.946674335,60,0.750081768
247.129,-8.125509677,3.852014678,60,-8.12558247,3.86173807,0.743579775,3.946576266,60,0.750159893
247.229,-8.126162643,3.852014678,60,-8.126022918,3.861687456,0.743529616,3.946526981,60,0.750215612
247.234,-8.126162643,3.852014678,60,-8.126044769,3.861684925,0.743527108,3.946524517,60,0.750218384
247.429,-8.126162643,3.851822883,60,-8.126162643,3.861590196,0.743429293,3.946428408,60,0.750226347
247.63,-8.126162643,3.851631088,60,-8.126162643,3.861493139,0.743328468,3.946329342,60,0.750218577
247.729,-8.126162643,3.851631088,60,-8.12619695,3.861445115,0.743278808,3.946280548,60,0.750219702
247.732,-8.126162643,3.851631088,60,-8.126198216,3.861443658,0.743277303,3.94627907,60,0.750219768
247.93,-8.126815609,3.851631088,60,-8.126815374,3.86134446,0.74317798,3.946181478,60,0.750298238
248.13,-8.127468575,3.851439293,60,-8.127457965,3.861243956,0.743077645,3.946082893,60,0.750381668
248.229,-8.126815609,3.851439293,60,-8.126823632,3.861199445,0.743027979,3.946034094,60,0.750292481
248.234,-8.126815609,3.851439293,60,-8.126823211,3.861197024,0.743025471,3.946031629,60,0.750292305
248.429,-8.126815609,3.851439293,60,-8.126815609,3.861102505,0.742927648,3.945935513,60,0.750286907
248.63,-8.126815609,3.851439293,60,-8.126815609,3.861004973,0.742826815,3.945836438,60,0.75028292
248.729,-8.126815609,3.851247498,60,-8.126770229,3.860957165,0.742777151,3.945787641,60,0.750274904
248.734,-8.126815609,3.851247498,60,-8.126757506,3.860954808,0.742774643,3.945785176,60,0.750273069
248.93,-8.126162643,3.851247498,60,-8.12628671,3.860862275,0.742676322,3.945688571,60,0.750204841
249.129,-8.126815609,3.851055703,60,-8.126746371,3.860763083,0.742576497,3.945590486,60,0.750264754
249.229,-8.126815609,3.851055703,60,-8.126885198,3.860713695,0.742526331,3.945541196,60,0.75028262
249.232,-8.126815609,3.850863907,60,-8.126891261,3.860712202,0.742524826,3.945539717,60,0.75028342
249.43,-8.127468575,3.851055703,60,-8.127390206,3.860613068,0.742425495,3.945442118,60,0.750350385
249.629,-8.127468575,3.850863907,60,-8.127468575,3.86051566,0.742325657,3.945344022,60,0.750360492
249.729,-8.127468575,3.850672112,60,-8.12788475,3.860464589,0.742275487,3.945294726,60,0.750417589
249.734,-8.128121541,3.850672112,60,-8.127925522,3.860461924,0.742272978,3.945292261,60,0.750423193
249.93,-8.128774507,3.850672112,60,-8.128622367,3.860362313,0.742174635,3.945195633,60,0.750520156
250.13,-8.128121541,3.850672112,60,-8.128050967,3.860267712,0.742074284,3.945097033,60,0.750443389
250.229,-8.127468575,3.850480317,60,-8.127658616,3.860221529,0.742024614,3.945048229,60,0.750390075
250.234,-8.127468575,3.850480317,60,-8.127639687,3.860219192,0.742022105,3.945045764,60,0.7503875
250.43,-8.128121541,3.850480317,60,-8.128120431,3.860120782,0.741923769,3.944949142,60,0.750454783
250.63,-8.128774507,3.850288522,60,-8.128733675,3.860019527,0.741823418,3.944850542,60,0.750541484
250.729,-8.128774507,3.850288522,60,-8.128774507,3.859970813,0.741773742,3.944801732,60,0.750548699
250.732,-8.128774507,3.850288522,60,-8.128774507,3.859969343,0.741772237,3.944800253,60,0.750548749
250.929,-8.128774507,3.850096727,60,-8.128810102,3.859872631,0.741673387,3.944703127,60,0.750557057
251.129,-8.130080439,3.850096727,60,-8.130064097,3.859767555,0.741573023,3.944604514,60,0.750733931
251.229,-8.128774507,3.849904931,60,-8.128839134,3.859725242,0.741522842,3.944555208,60,0.750568259
251.234,-8.128774507,3.849904931,60,-8.12885148,3.859722722,0.741520333,3.944552743,60,0.750570049
251.429,-8.129427473,3.849904931,60,-8.129426514,3.859623874,0.741422482,3.944456599,60,0.750653432
251.63,-8.130080439,3.849904931,60,-8.129933516,3.85952231,0.741321613,3.944357489,60,0.75072872
251.729,-8.129427473,3.849713136,60,-8.129535009,3.85947586,0.741271932,3.944308674,60,0.75067692
251.735,-8.129427473,3.849713136,60,-8.12952651,3.859472959,0.741268921,3.944305716,60,0.750675916
251.93,-8.129427473,3.849713136,60,-8.129558452,3.859376983,0.741171066,3.944209568,60,0.750685765
252.13,-8.130733405,3.849521341,60,-8.130587522,3.859272896,0.741070695,3.944110947,60,0.750833766
252.229,-8.130733405,3.849521341,60,-8.130733405,3.859223318,0.741021007,3.944062126,60,0.75085761
252.233,-8.130733405,3.849521341,60,-8.130733405,3.859221347,0.741019,3.944060154,60,0.750857766
252.43,-8.130733405,3.849521341,60,-8.130733405,3.859124271,0.740920126,3.943963004,60,0.750865543
252.629,-8.130733405,3.849329546,60,-8.130733405,3.859026196,0.740820248,3.943864869,60,0.750873538
252.729,-8.130733405,3.849329546,60,-8.130803897,3.858976513,0.740770058,3.943815554,60,0.750887297
252.734,-8.130733405,3.849329546,60,-8.130810428,3.858974012,0.740767549,3.943813089,60,0.750888399
252.929,-8.131386371,3.849329546,60,-8.13131065,3.858875059,0.740669675,3.943716922,60,0.750965571
253.13,-8.131386371,3.849137751,60,-8.131253994,3.858776158,0.740568786,3.943617793,60,0.750967042
253.229,-8.130733405,3.849137751,60,-8.130910449,3.858729211,0.740519096,3.943568969,60,0.750924273
253.234,-8.130733405,3.849137751,60,-8.130890015,3.858726857,0.740516587,3.943566503,60,0.750921687
253.43,-8.131386371,3.848945955,60,-8.131385621,3.858627402,0.74041821,3.943469843,60,0.750998555
253.629,-8.132039337,3.848945955,60,-8.132002826,3.858525663,0.740318321,3.943371696,60,0.751093227
253.729,-8.132039337,3.848945955,60,-8.13146715,3.858479206,0.740268125,3.943322375,60,0.751024766
253.733,-8.131386371,3.84875416,60,-8.131440894,3.858477375,0.740266117,3.943320402,60,0.751021364
253.929,-8.132039337,3.84875416,60,-8.132030062,3.858377258,0.740167733,3.943223735,60,0.751112183
254.13,-8.132039337,3.848562365,60,-8.132069255,3.858277638,0.740066836,3.943124597,60,0.751128227
254.229,-8.132692304,3.848562365,60,-8.132628183,3.858225672,0.740017138,3.943075883,60,0.751210454
254.234,-8.132692304,3.848562365,60,-8.132615954,3.858223346,0.740014628,3.9430735,60,0.751209033
254.429,-8.132039337,3.84837057,60,-8.132117064,3.858134129,0.739916738,3.942981909,60,0.751149767
254.63,-8.132692304,3.848178775,60,-8.132638221,3.858037508,0.739815837,3.942888573,60,0.751230391
254.729,-8.132692304,3.84837057,60,-8.13274781,3.857990703,0.739766137,3.942842601,60,0.751250123
254.734,-8.132692304,3.84837057,60,-8.132759524,3.857988304,0.739763627,3.942840279,60,0.751251972
254.93,-8.13334527,3.848178775,60,-8.133274714,3.857893933,0.739665227,3.942749258,60,0.751332431
255.13,-8.13334527,3.848178775,60,-8.133497356,3.857799253,0.739564815,3.942656376,60,0.751373354
255.229,-8.133998236,3.847986979,60,-8.133843235,3.857751058,0.73951511,3.942610397,60,0.751426177
255.232,-8.133998236,3.847986979,60,-8.133851482,3.85774961,0.739513603,3.942609004,60,0.751427475
255.43,-8.133998236,3.847986979,60,-8.133998236,3.857656185,0.739414188,3.942517044,60,0.751458622
255.63,-8.133998236,3.847795184,60,-8.134154998,3.857561771,0.739313768,3.942424154,60,0.751491244
255.729,-8.134651202,3.847795184,60,-8.134180702,3.857515314,0.739264059,3.942378172,60,0.751500327
255.734,-8.133998236,3.847795184,60,-8.134172334,3.857513021,0.739261549,3.94237585,60,0.751499459
255.93,-8.134651202,3.847795184,60,-8.13450967,3.857419444,0.739163133,3.942284815,60,0.751556923
256.13,-8.133998236,3.847795184,60,-8.134059533,3.857328368,0.73906271,3.942191922,60,0.751506287
256.229,-8.133998236,3.847603389,60,-8.133998236,3.857282426,0.739013002,3.942145941,60,0.751503156
256.234,-8.133998236,3.847603389,60,-8.133998236,3.857280088,0.739010491,3.942143619,60,0.751503421
256.43,-8.133998236,3.847411594,60,-8.134083401,3.857188,0.73891208,3.942052587,60,0.751525505
256.63,-8.135304168,3.847411594,60,-8.135251402,3.857087943,0.738811652,3.94195969,60,0.751697419
256.729,-8.135304168,3.847411594,60,-8.135304168,3.857041263,0.738761936,3.941913703,60,0.751710772
256.732,-8.135304168,3.847411594,60,-8.135304168,3.857039857,0.73876043,3.941912309,60,0.751710957
256.929,-8.135304168,3.847219799,60,-8.135304365,3.856947556,0.738661501,3.941820798,60,0.751723046
257.13,-8.135957134,3.847028003,60,-8.13588736,3.856850116,0.738560559,3.941727426,60,0.75181579
257.229,-8.135304168,3.847028003,60,-8.1354311,3.856806236,0.738510841,3.941681436,60,0.751759309
257.234,-8.135957134,3.847028003,60,-8.135461451,3.856803725,0.73850833,3.941679113,60,0.751763787
257.429,-8.135957134,3.847028003,60,-8.135957134,3.856709566,0.738410398,3.941588526,60,0.751844262
257.63,-8.135957134,3.846836208,60,-8.135957134,3.85661533,0.738309452,3.941495149,60,0.751856998
257.729,-8.135957134,3.846836208,60,-8.136016817,3.856568589,0.738259732,3.941449158,60,0.751871448
257.734,-8.135957134,3.846836208,60,-8.136028026,3.856566183,0.738257221,3.941446835,60,0.751873305
257.93,-8.1366101,3.846644413,60,-8.136608626,3.856471043,0.738158782,3.941355777,60,0.75196581
258.13,-8.137263066,3.846452618,60,-8.137030378,3.85637481,0.738058327,3.941262855,60,0.752037467
258.229,-8.1366101,3.846644413,60,-8.136842123,3.856329373,0.738008601,3.941216858,60,0.75201835
258.232,-8.1366101,3.846644413,60,-8.136838439,3.856327986,0.738007094,3.941215464,60,0.752018044
258.43,-8.137263066,3.846452618,60,-8.137183576,3.856233132,0.737907642,3.94112347,60,0.752078899
258.63,-8.137263066,3.846452618,60,-8.137109382,3.856139633,0.737807183,3.941030544,60,0.75208244
258.729,-8.1366101,3.846260823,60,-8.136892522,3.856094376,0.737757457,3.940984546,60,0.752059212
258.734,-8.1366101,3.846260823,60,-8.136883147,3.856092082,0.737754945,3.940982223,60,0.752058251
258.929,-8.137916032,3.846260823,60,-8.137776926,3.855995595,0.737656996,3.940891619,60,0.752194356
259.13,-8.137916032,3.846260823,60,-8.137916032,3.855900368,0.737556026,3.940798221,60,0.752227841
259.229,-8.137916032,3.846069027,60,-8.137916032,3.85585385,0.737506295,3.940752218,60,0.752234886
259.234,-8.137916032,3.846069027,60,-8.137916032,3.8558515,0.737503783,3.940749895,60,0.752235242
259.43,-8.137916032,3.846069027,60,-8.137951834,3.855759222,0.737405324,3.940658819,60,0.752253969
259.63,-8.138568998,3.845877232,60,-8.138513762,3.855662117,0.737304852,3.940565882,60,0.752345579
259.729,-8.137916032,3.845877232,60,-8.138567511,3.85561527,0.737255117,3.940519876,60,0.752360234
259.732,-8.138568998,3.845877232,60,-8.138568733,3.855613853,0.73725361,3.940518482,60,0.752360622
259.93,-8.138568998,3.845685437,60,-8.138556508,3.855520834,0.737154138,3.940426469,60,0.752373362
260.13,-8.137916032,3.845685437,60,-8.138009332,3.855429917,0.737053666,3.940333531,60,0.75231206
260.229,-8.138568998,3.845493642,60,-8.138495019,3.855380739,0.737003932,3.940287527,60,0.752385624
260.234,-8.138568998,3.845493642,60,-8.138499437,3.855378365,0.73700142,3.940285203,60,0.752386589
260.43,-8.138568998,3.845493642,60,-8.138621908,3.855285596,0.736902954,3.94019412,60,0.752417269
260.63,-8.139221964,3.845301847,60,-8.139158098,3.855188617,0.736802473,3.940101175,60,0.75250544
260.729,-8.139221964,3.845301847,60,-8.139221964,3.855141705,0.736752734,3.940055165,60,0.752521526
260.734,-8.139221964,3.845301847,60,-8.139221964,3.855139354,0.736750222,3.940052842,60,0.752521893
260.93,-8.139221964,3.845301847,60,-8.139297055,3.855046771,0.736651747,3.939961751,60,0.752546603
261.129,-8.13987493,3.845110051,60,-8.139640878,3.854951262,0.736551762,3.939869264,60,0.752608724
261.229,-8.139221964,3.845110051,60,-8.139453458,3.854905264,0.736501518,3.939822787,60,0.752590363
261.233,-8.139221964,3.845110051,60,-8.139447402,3.854903416,0.736499508,3.939820928,60,0.752589821
261.429,-8.13987493,3.844918256,60,-8.139795093,3.854809317,0.736401029,3.939729834,60,0.752652065
261.63,-8.13987493,3.844918256,60,-8.140024364,3.854713483,0.736300034,3.939636412,60,0.752698662
261.729,-8.140527896,3.844918256,60,-8.140021357,3.854666917,0.736250289,3.939590398,60,0.752705735
261.734,-8.13987493,3.844918256,60,-8.140013977,3.854664606,0.736247777,3.939588074,60,0.752705099
261.93,-8.140527896,3.844726461,60,-8.140526621,3.854569526,0.73614929,3.939496972,60,0.752790514
262.13,-8.141180862,3.844726461,60,-8.141129763,3.854471968,0.736048786,3.939404005,60,0.752889404
262.229,-8.141180862,3.844534666,60,-8.141180862,3.854425024,0.735999034,3.939357984,60,0.752904496
262.234,-8.141180862,3.844726461,60,-8.141180862,3.854422667,0.735996522,3.93935566,60,0.752904904
262.43,-8.141180862,3.844534666,60,-8.141180862,3.854330303,0.735898024,3.939264548,60,0.752920717
262.63,-8.141180862,3.844534666,60,-8.141180862,3.854236082,0.735797515,3.939171576,60,0.752936646
262.73,-8.141180862,3.844342871,60,-8.141180862,3.85418898,0.735747261,3.93912509,60,0.752944529
262.733,-8.141180862,3.844342871,60,-8.141180862,3.854187568,0.735745753,3.939123696,60,0.752944764
262.93,-8.141180862,3.844151076,60,-8.141201839,3.85409468,0.735646752,3.939032119,60,0.752963032
263.13,-8.141833828,3.844151076,60,-8.141795764,3.853997173,0.73554624,3.938939144,60,0.753060625
263.23,-8.141833828,3.844151076,60,-8.14197439,3.853949046,0.735495981,3.938892654,60,0.75309334
263.235,-8.143139761,3.844342871,60,-8.142016022,3.853946458,0.735493468,3.938890329,60,0.75309948
263.43,-8.141833828,3.84395928,60,-8.142069252,3.853854188,0.73539546,3.93879967,60,0.753123178
263.63,-8.143139761,3.843767485,60,-8.14286875,3.85375542,0.735294935,3.938706684,60,0.753249951
263.73,-8.142486794,3.843767485,60,-8.142697198,3.853709175,0.735244671,3.938660189,60,0.753234893
263.735,-8.142486794,3.843767485,60,-8.14269597,3.853706823,0.735242158,3.938657864,60,0.753235139
263.93,-8.143139761,3.843767485,60,-8.143061165,3.853612788,0.735144142,3.938567198,60,0.753301959
264.13,-8.143139761,3.843767485,60,-8.143139761,3.853517952,0.73504361,3.938474204,60,0.753329966
264.23,-8.143139761,3.84357569,60,-8.143139761,3.853470984,0.734993344,3.938427939,60,0.753340663
264.233,-8.143139761,3.84357569,60,-8.143139761,3.853469582,0.734991836,3.938426558,60,0.753341048
264.43,-8.143139761,3.84357569,60,-8.143216297,3.853377514,0.734892811,3.938336309,60,0.753380836
264.63,-8.143792727,3.843383895,60,-8.14372144,3.853281774,0.734792274,3.938244807,60,0.753481407
264.73,-8.143792727,3.8431921,60,-8.144243118,3.853232379,0.734742003,3.938199054,60,0.753568958
264.735,-8.144445693,3.8431921,60,-8.144276888,3.853229866,0.734739489,3.938196766,60,0.753574395
264.93,-8.144445693,3.843383895,60,-8.144445693,3.853138181,0.734641455,3.938107542,60,0.75362889
265.13,-8.144445693,3.8431921,60,-8.144445693,3.853045133,0.734540906,3.93801603,60,0.753660729
265.23,-8.144445693,3.843000304,60,-8.144445693,3.852998622,0.734490632,3.937970274,60,0.753676528
265.235,-8.144445693,3.843000304,60,-8.144445693,3.852996297,0.734488118,3.937967986,60,0.753677318
265.43,-8.144445693,3.843000304,60,-8.144445693,3.852905628,0.734390083,3.937878761,60,0.753707907
265.63,-8.144445693,3.842808509,60,-8.144445693,3.852812669,0.734289534,3.937787249,60,0.753739003
265.73,-8.144445693,3.843000304,60,-8.144445693,3.852766202,0.73423926,3.937741493,60,0.753754446
265.733,-8.144445693,3.843000304,60,-8.144445693,3.852764808,0.734237752,3.93774012,60,0.753754908
265.93,-8.144445693,3.842808509,60,-8.144445693,3.852673293,0.734138711,3.93764998,60,0.753785136
266.13,-8.144445693,3.842616714,60,-8.144535005,3.852579917,0.734038162,3.937558468,60,0.753827886
266.23,-8.145098659,3.842616714,60,-8.144946493,3.852531184,0.733987886,3.93751271,60,0.753899852
266.235,-8.145098659,3.842616714,60,-8.144940737,3.852528892,0.733985372,3.937510422,60,0.753899838
266.43,-8.144445693,3.842616714,60,-8.144572765,3.852440355,0.733887333,3.937421194,60,0.753878955
266.63,-8.145098659,3.842424919,60,-8.145027599,3.852344971,0.73378678,3.937329678,60,0.753971931
266.73,-8.145098659,3.842424919,60,-8.14516836,3.852297738,0.733736502,3.937283918,60,0.7540066
266.735,-8.145098659,3.842424919,60,-8.145177931,3.852295363,0.733733988,3.93728163,60,0.754008682
266.93,-8.145751625,3.842233124,60,-8.145671659,3.852202008,0.733635941,3.937192395,60,0.754106781
267.13,-8.145751625,3.842233124,60,-8.145909322,3.852107709,0.733535376,3.937100868,60,0.754170651
267.23,-8.146404591,3.842041328,60,-8.146248245,3.852059325,0.733485092,3.937055102,60,0.754233038
267.232,-8.146404591,3.842233124,60,-8.146255406,3.852058355,0.733484086,3.937054187,60,0.754234341
267.43,-8.146404591,3.841849533,60,-8.146479178,3.851964993,0.733384519,3.936963568,60,0.754296522
267.63,-8.147057557,3.842041328,60,-8.146853488,3.851869843,0.733283942,3.93687203,60,0.754379968
267.73,-8.146404591,3.842041328,60,-8.146531839,3.851825096,0.733233654,3.936826262,60,0.754351523
267.735,-8.146404591,3.842041328,60,-8.14650833,3.8518229,0.73323114,3.936823973,60,0.754349074
267.93,-8.146404591,3.841849533,60,-8.146509776,3.851732238,0.733133081,3.936734727,60,0.754379558
268.13,-8.147710523,3.841465943,60,-8.147633357,3.85163296,0.7330325,3.936643185,60,0.754565995
268.23,-8.147710523,3.841465943,60,-8.147694212,3.851586045,0.732982205,3.936597411,60,0.754590592
268.235,-8.147710523,3.841465943,60,-8.147693266,3.851583721,0.732979691,3.936595122,60,0.754591273
268.43,-8.147057557,3.841465943,60,-8.147081831,3.851496358,0.73288162,3.936505865,60,0.754537997
268.63,-8.147710523,3.841465943,60,-8.147701588,3.851399892,0.732781035,3.93641432,60,0.754654888
268.73,-8.147710523,3.841274148,60,-8.147728949,3.851353202,0.732730741,3.936368545,60,0.754674512
268.733,-8.147710523,3.841274148,60,-8.147737952,3.851351756,0.732729232,3.936367172,60,0.754676226
268.93,-8.148363489,3.841274148,60,-8.148326729,3.851256785,0.732630148,3.936276993,60,0.754788851
269.13,-8.148363489,3.841274148,60,-8.148464826,3.851162879,0.73252955,3.936185436,60,0.75484007
269.23,-8.149016455,3.841082352,60,-8.148848593,3.851114172,0.73247925,3.936139656,60,0.754909153
269.235,-8.149016455,3.841082352,60,-8.148844334,3.851111865,0.732476735,3.936137367,60,0.754909389
269.43,-8.148363489,3.841082352,60,-8.148498748,3.851022961,0.732378649,3.936048096,60,0.754893202
269.63,-8.149016455,3.840698762,60,-8.148942668,3.850927394,0.732278048,3.935956536,60,0.754986384
269.73,-8.149016455,3.840890557,60,-8.149016455,3.850880416,0.732227745,3.935910755,60,0.755012625
269.735,-8.149016455,3.840890557,60,-8.149016455,3.850878087,0.73222523,3.935908465,60,0.755013426
269.93,-8.149016455,3.840698762,60,-8.149094787,3.850786861,0.73212714,3.935819191,60,0.755055408
270.131,-8.149669421,3.840698762,60,-8.149591841,3.8506905,0.732026028,3.935727165,60,0.755156256
270.23,-8.149669421,3.840506967,60,-8.149597045,3.850644354,0.731976225,3.935681838,60,0.755172993
270.233,-8.149669421,3.840506967,60,-8.149593164,3.850642978,0.731974715,3.935680465,60,0.755172942
270.43,-8.149016455,3.840698762,60,-8.149089611,3.85055407,0.731875615,3.935590271,60,0.755134805
270.63,-8.149016455,3.840315172,60,-8.149273176,3.850460047,0.731775009,3.935498706,60,0.755191191
270.73,-8.150322387,3.840315172,60,-8.15008589,3.850409004,0.731724703,3.935452921,60,0.75531903
270.735,-8.150322387,3.840315172,60,-8.150134887,3.850406405,0.731722187,3.935450631,60,0.75532658
270.93,-8.150322387,3.840315172,60,-8.150322387,3.85031451,0.731624082,3.935361343,60,0.755384061
271.13,-8.150322387,3.840123376,60,-8.150322387,3.85022135,0.731523461,3.935269765,60,0.755416295
271.23,-8.150322387,3.840123376,60,-8.150314568,3.850174827,0.73147315,3.935223975,60,0.755431217
271.235,-8.150322387,3.840315172,60,-8.15031413,3.850172501,0.731470635,3.935221686,60,0.755431956
271.43,-8.149669421,3.840123376,60,-8.149678149,3.850085303,0.731372533,3.935132401,60,0.755374855
271.63,-8.150975353,3.840123376,60,-8.150940047,3.849985251,0.731271912,3.935040822,60,0.755580233
271.73,-8.150975353,3.839931581,60,-8.150975353,3.849938469,0.731221597,3.93499503,60,0.755601235
271.733,-8.150975353,3.839931581,60,-8.150975353,3.849937072,0.731220088,3.934993656,60,0.755601717
271.93,-8.150975353,3.839739786,60,-8.150975353,3.84984532,0.731120968,3.934903444,60,0.755633314
272.13,-8.150975353,3.839739786,60,-8.150975353,3.849752207,0.731020338,3.934811858,60,0.755665108
272.23,-8.150975353,3.839739786,60,-8.151034043,3.849705336,0.730970024,3.934766065,60,0.755689007
272.235,-8.150975353,3.839739786,60,-8.151045474,3.849702945,0.730967508,3.934763775,60,0.755691373
272.43,-8.151628319,3.839547991,60,-8.151556283,3.849609323,0.73086939,3.934674476,60,0.755792834
272.63,-8.151628319,3.839547991,60,-8.151780188,3.849514926,0.730768753,3.934582883,60,0.755855792
272.73,-8.152281285,3.839356196,60,-8.15212595,3.849466417,0.730718432,3.934537084,60,0.755919621
272.735,-8.152281285,3.839356196,60,-8.152140226,3.849464008,0.730715916,3.934534794,60,0.755922404
272.93,-8.152281285,3.839356196,60,-8.152360185,3.849371897,0.730617787,3.934445484,60,0.755984496
273.13,-8.152934251,3.8391644,60,-8.152702791,3.849276755,0.730517138,3.93435388,60,0.756064474
273.23,-8.152281285,3.8391644,60,-8.152501865,3.849231253,0.730466813,3.934308078,60,0.756053061
273.233,-8.152281285,3.8391644,60,-8.152493516,3.849229901,0.730465303,3.934306704,60,0.756052395
273.43,-8.152934251,3.838972605,60,-8.152864252,3.849136045,0.730366163,3.934216474,60,0.756135402
273.63,-8.152934251,3.838972605,60,-8.152934251,3.849042437,0.73026551,3.934124867,60,0.756177553
273.73,-8.152934251,3.838972605,60,-8.153401647,3.848993231,0.730215182,3.934079061,60,0.756258295
273.735,-8.153587218,3.838972605,60,-8.15343261,3.848990729,0.730212665,3.934076771,60,0.75626338
273.93,-8.152934251,3.83878081,60,-8.153016057,3.848902135,0.730114524,3.93398745,60,0.756237685
274.13,-8.153587218,3.83878081,60,-8.153563471,3.84880591,0.730013867,3.933895839,60,0.756345456
274.23,-8.153587218,3.83878081,60,-8.153587218,3.848761118,0.729963536,3.933851996,60,0.756358954
274.236,-8.153587218,3.83878081,60,-8.153591853,3.84875843,0.729960516,3.933849383,60,0.756360152
274.43,-8.154240184,3.838589015,60,-8.154233468,3.848669581,0.72986287,3.933765706,60,0.756464438
274.63,-8.154240184,3.838589015,60,-8.154240184,3.848581583,0.729762201,3.933679437,60,0.756481828
274.73,-8.154240184,3.83839722,60,-8.154240184,3.848537618,0.729711866,3.933636303,60,0.756489949
274.733,-8.154240184,3.83839722,60,-8.154240184,3.848536299,0.729710356,3.933635009,60,0.75649019
274.931,-8.154240184,3.83839722,60,-8.154291278,3.848448994,0.729610693,3.933549603,60,0.756513068
275.131,-8.15489315,3.838205424,60,-8.154830672,3.848358087,0.729510019,3.933463331,60,0.756603591
275.23,-8.15489315,3.838205424,60,-8.15489315,3.848314206,0.729460184,3.933420625,60,0.756620292
275.235,-8.15489315,3.838205424,60,-8.15489315,3.848312008,0.729457667,3.933418468,60,0.756620698
275.43,-8.15489315,3.838013629,60,-8.154966266,3.848225874,0.729359506,3.93333435,60,0.756646522
275.63,-8.155546116,3.838013629,60,-8.155468613,3.848135148,0.729258824,3.933248071,60,0.756732086
275.73,-8.155546116,3.838013629,60,-8.155546116,3.848090733,0.729208482,3.93320493,60,0.756751004
275.736,-8.155546116,3.838013629,60,-8.155546116,3.848088094,0.729205461,3.933202342,60,0.756751496
275.931,-8.155546116,3.837821834,60,-8.155546116,3.848002347,0.729107293,3.933118217,60,0.756767332
276.131,-8.155546116,3.837630039,60,-8.155395172,3.847915284,0.729006607,3.933031935,60,0.756762379
276.23,-8.15489315,3.837630039,60,-8.155107398,3.847873406,0.72895677,3.932989227,60,0.756730224
276.233,-8.15489315,3.837630039,60,-8.155098011,3.847872141,0.728955259,3.932987932,60,0.756729154
276.431,-8.155546116,3.837630039,60,-8.155545471,3.847782753,0.728855584,3.932902516,60,0.756805731
276.631,-8.156199082,3.837438244,60,-8.156146167,3.847691561,0.728754894,3.93281623,60,0.756904159
276.73,-8.156199082,3.837438244,60,-8.155705586,3.84765051,0.728705052,3.932773519,60,0.756851051
276.735,-8.155546116,3.837438244,60,-8.155674116,3.847648488,0.728702535,3.932771362,60,0.756847095
276.93,-8.156199082,3.837438244,60,-8.156131402,3.84756034,0.728604362,3.932687233,60,0.75692493
277.13,-8.155546116,3.837246449,60,-8.155654332,3.847475201,0.728503673,3.932600947,60,0.756873979
277.23,-8.157505014,3.837246449,60,-8.157472814,3.847421206,0.728453324,3.932557801,60,0.757132566
277.235,-8.157505014,3.837054653,60,-8.157494311,3.847418888,0.728450806,3.932555643,60,0.757135939
277.431,-8.156852048,3.837246449,60,-8.156870702,3.847336127,0.728352114,3.93247107,60,0.757065901
277.631,-8.156852048,3.837054653,60,-8.156924364,3.847247964,0.728251412,3.932384774,60,0.757088795
277.73,-8.157505014,3.837054653,60,-8.157320925,3.847202268,0.728201563,3.932342056,60,0.757151224
277.734,-8.156852048,3.837054653,60,-8.157297983,3.847200637,0.728199549,3.93234033,60,0.75714837
277.93,-8.156852048,3.836862858,60,-8.156906485,3.847116735,0.728100859,3.932255758,60,0.757109198
278.131,-8.157505014,3.836862858,60,-8.157438792,3.847025526,0.72799965,3.932169027,60,0.757197828
278.23,-8.157505014,3.836862858,60,-8.157505014,3.846981673,0.727949799,3.932126307,60,0.757214547
278.235,-8.157505014,3.836862858,60,-8.157505014,3.846979477,0.727947281,3.93212415,60,0.757214929
278.431,-8.157505014,3.836671063,60,-8.157505014,3.846893406,0.727848585,3.932039573,60,0.757229743
278.631,-8.157505014,3.836671063,60,-8.157505014,3.846805617,0.727747875,3.93195327,60,0.757244541
278.73,-8.157505014,3.836479268,60,-8.157505014,3.846762176,0.727698024,3.93191055,60,0.757251749
278.735,-8.157505014,3.836479268,60,-8.157505014,3.846759983,0.727695506,3.931908393,60,0.757252111
278.931,-8.157505014,3.836287473,60,-8.157659104,3.846673147,0.72759681,3.931823815,60,0.757287465
279.131,-8.158810946,3.836287473,60,-8.158520598,3.846580567,0.727496092,3.931737506,60,0.757421279
279.23,-8.15815798,3.836287473,60,-8.158361082,3.846537966,0.727446235,3.931694781,60,0.75740679
279.234,-8.15815798,3.836287473,60,-8.158347249,3.846536285,0.727444221,3.931693055,60,0.757405183
279.431,-8.158810946,3.836287473,60,-8.158631234,3.846448209,0.72734501,3.931608036,60,0.757459139
279.63,-8.157505014,3.836095677,60,-8.157800545,3.846365516,0.727244795,3.931522157,60,0.75735868
279.73,-8.158810946,3.835903882,60,-8.158122173,3.846319911,0.727194437,3.931479004,60,0.757409881
279.735,-8.15815798,3.836287473,60,-8.158145128,3.846317593,0.727191919,3.931476846,60,0.757413389
279.93,-8.158810946,3.835903882,60,-8.158810154,3.846228379,0.727093715,3.931392691,60,0.757519017
280.131,-8.159463912,3.835712087,60,-8.159467431,3.846136487,0.726992482,3.931305939,60,0.75762468
280.23,-8.160116878,3.835903882,60,-8.160108694,3.846089422,0.726942616,3.931263207,60,0.757720898
280.235,-8.160116878,3.835903882,60,-8.160109123,3.846087221,0.726940098,3.931261049,60,0.757721357
280.43,-8.160116878,3.835712087,60,-8.160116878,3.846001434,0.726841874,3.931176876,60,0.757737862
280.631,-8.160116878,3.835712087,60,-8.160116878,3.845913097,0.726740628,3.931090114,60,0.757753421
280.73,-8.160116878,3.835520292,60,-8.160162688,3.845869348,0.726690761,3.93104738,60,0.757767283
280.734,-8.160116878,3.835520292,60,-8.160172949,3.845867534,0.726688746,3.931045654,60,0.757769004
280.931,-8.160769844,3.835520292,60,-8.160768911,3.845777658,0.726589511,3.930960615,60,0.757866467
281.131,-8.16142281,3.835328497,60,-8.161352762,3.845686454,0.726488756,3.930874274,60,0.757963056
281.23,-8.16142281,3.835328497,60,-8.161354865,3.845642886,0.726438882,3.930831534,60,0.757971334
281.235,-8.16142281,3.835328497,60,-8.161345006,3.845640742,0.726436363,3.930829375,60,0.757970373
281.431,-8.160769844,3.835328497,60,-8.16092701,3.845556904,0.726337623,3.930744761,60,0.757927832
281.63,-8.16142281,3.835136701,60,-8.161343515,3.845467174,0.726237372,3.930658851,60,0.758000372
281.73,-8.16142281,3.834944906,60,-8.161351342,3.845423192,0.726186994,3.93061568,60,0.758009052
281.735,-8.16142281,3.834944906,60,-8.161344344,3.845421035,0.726184475,3.930613521,60,0.758008463
281.931,-8.160769844,3.835136701,60,-8.160922328,3.845337328,0.726085735,3.930528907,60,0.757964475
282.13,-8.16142281,3.834944906,60,-8.161492719,3.845246847,0.725985484,3.930442997,60,0.758057437
282.23,-8.162075776,3.834944906,60,-8.161943174,3.845200433,0.725935103,3.930399823,60,0.758127063
282.233,-8.162075776,3.834944906,60,-8.161956884,3.845199039,0.725933592,3.930398528,60,0.758129181
282.431,-8.162075776,3.834753111,60,-8.162021419,3.845111689,0.725833834,3.930313041,60,0.758153024
282.631,-8.16142281,3.834753111,60,-8.161545959,3.845026543,0.725733071,3.930226693,60,0.75810173
282.73,-8.162075776,3.834561316,60,-8.162025938,3.844980453,0.725683193,3.93018395,60,0.75817496
282.735,-8.162075776,3.834561316,60,-8.162055959,3.844978093,0.725680674,3.930181791,60,0.758179457
282.931,-8.162728742,3.834369521,60,-8.162713623,3.844888375,0.72558192,3.930097164,60,0.758284736
283.131,-8.162728742,3.834369521,60,-8.162728742,3.844800436,0.725481145,3.930010806,60,0.758301729
283.23,-8.162728742,3.834369521,60,-8.162728742,3.844756963,0.725431262,3.929968058,60,0.758308987
283.235,-8.162728742,3.834369521,60,-8.162728742,3.844754768,0.725428742,3.9299659,60,0.758309349
283.431,-8.162728742,3.834177725,60,-8.162762804,3.844668543,0.725329983,3.929881268,60,0.758328149
283.63,-8.163381708,3.834177725,60,-8.163241294,3.844578528,0.725229709,3.929795339,60,0.758408639
283.73,-8.162728742,3.834177725,60,-8.162886985,3.844536598,0.72517932,3.929752158,60,0.75836685
283.733,-8.162728742,3.834177725,60,-8.162890232,3.844535264,0.725177808,3.929750863,60,0.758367504
283.931,-8.163381708,3.834177725,60,-8.163315523,3.844446037,0.725078037,3.929665364,60,0.75844012
284.131,-8.163381708,3.83398593,60,-8.163529111,3.844356849,0.724977255,3.929578765,60,0.758485241
284.23,-8.164034675,3.83398593,60,-8.163883438,3.84431092,0.724927365,3.9295355,60,0.758544498
284.235,-8.164034675,3.83398593,60,-8.163896192,3.844308628,0.724924845,3.929533315,60,0.758546785
284.43,-8.164034675,3.833794135,60,-8.164034675,3.844221247,0.724826575,3.929448093,60,0.758586292
284.631,-8.164034675,3.83360234,60,-8.164034675,3.844132023,0.724725281,3.929360248,60,0.75860685
284.73,-8.164034675,3.83360234,60,-8.164104792,3.844087709,0.724675389,3.929316981,60,0.758626495
284.735,-8.164034675,3.83360234,60,-8.164111286,3.844085455,0.724672869,3.929314796,60,0.758627893
284.931,-8.164687641,3.83360234,60,-8.164613208,3.843995702,0.724574091,3.929229133,60,0.758716989
285.13,-8.164687641,3.833410545,60,-8.164687641,3.843906985,0.724473796,3.929142155,60,0.758747316
285.23,-8.164687641,3.833410545,60,-8.164687641,3.843862632,0.724423397,3.929098448,60,0.758757216
285.234,-8.164687641,3.833410545,60,-8.164687641,3.843860858,0.724421381,3.9290967,60,0.758757611
285.43,-8.164687641,3.833218749,60,-8.164738106,3.843773689,0.724322598,3.929011033,60,0.758783634
285.631,-8.165340607,3.833218749,60,-8.16530694,3.843681433,0.724221291,3.928923178,60,0.758881732
285.73,-8.165340607,3.833026954,60,-8.165340607,3.84363735,0.724171392,3.928879904,60,0.758896051
285.735,-8.165340607,3.833026954,60,-8.165340607,3.843635133,0.724168872,3.928877718,60,0.758896539
285.931,-8.165340607,3.833026954,60,-8.165340607,3.843548269,0.724070082,3.928792045,60,0.758915332
286.131,-8.165340607,3.832835159,60,-8.165370673,3.843459522,0.723969275,3.928704623,60,0.758938194
286.23,-8.165993573,3.832835159,60,-8.165950088,3.84341246,0.723919373,3.928661348,60,0.759027543
286.235,-8.165993573,3.832835159,60,-8.165952516,3.843410231,0.723916853,3.928659162,60,0.759028357
286.431,-8.165993573,3.832835159,60,-8.165993573,3.843323162,0.723818055,3.928573482,60,0.759052591
286.631,-8.165993573,3.832835159,60,-8.166103469,3.84323399,0.72371724,3.928486053,60,0.759086292
286.73,-8.166646539,3.832643364,60,-8.166471878,3.843188109,0.723667335,3.928442774,60,0.759146376
286.733,-8.166646539,3.832643364,60,-8.166469573,3.843186793,0.723665822,3.928441463,60,0.759146338
286.931,-8.165993573,3.832643364,60,-8.166132618,3.843101011,0.723566012,3.928354905,60,0.759117836
287.131,-8.166646539,3.832451569,60,-8.166571239,3.843010104,0.723465193,3.928267473,60,0.759196253
287.23,-8.166646539,3.832451569,60,-8.166646539,3.842965884,0.723415286,3.928224192,60,0.759215503
287.235,-8.166646539,3.832451569,60,-8.166646539,3.842963672,0.723412765,3.928222006,60,0.759215948
287.43,-8.166646539,3.832451569,60,-8.166725385,3.842876989,0.723314463,3.928136756,60,0.759244005
287.63,-8.167299505,3.832451569,60,-8.167221529,3.842785781,0.723213636,3.928049317,60,0.759330177
287.73,-8.167299505,3.832259773,60,-8.167299505,3.842741111,0.723163221,3.928005596,60,0.759349803
287.735,-8.167299505,3.832259773,60,-8.167299505,3.842738899,0.7231607,3.92800341,60,0.759350244
287.931,-8.167299505,3.832259773,60,-8.167299505,3.842652228,0.723061886,3.927917716,60,0.759367296
288.131,-8.167299505,3.832067978,60,-8.167299505,3.842563843,0.722961055,3.927830273,60,0.75938425
288.23,-8.167299505,3.832067978,60,-8.167347792,3.842519843,0.722911143,3.927786989,60,0.759399165
288.234,-8.167299505,3.832067978,60,-8.167350419,3.842518062,0.722909127,3.92778524,60,0.75939986
288.431,-8.167952471,3.831876183,60,-8.167909296,3.842427929,0.722809804,3.927699106,60,0.759493614
288.63,-8.167952471,3.831876183,60,-8.168010366,3.842339435,0.72270947,3.927612093,60,0.759524308
288.73,-8.168605437,3.831684388,60,-8.168560684,3.842292192,0.722659048,3.927568366,60,0.759608833
288.735,-8.168605437,3.831684388,60,-8.168590849,3.842289815,0.722656527,3.92756618,60,0.759613426
288.93,-8.167952471,3.831684388,60,-8.167953036,3.8422072,0.722558205,3.927480913,60,0.759541476
289.131,-8.168605437,3.831492593,60,-8.168629231,3.842114715,0.722456858,3.927393023,60,0.759651232
289.23,-8.169258403,3.831492593,60,-8.169170764,3.84206797,0.722406937,3.92734973,60,0.75973436
289.235,-8.169258403,3.831492593,60,-8.169160126,3.842065819,0.722404416,3.927347544,60,0.759733313
289.431,-8.168605437,3.831492593,60,-8.168653581,3.841982049,0.722305582,3.927261833,60,0.75967941
289.631,-8.168605437,3.831300798,60,-8.168725518,3.841893418,0.722204734,3.927174376,60,0.75970497
289.73,-8.169258403,3.831300798,60,-8.169131087,3.84184749,0.722154813,3.927131083,60,0.759768795
289.734,-8.169258403,3.831300798,60,-8.169138359,3.841845685,0.722152796,3.927129333,60,0.75977012
289.931,-8.169258403,3.831109002,60,-8.169330647,3.841757675,0.722053454,3.927043182,60,0.759812301
290.131,-8.169911369,3.831109002,60,-8.169834313,3.841666607,0.721952595,3.926955715,60,0.759897844
290.23,-8.169911369,3.831109002,60,-8.169911369,3.841622474,0.721902668,3.926912417,60,0.759916419
290.236,-8.169911369,3.831109002,60,-8.169911369,3.841619825,0.721899642,3.926909793,60,0.759916896
290.431,-8.169911369,3.830917207,60,-8.169911369,3.841533771,0.7218013,3.926824509,60,0.759932215
290.631,-8.169911369,3.830917207,60,-8.169911369,3.841445564,0.721700437,3.926737038,60,0.759947497
290.73,-8.169911369,3.830917207,60,-8.169975275,3.841401564,0.72165051,3.92669374,60,0.759963755
290.736,-8.169911369,3.830917207,60,-8.169981682,3.841398884,0.721647484,3.926691116,60,0.759965089
290.931,-8.170564335,3.830725412,60,-8.170496106,3.841310052,0.721549138,3.926605829,60,0.760050948
291.13,-8.170564335,3.830725412,60,-8.170564335,3.841221918,0.721448772,3.926518789,60,0.760075439
291.23,-8.170564335,3.830533617,60,-8.170564335,3.841177838,0.721398336,3.92647505,60,0.760082865
291.233,-8.170564335,3.830533617,60,-8.170564335,3.841176515,0.721396823,3.926473738,60,0.760083087
291.43,-8.170564335,3.830533617,60,-8.170602458,3.841089504,0.721297465,3.926387572,60,0.760102672
291.63,-8.171217301,3.830533617,60,-8.171196255,3.840998085,0.72119659,3.926300091,60,0.760199367
291.73,-8.171217301,3.830341822,60,-8.171217301,3.840953891,0.72114615,3.926256349,60,0.760209646
291.735,-8.171217301,3.830341822,60,-8.171217301,3.840951688,0.721143628,3.926254161,60,0.760210013
291.931,-8.171217301,3.830341822,60,-8.171217301,3.840865336,0.721044767,3.926168426,60,0.760224127
292.131,-8.171217301,3.830150026,60,-8.171279839,3.840776924,0.720943887,3.926080942,60,0.760246786
292.23,-8.171870267,3.830150026,60,-8.171796167,3.840730463,0.72089395,3.926037635,60,0.760325176
292.235,-8.171870267,3.830150026,60,-8.171800593,3.840728235,0.720891428,3.926035448,60,0.760326152
292.431,-8.171870267,3.829958231,60,-8.171870267,3.840641504,0.720792559,3.925949706,60,0.760349802
292.631,-8.171870267,3.829958231,60,-8.171741173,3.840554166,0.720691672,3.925862215,60,0.760345827
292.73,-8.171217301,3.829958231,60,-8.171480679,3.840512063,0.720641734,3.925818908,60,0.760316332
292.734,-8.171217301,3.829958231,60,-8.171489914,3.840510253,0.720639716,3.925817158,60,0.760317864
292.931,-8.172523233,3.829958231,60,-8.172296755,3.840419122,0.720540342,3.925730979,60,0.760442568
293.131,-8.171870267,3.829766436,60,-8.172106546,3.840332178,0.720439451,3.925643483,60,0.76042958
293.23,-8.172523233,3.829574641,60,-8.17267603,3.840285469,0.720389509,3.925600172,60,0.760514931
293.235,-8.173176199,3.829574641,60,-8.172725551,3.840282993,0.720386986,3.925597985,60,0.760522123
293.431,-8.173176199,3.829574641,60,-8.173176199,3.840194174,0.720288102,3.925512231,60,0.760598234
293.631,-8.173176199,3.829574641,60,-8.173176199,3.84010612,0.720187199,3.925424725,60,0.760611974
293.73,-8.173176199,3.829382846,60,-8.173238717,3.840062204,0.720137251,3.925381409,60,0.760627286
293.735,-8.173176199,3.829382846,60,-8.173243696,3.840059976,0.720134729,3.925379222,60,0.76062831
293.931,-8.173829165,3.829382846,60,-8.173703003,3.839971161,0.72003584,3.925293463,60,0.760705145
294.131,-8.173176199,3.82919105,60,-8.173330384,3.839886706,0.719934932,3.9252074,60,0.760671529
294.23,-8.173829165,3.82919105,60,-8.173735493,3.839842062,0.719884983,3.925165192,60,0.760737558
294.234,-8.173829165,3.82919105,60,-8.173757155,3.839840229,0.719882965,3.925163487,60,0.760740959
294.431,-8.173829165,3.82919105,60,-8.173829165,3.839755456,0.719783567,3.925079496,60,0.760770793
294.63,-8.173829165,3.828999255,60,-8.173854297,3.839670155,0.71968316,3.924994651,60,0.760793799
294.73,-8.174482132,3.828999255,60,-8.174657902,3.8396229,0.719632702,3.924952014,60,0.760914843
294.735,-8.175788064,3.82880746,60,-8.174686372,3.8396206,0.719630179,3.924949882,60,0.760919291
294.931,-8.174482132,3.82880746,60,-8.174525084,3.839537528,0.719531273,3.924866306,60,0.760916818
295.131,-8.174482132,3.82880746,60,-8.174482132,3.839452236,0.719430353,3.924781029,60,0.76092994
295.23,-8.174482132,3.82880746,60,-8.174482132,3.839409925,0.719380398,3.924738816,60,0.760939152
295.235,-8.174482132,3.82880746,60,-8.174482132,3.839407789,0.719377875,3.924736684,60,0.760939612
295.431,-8.174482132,3.828615665,60,-8.174540577,3.839323749,0.719278974,3.924653112,60,0.760965534
295.63,-8.175135098,3.828615665,60,-8.17506824,3.839235839,0.719178555,3.924568258,60,0.761056553
295.73,-8.175135098,3.828615665,60,-8.175135098,3.839192758,0.719128091,3.924525616,60,0.761074866
295.734,-8.175135098,3.828615665,60,-8.175135098,3.83919105,0.719126073,3.92452391,60,0.761075226
295.931,-8.175135098,3.82842387,60,-8.175135098,3.839106955,0.719026659,3.924439906,60,0.761092705
296.131,-8.175135098,3.82842387,60,-8.175294349,3.839020758,0.718925731,3.924354621,60,0.76113199
296.23,-8.175788064,3.82842387,60,-8.175628689,3.838976674,0.71887577,3.924312404,60,0.761186799
296.236,-8.175788064,3.82842387,60,-8.17564879,3.838974002,0.718872742,3.924309845,60,0.761190103
296.43,-8.175788064,3.828232074,60,-8.175788064,3.838890466,0.718774834,3.924227113,60,0.761226141
296.63,-8.175788064,3.828232074,60,-8.175932551,3.838804394,0.718673898,3.924141822,60,0.76126298
296.73,-8.17644103,3.828040279,60,-8.176303589,3.838759701,0.718623429,3.924099174,60,0.761322757
296.735,-8.17644103,3.828040279,60,-8.176325779,3.838757446,0.718620905,3.924097042,60,0.761326252
296.931,-8.17644103,3.828040279,60,-8.17644103,3.838673229,0.71852198,3.924013451,60,0.761358755
297.131,-8.17644103,3.827848484,60,-8.176532095,3.838587498,0.718421037,3.923928153,60,0.761387782
297.23,-8.177093996,3.827848484,60,-8.177013318,3.838542643,0.718371067,3.923885928,60,0.761462523
297.233,-8.177093996,3.827848484,60,-8.177030165,3.838541271,0.718369553,3.923884649,60,0.761465102
297.431,-8.177093996,3.827848484,60,-8.177093996,3.838456526,0.718269611,3.923800198,60,0.761490285
297.631,-8.177093996,3.827848484,60,-8.177093996,3.838371345,0.718168659,3.923714893,60,0.761506284
297.73,-8.177093996,3.827656689,60,-8.177100883,3.838329168,0.718118688,3.923672667,60,0.761514953
297.735,-8.177093996,3.827656689,60,-8.177116294,3.838326954,0.718116164,3.923670534,60,0.761517474
297.931,-8.177746962,3.827656689,60,-8.177717423,3.838240186,0.718017228,3.923586933,60,0.761616023
298.131,-8.177746962,3.827464894,60,-8.177656638,3.838155388,0.717916268,3.923501622,60,0.76162317
298.23,-8.177093996,3.827464894,60,-8.177241308,3.838115595,0.717866295,3.923459394,60,0.761573002
298.235,-8.177093996,3.827464894,60,-8.177247433,3.838113437,0.717863771,3.923457261,60,0.761574205
298.431,-8.177746962,3.827464894,60,-8.177620143,3.838028091,0.717764834,3.923373659,60,0.76163986
298.631,-8.177093996,3.827464894,60,-8.177308689,3.83794489,0.717663878,3.923288351,60,0.761610607
298.73,-8.177746962,3.827273098,60,-8.177669663,3.837900872,0.717613905,3.923246123,60,0.761667294
298.733,-8.177746962,3.827273098,60,-8.177682906,3.837899525,0.71761239,3.923244844,60,0.761669335
298.93,-8.178399928,3.827081303,60,-8.17832116,3.837812316,0.717512941,3.923160809,60,0.761771508
299.131,-8.178399928,3.827081303,60,-8.178399928,3.837726501,0.717411469,3.923075064,60,0.761796512
299.23,-8.178399928,3.827081303,60,-8.178399928,3.83768447,0.71736149,3.923032832,60,0.761803286
299.235,-8.178399928,3.827081303,60,-8.178399928,3.837682347,0.717358965,3.923030699,60,0.761803626
299.431,-8.178399928,3.826889508,60,-8.178399928,3.83759918,0.717260017,3.922947087,60,0.761816667
299.631,-8.178399928,3.826889508,60,-8.178537287,3.837513607,0.717159049,3.922861768,60,0.761848551
299.73,-8.179052894,3.826889508,60,-8.178921595,3.837469491,0.717109067,3.922819534,60,0.761908163
299.735,-8.179052894,3.826889508,60,-8.178945009,3.837467241,0.717106543,3.922817401,60,0.76191173
299.931,-8.179052894,3.826889508,60,-8.179105439,3.83738321,0.717007587,3.922733783,60,0.761946716
300.131,-8.17970586,3.826697713,60,-8.179589509,3.83729569,0.716906607,3.922648455,60,0.76202678
300.23,-8.179052894,3.826505918,60,-8.179695126,3.837253105,0.71685662,3.922606216,60,0.762047865
300.234,-8.17970586,3.826505918,60,-8.17969888,3.837251387,0.716854601,3.922604509,60,0.762048646
300.431,-8.17970586,3.826505918,60,-8.17970586,3.837167806,0.716755132,3.922520457,60,0.762062202
300.631,-8.17970586,3.826314122,60,-8.17970586,3.837083052,0.716654147,3.922435125,60,0.762074499
300.73,-8.17970586,3.826314122,60,-8.17970586,3.837041121,0.71660416,3.922392886,60,0.762080404
300.735,-8.17970586,3.826314122,60,-8.17970586,3.837039004,0.716601636,3.922390753,60,0.762080697
300.931,-8.17970586,3.826314122,60,-8.179742129,3.836955829,0.716502671,3.922307127,60,0.762097069
301.131,-8.180358826,3.826314122,60,-8.180205649,3.836868596,0.716401684,3.922221792,60,0.762172808
301.23,-8.17970586,3.826122327,60,-8.179869537,3.836828565,0.716351695,3.922179551,60,0.762131832
301.235,-8.17970586,3.826122327,60,-8.179874158,3.836826425,0.71634917,3.922177418,60,0.762132743
301.431,-8.180358826,3.826122327,60,-8.180357463,3.836740848,0.716250201,3.922093789,60,0.762210392
301.631,-8.181011792,3.825930532,60,-8.180937984,3.836652983,0.716149205,3.922008447,60,0.762302151
301.73,-8.181011792,3.825930532,60,-8.180824102,3.836611712,0.716099211,3.921966202,60,0.762291995
301.734,-8.180358826,3.825930532,60,-8.180804534,3.836610128,0.716097191,3.921964495,60,0.762289506
301.931,-8.181011792,3.825738737,60,-8.180931866,3.836526107,0.715997709,3.921880432,60,0.762317789
302.131,-8.181011792,3.825738737,60,-8.181169941,3.836440213,0.715896708,3.921795086,60,0.762361487
302.23,-8.181664758,3.825546942,60,-8.181440352,3.836396846,0.715846711,3.921752839,60,0.762404275
302.236,-8.181664758,3.825546942,60,-8.181455432,3.836394225,0.715843681,3.921750278,60,0.762406689
302.431,-8.181011792,3.825546942,60,-8.181157707,3.836313441,0.715745202,3.921667063,60,0.762375651
302.631,-8.181664758,3.825355146,60,-8.181600613,3.836226493,0.715644198,3.921581714,60,0.762447037
302.73,-8.181664758,3.825355146,60,-8.181714351,3.83618403,0.715594199,3.921539465,60,0.762467813
302.735,-8.181664758,3.825355146,60,-8.181717816,3.836181898,0.715591674,3.921537331,60,0.762468546
302.931,-8.182317724,3.825355146,60,-8.182223318,3.83609626,0.715492682,3.921453683,60,0.762548624
303.131,-8.181664758,3.825355146,60,-8.181759566,3.836014351,0.71539167,3.921368327,60,0.762494223
303.23,-8.182317724,3.825163351,60,-8.182266551,3.835969748,0.715341668,3.921326076,60,0.762569138
303.234,-8.182317724,3.825163351,60,-8.182290612,3.835967926,0.715339648,3.921324369,60,0.76257266
303.431,-8.182317724,3.825163351,60,-8.18231492,3.835884607,0.715240147,3.92124029,60,0.762585493
303.631,-8.181664758,3.825163351,60,-8.181718292,3.835803573,0.715139135,3.921154934,60,0.762511558
303.73,-8.182317724,3.824971556,60,-8.182323475,3.835758493,0.715089134,3.921112683,60,0.762599531
303.736,-8.18297069,3.824971556,60,-8.182367312,3.835755718,0.715086103,3.921110122,60,0.762605877
303.931,-8.18297069,3.824971556,60,-8.18297069,3.835670654,0.714987606,3.921027465,60,0.762697957
304.131,-8.18297069,3.824779761,60,-8.18297069,3.835591009,0.714886582,3.920946773,60,0.762702634
304.23,-8.18297069,3.824779761,60,-8.183137484,3.835550682,0.714836574,3.92090683,60,0.762727877
304.235,-8.183623656,3.824779761,60,-8.183171254,3.835548505,0.714834049,3.920904813,60,0.762732666
304.431,-8.183623656,3.824587966,60,-8.183553394,3.835468353,0.714735038,3.920825729,60,0.762790012
304.631,-8.18297069,3.824587966,60,-8.183046641,3.835391644,0.71463401,3.920745034,60,0.762723397
304.73,-8.18297069,3.824587966,60,-8.18324961,3.835351203,0.714584002,3.92070509,60,0.762752946
304.734,-8.183623656,3.824587966,60,-8.183276626,3.835349464,0.714581981,3.920703477,60,0.762756747
304.931,-8.183623656,3.824587966,60,-8.183702555,3.835268845,0.714482465,3.920623989,60,0.762818762
305.131,-8.184276622,3.824396171,60,-8.184199481,3.835186638,0.714381429,3.920543287,60,0.76289064
305.23,-8.184276622,3.824396171,60,-8.183952974,3.835148688,0.714331415,3.920503339,60,0.762857871
305.235,-8.183623656,3.824396171,60,-8.183925025,3.835146858,0.714328889,3.920501322,60,0.762854064
305.431,-8.184276622,3.824204375,60,-8.184275216,3.835067149,0.714229872,3.920422233,60,0.762904768
305.631,-8.184929589,3.824204375,60,-8.184749231,3.834985137,0.714128829,3.920341525,60,0.762972878
305.73,-8.184276622,3.824204375,60,-8.184389348,3.834947858,0.714078812,3.920301575,60,0.762924023
305.735,-8.184276622,3.824204375,60,-8.184363935,3.834946016,0.714076286,3.920299557,60,0.76292055
305.93,-8.184276622,3.82401258,60,-8.184318987,3.834869014,0.713977771,3.920220869,60,0.762915474
306.131,-8.184929589,3.823820785,60,-8.184906028,3.834786149,0.713876221,3.920139757,60,0.762997867
306.23,-8.184929589,3.82401258,60,-8.184929589,3.834746801,0.713826202,3.920099805,60,0.763001677
306.234,-8.184929589,3.82401258,60,-8.184929589,3.834745217,0.713824181,3.920098191,60,0.763001699
306.43,-8.184929589,3.823820785,60,-8.184933004,3.834667605,0.713725154,3.920019094,60,0.763002839
306.631,-8.185582555,3.823820785,60,-8.185556825,3.834584586,0.713623596,3.919937975,60,0.763089874
306.73,-8.185582555,3.82362899,60,-8.185582555,3.834545251,0.713573573,3.91989802,60,0.763093756
306.735,-8.185582555,3.823820785,60,-8.185582555,3.834543272,0.713571046,3.919896002,60,0.763093765
306.931,-8.185582555,3.82362899,60,-8.185631727,3.834465453,0.713472011,3.919816898,60,0.763100814
307.131,-8.186235521,3.823437195,60,-8.186297746,3.83438264,0.71337095,3.919736177,60,0.763193288
307.23,-8.186888487,3.823437195,60,-8.186636391,3.834341573,0.713320921,3.919696217,60,0.763240486
307.235,-8.186888487,3.823437195,60,-8.186623742,3.834339663,0.713318395,3.919694199,60,0.763238748
307.431,-8.185582555,3.823437195,60,-8.185804957,3.834266704,0.713219352,3.919615089,60,0.763125052
307.631,-8.186235521,3.823245399,60,-8.186158007,3.834185795,0.71311829,3.919534368,60,0.763172755
307.73,-8.186235521,3.823245399,60,-8.186235521,3.834146283,0.713068264,3.919494409,60,0.763182884
307.734,-8.186235521,3.823245399,60,-8.186235521,3.834144704,0.713066242,3.919492795,60,0.763182858
307.931,-8.186235521,3.823245399,60,-8.186314011,3.834066538,0.712966694,3.919413281,60,0.763192202
308.131,-8.186888487,3.823053604,60,-8.186813068,3.833984865,0.712865625,3.919332553,60,0.763259726
308.23,-8.186888487,3.823053604,60,-8.186888487,3.833945384,0.712815594,3.919292592,60,0.763269386
308.235,-8.186888487,3.823053604,60,-8.186888487,3.833943411,0.712813067,3.919290574,60,0.763269345
308.431,-8.186888487,3.822861809,60,-8.186888487,3.833866115,0.712714016,3.919211457,60,0.763267434
308.631,-8.186888487,3.822861809,60,-8.186999011,3.833786688,0.712612943,3.919130726,60,0.763280318
308.73,-8.187541453,3.822861809,60,-8.187401752,3.833745442,0.71256291,3.919090763,60,0.763334933
308.735,-8.187541453,3.822861809,60,-8.187425709,3.833743338,0.712560383,3.919088745,60,0.763338194
308.931,-8.186888487,3.822670014,60,-8.186955866,3.833668742,0.712461328,3.919009625,60,0.763270356
309.131,-8.187541453,3.822670014,60,-8.187526067,3.833586868,0.712360251,3.918928891,60,0.763346106
309.23,-8.187541453,3.822478219,60,-8.187541453,3.833547812,0.712310216,3.918888926,60,0.763346661
309.233,-8.187541453,3.822478219,60,-8.187541453,3.833546631,0.7123087,3.918887715,60,0.763346613
309.431,-8.187541453,3.822478219,60,-8.187556912,3.833468649,0.71220863,3.918807785,60,0.763345232
309.631,-8.188194419,3.822478219,60,-8.188228505,3.833386244,0.712107545,3.918727045,60,0.763434741
309.73,-8.188847385,3.822286423,60,-8.18873126,3.833344476,0.712057504,3.918687075,60,0.763502898
309.735,-8.188847385,3.822286423,60,-8.188722628,3.833342555,0.712054977,3.918685056,60,0.763501627
309.931,-8.188194419,3.822286423,60,-8.188250291,3.833268037,0.711955906,3.918605924,60,0.76343281
310.131,-8.188194419,3.822094628,60,-8.18832626,3.83318902,0.711854817,3.91852518,60,0.763439007
310.23,-8.188847385,3.822094628,60,-8.188773176,3.833147634,0.711804776,3.91848521,60,0.763498841
310.236,-8.188847385,3.822094628,60,-8.188798178,3.833145136,0.711801743,3.918482788,60,0.763502187
310.431,-8.189500351,3.821902833,60,-8.189347545,3.83306539,0.71170317,3.918404054,60,0.763574627
310.631,-8.188847385,3.821902833,60,-8.188925881,3.832989112,0.711602069,3.918323301,60,0.763511929
310.73,-8.188847385,3.821902833,60,-8.188920982,3.83295027,0.711552026,3.918283329,60,0.76350878
310.734,-8.188847385,3.821902833,60,-8.188927225,3.832948666,0.711550004,3.918281714,60,0.763509543
310.931,-8.189500351,3.821711038,60,-8.189421668,3.832868582,0.71145042,3.918202172,60,0.76357315
311.131,-8.189500351,3.821711038,60,-8.189500351,3.832789624,0.711349315,3.918121415,60,0.763579018
311.23,-8.189500351,3.821711038,60,-8.189561695,3.832750434,0.711299268,3.918081441,60,0.763584877
311.235,-8.189500351,3.821711038,60,-8.189566505,3.832748446,0.71129674,3.918079422,60,0.763585409
311.431,-8.190153317,3.821519243,60,-8.190091119,3.832668615,0.711197653,3.918000277,60,0.763652942
311.631,-8.190153317,3.821519243,60,-8.190153317,3.832589778,0.711096541,3.917919514,60,0.763656238
311.73,-8.190153317,3.821519243,60,-8.190153317,3.832550945,0.71104649,3.917879537,60,0.763653427
311.735,-8.190153317,3.821519243,60,-8.190153317,3.832548984,0.711043962,3.917877518,60,0.763653284
311.931,-8.190153317,3.821519243,60,-8.190179108,3.832472005,0.710944871,3.91779837,60,0.763650931
312.131,-8.190806283,3.821327447,60,-8.190799769,3.832390162,0.710843754,3.917717604,60,0.763730894
312.23,-8.190806283,3.821327447,60,-8.190807182,3.832351302,0.710793699,3.917677623,60,0.763728972
312.233,-8.190806283,3.821327447,60,-8.19081674,3.832350073,0.710792182,3.917676411,60,0.763730206
312.431,-8.191459249,3.821135652,60,-8.191435262,3.832268995,0.710692068,3.917596446,60,0.76381013
312.631,-8.191459249,3.820943857,60,-8.191459249,3.832190428,0.710590939,3.91751567,60,0.763807537
312.73,-8.191459249,3.820943857,60,-8.191459249,3.832151626,0.71054088,3.917475686,60,0.763804428
312.735,-8.191459249,3.820943857,60,-8.191459249,3.832149667,0.710538352,3.917473667,60,0.763804265
312.931,-8.191459249,3.820943857,60,-8.191459249,3.832072893,0.710439246,3.917394506,60,0.763797726
313.13,-8.191459249,3.820943857,60,-8.191459249,3.831995003,0.710338622,3.917314134,60,0.763790598
313.23,-8.191459249,3.820752062,60,-8.191459249,3.831955885,0.710288058,3.917273746,60,0.763786835
313.235,-8.191459249,3.820752062,60,-8.191459249,3.831953929,0.710285529,3.917271727,60,0.763786643
313.431,-8.191459249,3.820752062,60,-8.191536402,3.83187687,0.710186423,3.917192566,60,0.763789631
313.631,-8.192112215,3.820560267,60,-8.192033316,3.831795921,0.710085289,3.917111787,60,0.763850635
313.73,-8.192112215,3.820560267,60,-8.192112215,3.831756771,0.710035227,3.9170718,60,0.763857705
313.733,-8.192112215,3.820560267,60,-8.192112215,3.831755598,0.71003371,3.917070588,60,0.763857587
313.931,-8.192112215,3.820560267,60,-8.192112215,3.831677262,0.709933584,3.91698961,60,0.763864881
314.13,-8.192112215,3.820560267,60,-8.192254783,3.831597326,0.709832952,3.91690771,60,0.763899253
314.23,-8.192765181,3.820368471,60,-8.192574684,3.831555785,0.709782381,3.916866553,60,0.763950904
314.236,-8.192765181,3.820368471,60,-8.192596723,3.831553277,0.709779347,3.916864084,60,0.763954399
314.431,-8.192112215,3.820368471,60,-8.192225856,3.831477836,0.709680735,3.916783827,60,0.763916774
314.631,-8.192765181,3.820176676,60,-8.192722226,3.831395674,0.709579593,3.916701513,60,0.763999182
314.73,-8.192765181,3.820176676,60,-8.192765181,3.831356126,0.709529526,3.916660766,60,0.764011847
314.735,-8.192765181,3.820176676,60,-8.192765181,3.831354141,0.709526998,3.916658708,60,0.764012185
314.931,-8.192765181,3.820176676,60,-8.192782834,3.831276269,0.709427875,3.916578036,60,0.764027496
315.131,-8.193418147,3.819984881,60,-8.193415263,3.831193417,0.709326726,3.916495715,60,0.764128198
315.23,-8.193418147,3.819984881,60,-8.193406365,3.831154185,0.709276655,3.916454965,60,0.764133416
315.233,-8.192765181,3.819984881,60,-8.193395361,3.831153057,0.709275138,3.91645373,60,0.764132078
315.431,-8.193418147,3.819984881,60,-8.19341783,3.831074457,0.709174998,3.916372231,60,0.764147375
315.631,-8.194071113,3.819793086,60,-8.194024335,3.830991808,0.709073841,3.916289903,60,0.76424396
315.73,-8.194071113,3.819601291,60,-8.19412018,3.830952025,0.709023766,3.91624915,60,0.764263446
315.735,-8.194071113,3.819793086,60,-8.194132562,3.830949974,0.709021237,3.916247091,60,0.764265473
315.931,-8.194724079,3.819601291,60,-8.194658589,3.830869344,0.708922095,3.916166404,60,0.764350692
316.131,-8.194724079,3.819601291,60,-8.194578507,3.830790507,0.708820926,3.916084067,60,0.764351912
316.23,-8.194071113,3.819601291,60,-8.194290531,3.830752907,0.708770849,3.916043312,60,0.764317685
316.235,-8.194071113,3.819601291,60,-8.19428768,3.830750945,0.70876832,3.916041253,60,0.764317568
316.43,-8.194724079,3.819409495,60,-8.194644112,3.830671823,0.708669683,3.915960977,60,0.76437779
316.631,-8.194724079,3.8192177,60,-8.194724079,3.830591877,0.708568008,3.915878229,60,0.764399843
316.73,-8.194724079,3.8192177,60,-8.194796171,3.83055234,0.708517929,3.915837471,60,0.764415066
316.734,-8.194724079,3.8192177,60,-8.194801611,3.830550729,0.708515906,3.915835825,60,0.76441603
316.931,-8.195377046,3.819025905,60,-8.195302135,3.830470075,0.70841625,3.915754719,60,0.764495834
317.131,-8.195377046,3.819025905,60,-8.195377046,3.830390604,0.708315073,3.915672375,60,0.764516661
317.23,-8.195377046,3.819025905,60,-8.195428092,3.83035121,0.70826499,3.915631615,60,0.764528726
317.236,-8.195377046,3.819025905,60,-8.195432491,3.830348816,0.708261954,3.915629145,60,0.764529636
317.43,-8.196030012,3.81883411,60,-8.195975797,3.830269161,0.708163808,3.915549268,60,0.764614763
317.631,-8.196030012,3.81883411,60,-8.196030012,3.830189459,0.708062117,3.915466506,60,0.764632306
317.73,-8.196030012,3.81883411,60,-8.196046232,3.830150286,0.70801203,3.915425742,60,0.764639296
317.735,-8.196030012,3.81883411,60,-8.196047173,3.830148306,0.7080095,3.915423684,60,0.764639666
317.931,-8.196682978,3.81883411,60,-8.19667386,3.83006745,0.707910335,3.915342977,60,0.764736002
318.131,-8.196682978,3.818642315,60,-8.196682978,3.829988444,0.707809141,3.91526062,60,0.764746774
318.23,-8.196682978,3.818642315,60,-8.196682978,3.829949386,0.70775905,3.915219853,60,0.764751275
318.234,-8.196682978,3.818642315,60,-8.196682978,3.829947809,0.707757026,3.915218206,60,0.764751451
318.431,-8.196682978,3.818642315,60,-8.196682978,3.82987014,0.707657351,3.915137084,60,0.76475998
318.631,-8.196682978,3.81845052,60,-8.19657673,3.829791948,0.707556157,3.915054728,60,0.76475332
318.73,-8.196030012,3.81845052,60,-8.196252783,3.829754793,0.707506068,3.915013962,60,0.764712008
318.735,-8.196030012,3.81845052,60,-8.196268779,3.829752739,0.707503538,3.915011904,60,0.764714401
318.931,-8.197335944,3.81845052,60,-8.197129098,3.829670857,0.707404369,3.914931194,60,0.764840925
319.131,-8.196682978,3.818258724,60,-8.196908246,3.829593393,0.707303171,3.914848833,60,0.76481756
319.23,-8.197335944,3.818258724,60,-8.197182048,3.829552947,0.707253078,3.914808065,60,0.764858978
319.236,-8.197335944,3.818258724,60,-8.197198153,3.829550498,0.707250042,3.914805594,60,0.764861424
319.431,-8.197335944,3.818258724,60,-8.197414792,3.829472616,0.70715137,3.914725289,60,0.76489825
319.631,-8.19798891,3.818066929,60,-8.197753434,3.829392097,0.707050165,3.914642923,60,0.764952106
319.73,-8.197335944,3.818066929,60,-8.197869271,3.829352534,0.707000067,3.914602151,60,0.764971506
319.734,-8.19798891,3.818066929,60,-8.197881019,3.829350897,0.706998043,3.914600503,60,0.764973268
319.931,-8.19798891,3.817875134,60,-8.198131029,3.829272075,0.706898352,3.914519369,60,0.765014478
320.131,-8.199294842,3.817875134,60,-8.198915915,3.829189067,0.706797135,3.914436993,60,0.765130329
320.23,-8.19798891,3.817875134,60,-8.198227779,3.829153966,0.706747032,3.914396216,60,0.765038102
320.235,-8.19798891,3.817875134,60,-8.198178285,3.829152275,0.706744502,3.914394157,60,0.765031393
320.431,-8.19798891,3.817683339,60,-8.198033566,3.829076185,0.706645315,3.914313434,60,0.765016557
320.631,-8.198641876,3.817491544,60,-8.198612993,3.828994523,0.706544102,3.91423106,60,0.765102197
320.73,-8.198641876,3.817683339,60,-8.198649647,3.82895548,0.706493999,3.914190284,60,0.765109927
320.735,-8.198641876,3.817683339,60,-8.198650083,3.828953516,0.706491468,3.914188224,60,0.765110121
320.931,-8.199294842,3.817491544,60,-8.199294112,3.828873037,0.706392271,3.914107492,60,0.765204808
321.131,-8.198641876,3.817491544,60,-8.198662379,3.828798119,0.706291049,3.914025112,60,0.765122067
321.23,-8.198641876,3.817299748,60,-8.198667879,3.828759322,0.706240946,3.913984336,60,0.765124869
321.234,-8.198641876,3.817299748,60,-8.198679345,3.828757693,0.706238922,3.913982688,60,0.765126542
321.431,-8.199294842,3.817299748,60,-8.199203892,3.828677637,0.706139219,3.913901544,60,0.765203435
321.631,-8.198641876,3.817107953,60,-8.198816525,3.82860151,0.706037996,3.913819164,60,0.765153415
321.73,-8.199294842,3.817107953,60,-8.199228281,3.828560503,0.705987891,3.913778385,60,0.765212236
321.736,-8.199294842,3.817107953,60,-8.199252298,3.828558022,0.705984855,3.913775914,60,0.765215679
321.931,-8.199947808,3.816916158,60,-8.199874694,3.828478235,0.705886156,3.913695587,60,0.765305828
322.131,-8.199947808,3.816916158,60,-8.199947808,3.828399529,0.705784922,3.913613198,60,0.765319863
322.23,-8.199947808,3.816916158,60,-8.199947808,3.828360791,0.705734811,3.913572415,60,0.765321617
322.235,-8.199947808,3.816916158,60,-8.199947808,3.828358835,0.70573228,3.913570355,60,0.765321703
322.431,-8.199947808,3.816916158,60,-8.200026635,3.828281746,0.705633071,3.913489613,60,0.765335772
322.631,-8.200600774,3.816724363,60,-8.200524143,3.828200776,0.705531833,3.91340722,60,0.765407966
322.73,-8.200600774,3.816724363,60,-8.200203127,3.828163851,0.70548172,3.913366435,60,0.765364878
322.734,-8.199947808,3.816724363,60,-8.200176111,3.828162437,0.705479695,3.913364787,60,0.765361183
322.93,-8.199947808,3.816724363,60,-8.200016412,3.828086805,0.705380485,3.913284044,60,0.765341039
323.131,-8.200600774,3.816532568,60,-8.200542952,3.828005428,0.705278741,3.913201239,60,0.765416085
323.23,-8.200600774,3.816340772,60,-8.200561034,3.827966679,0.705228626,3.913160453,60,0.765419599
323.236,-8.200600774,3.816340772,60,-8.200557875,3.827964354,0.705225589,3.913157981,60,0.765419221
323.431,-8.199947808,3.816340772,60,-8.20010104,3.827890845,0.705126881,3.913077647,60,0.765357104
323.631,-8.201906706,3.816340772,60,-8.201801401,3.827803375,0.705025635,3.912995248,60,0.765594844
323.73,-8.20125374,3.816340772,60,-8.201282636,3.827767299,0.704975515,3.912954151,60,0.765524643
323.735,-8.20125374,3.816340772,60,-8.20125374,3.82776549,0.704972984,3.912952074,60,0.765520726
323.931,-8.20125374,3.816340772,60,-8.20125374,3.827687959,0.704873759,3.912870132,60,0.765524656
324.131,-8.20125374,3.815957182,60,-8.2013112,3.8276086,0.704772508,3.912786518,60,0.765536049
324.23,-8.201906706,3.815957182,60,-8.201789513,3.827566826,0.704722388,3.912745128,60,0.765604103
324.234,-8.20125374,3.815957182,60,-8.201776836,3.827565315,0.704720363,3.912743455,60,0.76560241
324.431,-8.201906706,3.815957182,60,-8.201905928,3.827486772,0.704620626,3.912661091,60,0.765623432
324.631,-8.202559672,3.815957182,60,-8.202497191,3.827404462,0.704519364,3.912577467,60,0.765708788
324.73,-8.202559672,3.815765387,60,-8.202559672,3.827364993,0.704469237,3.912536072,60,0.765719087
324.736,-8.202559672,3.815765387,60,-8.202559672,3.827362622,0.704466199,3.912533563,60,0.76571918
324.93,-8.202559672,3.815957182,60,-8.202559672,3.827286007,0.704367971,3.912452445,60,0.765721953
325.131,-8.202559672,3.815573592,60,-8.202717057,3.827205821,0.704266198,3.912368399,60,0.765746121
325.23,-8.203212638,3.815573592,60,-8.202981499,3.827165295,0.704216069,3.912327002,60,0.765783931
325.235,-8.203212638,3.815573592,60,-8.202988912,3.827163281,0.704213538,3.912324912,60,0.765785017
325.431,-8.202559672,3.815573592,60,-8.202717719,3.827087501,0.704114293,3.912242954,60,0.765749149
325.631,-8.203212638,3.815573592,60,-8.203137923,3.827006377,0.704013023,3.912159323,60,0.765808758
325.73,-8.203212638,3.815381796,60,-8.203212638,3.82696696,0.703962892,3.912117925,60,0.765819746
325.733,-8.203212638,3.815381796,60,-8.203212638,3.826965778,0.703961373,3.91211667,60,0.765819764
325.931,-8.203212638,3.815381796,60,-8.203212638,3.826887817,0.703861112,3.912033873,60,0.765820617
326.131,-8.203212638,3.815190001,60,-8.203212638,3.826809137,0.703759837,3.911950239,60,0.765820921
326.23,-8.203212638,3.815190001,60,-8.203245964,3.82677003,0.703709706,3.91190884,60,0.765825503
326.236,-8.203212638,3.815190001,60,-8.203248515,3.826767657,0.703706668,3.911906331,60,0.765825852
326.431,-8.203865604,3.815190001,60,-8.203864812,3.826687569,0.703607922,3.911824785,60,0.765911354
326.631,-8.20451857,3.814998206,60,-8.20450608,3.826605324,0.703506636,3.911741141,60,0.766000697
326.73,-8.20451857,3.814998206,60,-8.20451857,3.826566297,0.703456497,3.911699736,60,0.766002624
326.736,-8.20451857,3.814998206,60,-8.20451857,3.826563937,0.703453458,3.911697226,60,0.766002629
326.931,-8.20451857,3.814806411,60,-8.20451857,3.826487255,0.7033547,3.91161567,60,0.766002568
327.131,-8.20451857,3.814806411,60,-8.204590175,3.826408276,0.70325341,3.911532023,60,0.766011912
327.231,-8.205171536,3.814614616,60,-8.205042186,3.826366479,0.703202762,3.911490198,60,0.766074356
327.234,-8.205171536,3.814614616,60,-8.205037418,3.826365326,0.703201243,3.911488943,60,0.766073687
327.431,-8.20451857,3.814614616,60,-8.204632408,3.826290211,0.703101468,3.911406547,60,0.766016492
327.631,-8.205171536,3.814614616,60,-8.20510498,3.826209119,0.703000174,3.911322897,60,0.766080582
327.731,-8.205171536,3.814614616,60,-8.205238526,3.826169137,0.702949524,3.91128107,60,0.76609839
327.736,-8.205171536,3.814614616,60,-8.205248822,3.826167118,0.702946992,3.911278978,60,0.766099782
327.93,-8.205824502,3.81442282,60,-8.205746749,3.826088221,0.702848729,3.911197831,60,0.766167545
328.131,-8.205824502,3.81442282,60,-8.205824502,3.826008913,0.702746916,3.911113752,60,0.766176826
328.23,-8.205824502,3.814231025,60,-8.205824502,3.825970087,0.702696769,3.911072341,60,0.766175888
328.235,-8.205824502,3.814231025,60,-8.205824502,3.825968127,0.702694236,3.911070249,60,0.766175837
328.431,-8.205824502,3.814231025,60,-8.205824502,3.825891308,0.702594956,3.910988262,60,0.766173573
328.631,-8.205824502,3.814231025,60,-8.205824502,3.825812987,0.70249365,3.910904601,60,0.766170734
328.731,-8.205824502,3.81403923,60,-8.205887478,3.825773498,0.702442996,3.910862771,60,0.766177882
328.734,-8.205824502,3.81403923,60,-8.205890352,3.825772308,0.702441477,3.910861516,60,0.766178232
328.931,-8.206477469,3.81403923,60,-8.206417165,3.825692277,0.702341686,3.910779107,60,0.766248265
329.131,-8.206477469,3.81403923,60,-8.206477469,3.825613662,0.702240371,3.91069544,60,0.766253415
329.231,-8.206477469,3.81403923,60,-8.20650411,3.825574395,0.702189714,3.910653607,60,0.766255327
329.236,-8.206477469,3.81403923,60,-8.206505728,3.82557243,0.702187181,3.910651515,60,0.766255462
329.431,-8.207130435,3.813847435,60,-8.207083561,3.825492938,0.702088396,3.910569936,60,0.766332248
329.631,-8.206477469,3.81365564,60,-8.206487743,3.825418054,0.701987077,3.910486266,60,0.766245479
329.731,-8.207130435,3.81365564,60,-8.207116024,3.825375505,0.701936418,3.910444431,60,0.766330485
329.736,-8.207130435,3.81365564,60,-8.207116787,3.825373546,0.701933885,3.910442339,60,0.766330487
329.931,-8.207130435,3.81365564,60,-8.207130435,3.825297274,0.701835095,3.910360757,60,0.766328149
330.131,-8.207130435,3.813463844,60,-8.207130435,3.825219184,0.701733773,3.910277083,60,0.766323308
330.231,-8.207130435,3.813463844,60,-8.207130435,3.825180162,0.701683111,3.910235246,60,0.766320697
330.234,-8.207130435,3.813463844,60,-8.207130435,3.825178992,0.701681591,3.910233991,60,0.766320615
330.431,-8.207130435,3.813463844,60,-8.207191732,3.825101821,0.701581789,3.910151572,60,0.766323637
330.631,-8.207783401,3.813272049,60,-8.207713349,3.825020931,0.701480462,3.910067895,60,0.766390458
330.731,-8.207783401,3.813272049,60,-8.208022914,3.8249802,0.701429796,3.910026055,60,0.766430742
330.736,-8.208436367,3.813272049,60,-8.208056684,3.824978061,0.701427263,3.910023963,60,0.7664353
330.931,-8.208436367,3.813080254,60,-8.208436367,3.824899837,0.701328459,3.909942369,60,0.766483076
331.131,-8.208436367,3.813080254,60,-8.208594177,3.824820928,0.701227119,3.909858681,60,0.766499573
331.231,-8.209089333,3.813080254,60,-8.208861011,3.824780432,0.701176448,3.909816836,60,0.766533915
331.236,-8.209089333,3.813080254,60,-8.208871733,3.824778422,0.701173915,3.909814744,60,0.766535271
331.431,-8.208436367,3.813080254,60,-8.20851358,3.824704369,0.701075106,3.909733146,60,0.766479858
331.631,-8.208436367,3.812888459,60,-8.208436367,3.824626922,0.700973767,3.909649459,60,0.766462427
331.731,-8.208436367,3.812888459,60,-8.208436367,3.824588009,0.700923098,3.909607615,60,0.766458873
331.733,-8.208436367,3.812888459,60,-8.208436367,3.824587231,0.700922084,3.909606778,60,0.766458801
331.931,-8.208436367,3.812888459,60,-8.208436367,3.824510225,0.700821759,3.909523928,60,0.766451409
332.131,-8.208436367,3.812696664,60,-8.208599443,3.824431587,0.70072042,3.909440241,60,0.766466177
332.231,-8.209742299,3.812696664,60,-8.209610857,3.824387082,0.700669746,3.909398394,60,0.766602931
332.236,-8.209742299,3.812696664,60,-8.209668446,3.824384817,0.700667213,3.909396301,60,0.766610746
332.431,-8.209742299,3.812504868,60,-8.209742299,3.824308477,0.700568392,3.909314694,60,0.766614403
332.631,-8.209742299,3.812504868,60,-8.209742299,3.824230657,0.700467037,3.909230993,60,0.766607132
332.731,-8.209742299,3.812313073,60,-8.209738341,3.824191792,0.70041636,3.909189143,60,0.766602755
332.736,-8.209089333,3.812313073,60,-8.209734528,3.82418987,0.700413826,3.909187051,60,0.766602027
332.931,-8.210395265,3.812313073,60,-8.210291834,3.824110974,0.700315003,3.909105441,60,0.766671778
333.131,-8.209742299,3.812313073,60,-8.209888648,3.824035477,0.700213644,3.909021738,60,0.766607761
333.231,-8.210395265,3.812313073,60,-8.210191579,3.823994959,0.700162965,3.908979886,60,0.766645601
333.234,-8.209742299,3.812313073,60,-8.210183126,3.823993841,0.700161444,3.90897863,60,0.7666443
333.431,-8.210395265,3.812313073,60,-8.210263213,3.823916908,0.700061605,3.908896181,60,0.766646885
333.631,-8.209742299,3.812121278,60,-8.209961198,3.823839509,0.699960246,3.908810944,60,0.766602327
333.731,-8.210395265,3.812121278,60,-8.210244126,3.823797275,0.699909566,3.908767138,60,0.766645234
333.736,-8.210395265,3.812121278,60,-8.210257091,3.823795169,0.699907032,3.908764947,60,0.766647217
333.931,-8.210395265,3.811929483,60,-8.210473806,3.823714669,0.699808204,3.908679521,60,0.766684339
334.131,-8.211048231,3.811737688,60,-8.210969696,3.823630595,0.699706837,3.908591902,60,0.766760338
334.231,-8.211048231,3.811929483,60,-8.211048231,3.823589496,0.699656151,3.90854809,60,0.766774807
334.236,-8.211048231,3.811929483,60,-8.211048231,3.823587463,0.699653617,3.9085459,60,0.766774983
334.431,-8.211048231,3.811737688,60,-8.211048231,3.823508213,0.69955478,3.908460467,60,0.766781553
334.631,-8.211048231,3.811737688,60,-8.21117921,3.823426268,0.699453409,3.908372843,60,0.766805968
334.731,-8.211701197,3.811545893,60,-8.211579904,3.823383436,0.699402722,3.90832903,60,0.766864731
334.734,-8.211701197,3.811545893,60,-8.21159441,3.823382138,0.699401201,3.908327716,60,0.76686684
334.931,-8.211701197,3.811545893,60,-8.211701197,3.823301537,0.699301343,3.9082414,60,0.766887819
335.131,-8.211701197,3.811545893,60,-8.211701197,3.823220373,0.699199964,3.90815377,60,0.766893544
335.231,-8.211701197,3.811545893,60,-8.211701197,3.823179816,0.699149274,3.908109955,60,0.766896199
335.236,-8.211701197,3.811354097,60,-8.211701197,3.823177788,0.69914674,3.908107764,60,0.766896331
335.431,-8.211701197,3.811354097,60,-8.211707095,3.823098718,0.699047895,3.908022324,60,0.766901925
335.631,-8.212354163,3.811354097,60,-8.212339273,3.823014156,0.698946512,3.907934691,60,0.766994567
335.731,-8.212354163,3.811354097,60,-8.212354163,3.822973538,0.698895819,3.907890872,60,0.766999084
335.736,-8.212354163,3.811354097,60,-8.212354163,3.822971512,0.698893284,3.907888681,60,0.7669992
335.931,-8.212354163,3.811162302,60,-8.212394995,3.822892288,0.698794432,3.907803235,60,0.767009267
336.131,-8.213007129,3.810970507,60,-8.212952726,3.822808181,0.69869304,3.907715594,60,0.767091176
336.231,-8.213007129,3.810970507,60,-8.213007129,3.822767367,0.698642343,3.907671772,60,0.767100968
336.234,-8.213007129,3.810970507,60,-8.213007129,3.822766152,0.698640822,3.907670457,60,0.767101032
336.431,-8.213007129,3.810970507,60,-8.213007129,3.822686388,0.698540948,3.907584128,60,0.767105068
336.631,-8.213007129,3.810778712,60,-8.213157733,3.822604631,0.698439552,3.907496483,60,0.767129611
336.731,-8.213660095,3.810778712,60,-8.2135056,3.82256224,0.698388853,3.90745266,60,0.767179759
336.736,-8.213660095,3.810778712,60,-8.213519554,3.822560139,0.698386318,3.907450468,60,0.767181792
336.931,-8.213660095,3.810586917,60,-8.213660095,3.822480451,0.69828745,3.907365009,60,0.767204891
337.131,-8.213660095,3.810586917,60,-8.213660095,3.822399575,0.698186047,3.907277358,60,0.767208086
337.231,-8.213660095,3.810395121,60,-8.213727817,3.822358783,0.698135345,3.907233532,60,0.767218917
337.236,-8.213660095,3.810586917,60,-8.213733662,3.82235673,0.69813281,3.907231341,60,0.767219799
337.431,-8.214313061,3.810395121,60,-8.214171224,3.82227549,0.698033938,3.907145877,60,0.767283371
337.631,-8.213660095,3.810395121,60,-8.21372135,3.822197207,0.697932531,3.907058223,60,0.767223213
337.731,-8.213660095,3.810395121,60,-8.213709034,3.822156934,0.697881829,3.907014397,60,0.767222301
337.734,-8.213660095,3.810395121,60,-8.213711004,3.822155713,0.697880308,3.907013082,60,0.767222598
337.931,-8.214313061,3.810395121,60,-8.214269893,3.82207314,0.697780422,3.906926743,60,0.767301845
338.131,-8.214313061,3.810203326,60,-8.214313061,3.821992214,0.697679011,3.906839084,60,0.767309422
338.231,-8.214313061,3.810011531,60,-8.214313061,3.821951892,0.697628305,3.906795255,60,0.767310045
338.236,-8.214313061,3.810011531,60,-8.214313061,3.821949876,0.69762577,3.906793064,60,0.767310076
338.431,-8.214313061,3.810203326,60,-8.214316574,3.821871273,0.697526894,3.906707597,60,0.767311408
338.631,-8.214966027,3.810011531,60,-8.214942811,3.821787203,0.697425478,3.906619936,60,0.76739927
338.731,-8.214966027,3.810011531,60,-8.214966027,3.821746767,0.697374769,3.906576103,60,0.767402968
338.736,-8.214966027,3.810011531,60,-8.214966027,3.821744753,0.697372233,3.906573912,60,0.767402986
338.931,-8.214966027,3.809819736,60,-8.215013214,3.821665932,0.697273349,3.906488438,60,0.767410127
339.131,-8.215618993,3.809819736,60,-8.215559549,3.821582332,0.697171926,3.906400769,60,0.767486616
339.231,-8.215618993,3.809627941,60,-8.215618993,3.821541711,0.697121212,3.906356934,60,0.767495193
339.234,-8.215618993,3.809627941,60,-8.215618993,3.821540503,0.697119691,3.906355618,60,0.7674952
339.431,-8.215618993,3.809627941,60,-8.215618993,3.821461168,0.697019785,3.906269261,60,0.767495493
339.631,-8.215618993,3.809627941,60,-8.215618993,3.821380684,0.696918358,3.906181589,60,0.767495313
339.731,-8.215618993,3.809627941,60,-8.215618993,3.821340464,0.696867644,3.906137753,60,0.767495043
339.736,-8.215618993,3.809436145,60,-8.215618993,3.821338454,0.696865108,3.906135562,60,0.767495026
339.931,-8.215618993,3.809436145,60,-8.215697684,3.821259628,0.696766216,3.906050081,60,0.767505107
340.131,-8.216271959,3.80924435,60,-8.216195903,3.821176467,0.696664785,3.905962406,60,0.767573444
340.231,-8.216271959,3.80924435,60,-8.216336931,3.821135477,0.696614067,3.905918566,60,0.767592644
340.236,-8.216271959,3.80924435,60,-8.216342269,3.821133437,0.696611531,3.905916374,60,0.767593365
340.431,-8.216924926,3.80924435,60,-8.216790179,3.821052537,0.696512628,3.905830884,60,0.76765492
340.631,-8.216271959,3.80924435,60,-8.21644128,3.820974093,0.696411188,3.905743201,60,0.767605278
340.731,-8.216924926,3.809052555,60,-8.216824359,3.820931803,0.696360468,3.90569936,60,0.767657762
340.734,-8.216924926,3.809052555,60,-8.216840053,3.820930511,0.696358947,3.905698045,60,0.767659921
340.931,-8.216924926,3.809052555,60,-8.216960661,3.820850703,0.696259025,3.905611674,60,0.767675278
341.131,-8.217577892,3.80886076,60,-8.217559682,3.820767036,0.696157578,3.905523985,60,0.767757113
341.231,-8.217577892,3.80886076,60,-8.217577892,3.820726754,0.696106852,3.905480138,60,0.767758979
341.236,-8.217577892,3.80886076,60,-8.217577892,3.820724745,0.696104316,3.905477946,60,0.767758943
341.431,-8.217577892,3.80886076,60,-8.217577892,3.820646435,0.6960054,3.905392445,60,0.767757272
341.631,-8.217577892,3.808668965,60,-8.217639817,3.82056583,0.695903949,3.905304752,60,0.767763711
341.731,-8.218230858,3.808668965,60,-8.218152777,3.820522851,0.695853221,3.905260904,60,0.767833945
341.736,-8.218230858,3.808668965,60,-8.218157498,3.820520818,0.695850684,3.905258711,60,0.767834554
341.931,-8.218230858,3.808477169,60,-8.218230858,3.820442132,0.695751761,3.905173204,60,0.767842788
342.131,-8.218230858,3.808668965,60,-8.218230858,3.820361902,0.695650302,3.905085504,60,0.767840313
342.231,-8.218230858,3.808477169,60,-8.218230858,3.820321809,0.695599572,3.905041654,60,0.767838892
342.233,-8.218230858,3.808477169,60,-8.218230858,3.820321007,0.695598557,3.905040777,60,0.767838862
342.431,-8.218230858,3.808285374,60,-8.218305594,3.82024125,0.695498112,3.904953954,60,0.767846102
342.631,-8.218883824,3.808285374,60,-8.218649123,3.820159209,0.695396649,3.904866251,60,0.767890577
342.731,-8.218230858,3.808285374,60,-8.218388589,3.820120606,0.695345917,3.904822399,60,0.767852565
342.736,-8.218230858,3.808285374,60,-8.218372655,3.820118692,0.695343381,3.904820207,60,0.767850252
342.931,-8.218230858,3.808285374,60,-8.218308753,3.820041039,0.695244457,3.904734699,60,0.767837168
343.131,-8.218883824,3.808093579,60,-8.218809877,3.81995826,0.695142993,3.904646995,60,0.767902438
343.231,-8.218883824,3.808093579,60,-8.218883824,3.819917843,0.69509226,3.904603142,60,0.767910568
343.236,-8.218883824,3.808093579,60,-8.218883824,3.819915842,0.695089723,3.90460095,60,0.76791046
343.431,-8.218883824,3.808093579,60,-8.218946264,3.819836618,0.694990792,3.904514524,60,0.767919151
343.631,-8.21953679,3.807901784,60,-8.219485744,3.819748502,0.69488932,3.904421582,60,0.768015225
343.731,-8.21953679,3.807901784,60,-8.21953679,3.819705454,0.694838582,3.90437491,60,0.768033877
343.734,-8.21953679,3.807901784,60,-8.21953679,3.819704171,0.69483706,3.90437351,60,0.768034223
343.931,-8.21953679,3.807709989,60,-8.21953679,3.819619967,0.694737106,3.904281564,60,0.768056627
344.131,-8.21953679,3.807709989,60,-8.21953679,3.819534544,0.694635631,3.904188219,60,0.768078862
344.231,-8.21953679,3.807709989,60,-8.219538866,3.819491844,0.694584893,3.904141546,60,0.768090079
344.236,-8.220189756,3.807709989,60,-8.219572635,3.819489522,0.694582356,3.904139213,60,0.768095324
344.431,-8.220189756,3.807709989,60,-8.22021081,3.819402699,0.694483411,3.904048195,60,0.768205666
344.631,-8.220842722,3.807518193,60,-8.220728335,3.819314387,0.694381923,3.903954839,60,0.768299929
344.731,-8.220189756,3.807518193,60,-8.220324645,3.819273922,0.694331179,3.90390816,60,0.76825481
344.736,-8.220189756,3.807518193,60,-8.220331883,3.819271748,0.694328642,3.903905826,60,0.768256354
344.931,-8.220842722,3.807326398,60,-8.220783073,3.819186026,0.694229691,3.903814804,60,0.768340143
345.131,-8.220842722,3.807326398,60,-8.220707149,3.819101101,0.6941282,3.903721444,60,0.768351072
345.231,-8.220189756,3.807134603,60,-8.220470978,3.81905978,0.694077456,3.903674765,60,0.768328645
345.234,-8.220189756,3.807134603,60,-8.220476565,3.81905847,0.694075933,3.903673365,60,0.768329729
345.431,-8.221495688,3.807134603,60,-8.221340061,3.818969698,0.693975963,3.903581405,60,0.768470312
345.631,-8.221495688,3.806942808,60,-8.221495688,3.818883519,0.693874464,3.903488037,60,0.768513141
345.731,-8.221495688,3.806942808,60,-8.221495688,3.81884088,0.693823714,3.903441354,60,0.768523579
345.736,-8.221495688,3.806942808,60,-8.221495688,3.818838749,0.693821176,3.903439019,60,0.768524098
345.931,-8.221495688,3.806942808,60,-8.221495688,3.818755649,0.693722214,3.903347986,60,0.768544084
346.131,-8.221495688,3.806942808,60,-8.221638204,3.81866968,0.693620714,3.903254618,60,0.768583961
346.231,-8.222148654,3.806751013,60,-8.222013634,3.818625006,0.693569962,3.903207932,60,0.768646219
346.236,-8.222148654,3.806751013,60,-8.222036163,3.818622751,0.693567424,3.903205598,60,0.768649856
346.431,-8.222148654,3.806751013,60,-8.222148654,3.818539059,0.693468454,3.903114557,60,0.768685171
346.631,-8.222148654,3.806751013,60,-8.222148654,3.818453914,0.693366946,3.903021182,60,0.768704913
346.731,-8.222148654,3.806559217,60,-8.222178259,3.818411198,0.693316192,3.902974495,60,0.768718729
346.734,-8.222148654,3.806559217,60,-8.222179325,3.818409916,0.693314669,3.902973094,60,0.768719167
346.931,-8.22280162,3.806559217,60,-8.222760459,3.818322857,0.69321468,3.902881116,60,0.768819162
347.131,-8.222148654,3.806559217,60,-8.222148925,3.818241185,0.693113168,3.902787737,60,0.768753122
347.231,-8.222148654,3.806559217,60,-8.22215857,3.818198653,0.693062414,3.90274105,60,0.768763565
347.236,-8.222148654,3.806559217,60,-8.222173887,3.818196444,0.693059876,3.902738715,60,0.76876615
347.431,-8.22280162,3.806367422,60,-8.222771923,3.81811028,0.692960902,3.902647671,60,0.768867178
347.631,-8.22280162,3.806175627,60,-8.22280162,3.818025135,0.692859386,3.902554288,60,0.768889624
347.731,-8.22280162,3.806175627,60,-8.22293561,3.817981918,0.692808628,3.902507597,60,0.768917303
347.736,-8.223454586,3.806175627,60,-8.222969379,3.817979606,0.69280609,3.902505262,60,0.768922456
347.931,-8.223454586,3.806175627,60,-8.223454586,3.817894048,0.692707105,3.902414208,60,0.76900788
348.131,-8.223454586,3.805983832,60,-8.223454586,3.817809088,0.692605581,3.902320818,60,0.769025994
348.231,-8.223454586,3.805983832,60,-8.223700701,3.817765255,0.692554818,3.902274123,60,0.769069187
348.234,-8.224107552,3.805983832,60,-8.223720963,3.817763868,0.692553295,3.902272722,60,0.769072276
348.431,-8.224107552,3.805983832,60,-8.224107552,3.817678024,0.692453287,3.902180727,60,0.769143981
348.631,-8.224107552,3.805983832,60,-8.22394986,3.817593967,0.692351755,3.90208733,60,0.769139865
348.731,-8.223454586,3.805792037,60,-8.223610914,3.817553427,0.692300991,3.902040633,60,0.769101253
348.736,-8.223454586,3.805792037,60,-8.223593002,3.817551406,0.692298453,3.902038298,60,0.769099181
348.931,-8.223454586,3.805792037,60,-8.223603718,3.817468719,0.692199466,3.901947242,60,0.769116612
349.131,-8.224760518,3.805600242,60,-8.22448856,3.817379022,0.692097934,3.901853845,60,0.769256392
349.231,-8.224107552,3.805600242,60,-8.224287875,3.817337726,0.692047167,3.901807145,60,0.769236897
349.236,-8.224107552,3.805408446,60,-8.224268173,3.817335715,0.692044628,3.90180481,60,0.769234575
349.431,-8.224760518,3.805408446,60,-8.224706631,3.817250623,0.69194563,3.901713743,60,0.769311725
349.631,-8.224760518,3.805408446,60,-8.224760518,3.817165542,0.69184409,3.901620339,60,0.76933576
349.731,-8.224760518,3.805408446,60,-8.225321028,3.817120041,0.691793318,3.901573635,60,0.769422022
349.734,-8.225413484,3.805216651,60,-8.225340525,3.817118661,0.691791795,3.901572234,60,0.769424983
349.931,-8.224760518,3.805216651,60,-8.2247726,3.81703832,0.691691774,3.901480227,60,0.769362058
350.131,-8.224760518,3.805216651,60,-8.224778559,3.81695364,0.691590234,3.901386822,60,0.769378327
350.231,-8.225413484,3.805216651,60,-8.22539405,3.816907898,0.691539461,3.901340117,60,0.769471715
350.236,-8.225413484,3.805216651,60,-8.225410941,3.816905686,0.691536923,3.901337782,60,0.769474466
350.431,-8.22606645,3.805024856,60,-8.226029245,3.816819639,0.691437909,3.901246702,60,0.769576211
350.631,-8.22606645,3.805024856,60,-8.225965005,3.816735254,0.691336353,3.901153283,60,0.769583369
350.731,-8.225413484,3.805024856,60,-8.225581486,3.816695055,0.691285577,3.901106574,60,0.769537698
350.736,-8.225413484,3.805024856,60,-8.225585731,3.816692916,0.691283038,3.901104239,60,0.769538661
350.931,-8.22606645,3.804833061,60,-8.225997929,3.816608143,0.691184024,3.901013158,60,0.769610646
351.131,-8.22606645,3.804833061,60,-8.22606645,3.816523159,0.691082468,3.900919739,60,0.769635141
351.231,-8.22606645,3.804641266,60,-8.226139755,3.816480467,0.69103169,3.900873029,60,0.769652691
351.234,-8.22606645,3.804833061,60,-8.226145341,3.816479168,0.691030166,3.900871628,60,0.769653687
351.431,-8.226719416,3.804641266,60,-8.226560763,3.816393556,0.69093013,3.900779606,60,0.769726019
351.631,-8.22606645,3.804641266,60,-8.226301299,3.816310461,0.690828569,3.900686182,60,0.769704257
351.731,-8.226719416,3.804641266,60,-8.226565529,3.816266751,0.690777789,3.90063947,60,0.769748043
351.736,-8.226719416,3.804641266,60,-8.22658443,3.816264533,0.69077525,3.900637135,60,0.769751026
351.931,-8.226719416,3.80444947,60,-8.226791448,3.816180996,0.690676224,3.900546044,60,0.769793566
352.131,-8.227372383,3.80444947,60,-8.227308241,3.816093623,0.690574656,3.900452613,60,0.769879605
352.231,-8.227372383,3.80444947,60,-8.227372383,3.816051007,0.69052387,3.900405896,60,0.76989563
352.236,-8.227372383,3.80444947,60,-8.227372383,3.816048894,0.690521331,3.90040356,60,0.769895984
352.431,-8.227372383,3.804257675,60,-8.227372383,3.815966521,0.690422297,3.900312462,60,0.769909514
352.631,-8.227372383,3.804257675,60,-8.227435152,3.815881742,0.690320725,3.900219027,60,0.769931694
352.731,-8.228025349,3.80406588,60,-8.227980149,3.8158365,0.690269936,3.900172308,60,0.770014293
352.734,-8.228025349,3.80406588,60,-8.227998218,3.815835134,0.690268413,3.900170906,60,0.77001701
352.931,-8.228025349,3.80406588,60,-8.228025349,3.815751789,0.690168356,3.900078866,60,0.770034218
353.131,-8.228025349,3.80406588,60,-8.228025349,3.815667384,0.690066775,3.899985424,60,0.770047404
353.231,-8.228025349,3.803874085,60,-8.228051368,3.815624665,0.690015985,3.899938307,60,0.77005974
353.236,-8.228025349,3.80406588,60,-8.22806567,3.81562226,0.690013446,3.899935754,60,0.770063313
353.431,-8.228678315,3.803874085,60,-8.228634195,3.81552488,0.689914401,3.899832622,60,0.770224809
353.631,-8.228678315,3.803874085,60,-8.228678315,3.815425334,0.689812812,3.899724178,60,0.770330895
353.731,-8.228678315,3.80368229,60,-8.228678315,3.815375704,0.689762018,3.899669955,60,0.7703807
353.736,-8.228678315,3.80368229,60,-8.228678315,3.815373223,0.689759478,3.899667244,60,0.770383186
353.931,-8.228678315,3.80368229,60,-8.228678315,3.815276486,0.689660429,3.89956151,60,0.770479965
354.131,-8.228678315,3.80368229,60,-8.228678315,3.815177321,0.689558841,3.899453065,60,0.770578785
354.231,-8.228678315,3.80368229,60,-8.228751748,3.815127349,0.689508046,3.899398842,60,0.770638281
354.235,-8.228678315,3.80368229,60,-8.228758692,3.815125328,0.689506014,3.899396674,60,0.770641218
354.431,-8.229331281,3.803490494,60,-8.229250772,3.81502544,0.689406453,3.899290393,60,0.770806397
354.632,-8.229331281,3.803490494,60,-8.229331281,3.814925349,0.689304349,3.899181398,60,0.770916748
354.731,-8.229331281,3.803298699,60,-8.229398151,3.814875915,0.689254058,3.899127713,60,0.770974765
354.736,-8.229331281,3.803298699,60,-8.229403827,3.814873406,0.689251518,3.899125002,60,0.770978014
354.931,-8.229984247,3.803298699,60,-8.229913562,3.814773928,0.689152458,3.899019255,60,0.771145031
355.131,-8.229984247,3.803106904,60,-8.229984247,3.8146744,0.689050853,3.898910793,60,0.771253372
355.231,-8.229984247,3.803106904,60,-8.229984247,3.81462485,0.689000051,3.898856562,60,0.771302468
355.236,-8.229984247,3.803106904,60,-8.229984247,3.814622373,0.688997511,3.898853851,60,0.771304922
355.431,-8.229984247,3.803106904,60,-8.229984247,3.814525789,0.688898446,3.8987481,60,0.771400334
355.631,-8.229984247,3.802915109,60,-8.23003159,3.814426516,0.688796841,3.898639638,60,0.771504389
355.731,-8.230637213,3.802915109,60,-8.230608754,3.814373804,0.688746037,3.898585405,60,0.771633598
355.734,-8.230637213,3.802915109,60,-8.230627416,3.814372216,0.688744513,3.898583778,60,0.771637662
355.931,-8.230637213,3.802915109,60,-8.230637213,3.814274596,0.688644424,3.898476934,60,0.771735302
356.131,-8.230637213,3.802723314,60,-8.230637213,3.814175596,0.688542811,3.898368463,60,0.771832623
356.231,-8.230637213,3.802723314,60,-8.230670392,3.814125931,0.688492005,3.898314228,60,0.771885759
356.236,-8.230637213,3.802723314,60,-8.230684186,3.81412338,0.688489464,3.898311516,60,0.771890106
356.431,-8.231290179,3.802531518,60,-8.23123974,3.814023795,0.688390388,3.898205753,60,0.772062264
356.631,-8.231290179,3.802531518,60,-8.231290179,3.813924526,0.688288767,3.898097273,60,0.772166475
356.731,-8.231290179,3.802531518,60,-8.231290179,3.81387505,0.688237957,3.898043034,60,0.772214918
356.736,-8.231290179,3.802531518,60,-8.231290179,3.813872576,0.688235416,3.898040322,60,0.772217336
356.931,-8.231290179,3.802339723,60,-8.23136332,3.813775727,0.688136336,3.897934554,60,0.772321708
357.131,-8.231943145,3.802339723,60,-8.231865631,3.81367402,0.688034711,3.89782607,60,0.772488369
357.231,-8.231943145,3.802339723,60,-8.231943145,3.813624121,0.687983897,3.897771827,60,0.772547539
357.234,-8.231943145,3.802339723,60,-8.231943145,3.813622637,0.687982372,3.897770199,60,0.772548988
357.431,-8.231943145,3.802147928,60,-8.231943145,3.813525214,0.687882268,3.897663339,60,0.772643994
357.631,-8.231943145,3.802147928,60,-8.232093979,3.813425515,0.687780638,3.89755485,60,0.77276112
357.731,-8.232596111,3.802147928,60,-8.232032979,3.813376432,0.687729823,3.897500605,60,0.772800578
357.736,-8.231943145,3.802147928,60,-8.23202009,3.813374033,0.687727282,3.897497893,60,0.772801178
357.931,-8.231943145,3.802147928,60,-8.232008369,3.813277779,0.687628194,3.897392117,60,0.772892618
358.131,-8.232596111,3.801956133,60,-8.232541406,3.813176034,0.687526561,3.897283625,60,0.773062474
358.231,-8.232596111,3.801956133,60,-8.232596111,3.813126325,0.687475742,3.897229377,60,0.773117918
358.236,-8.232596111,3.801956133,60,-8.232596111,3.813123855,0.687473202,3.897226664,60,0.773120308
358.431,-8.232596111,3.801764338,60,-8.232629454,3.813027359,0.687374105,3.89712088,60,0.77321793
358.631,-8.233249077,3.801572542,60,-8.233233699,3.812925224,0.687272464,3.897012379,60,0.773397659
358.731,-8.233249077,3.801764338,60,-8.233249077,3.812875733,0.687221642,3.896958127,60,0.773447587
358.734,-8.233249077,3.801764338,60,-8.233249077,3.812874251,0.687220117,3.896956499,60,0.773449019
358.931,-8.233249077,3.801572542,60,-8.233249077,3.812776961,0.687119997,3.896849621,60,0.773542829
359.131,-8.233249077,3.801572542,60,-8.233249077,3.812678239,0.687018352,3.896741116,60,0.773637662
359.231,-8.233249077,3.801572542,60,-8.233288822,3.812628675,0.686967529,3.896686863,60,0.773690485
359.236,-8.233249077,3.801572542,60,-8.233302108,3.812626134,0.686964988,3.896684151,60,0.773694703
359.431,-8.233902043,3.801380747,60,-8.233845879,3.812526883,0.68686588,3.896578354,60,0.773862928
359.631,-8.233902043,3.801380747,60,-8.233771514,3.812428586,0.686764228,3.896469841,60,0.773947219
359.731,-8.233249077,3.801380747,60,-8.233453592,3.812381034,0.686713403,3.896415586,60,0.773949843
359.736,-8.233249077,3.801380747,60,-8.233453347,3.812378571,0.686710862,3.896412873,60,0.773952149
359.931,-8.233902043,3.801188952,60,-8.233824671,3.812280391,0.686611753,3.896307076,60,0.774095363
360.131,-8.233902043,3.801188952,60,-8.233902043,3.81218137,0.686510101,3.896198562,60,0.774199869
360.231,-8.233902043,3.801188952,60,-8.233977201,3.812131671,0.686459274,3.896144305,60,0.774257108
360.234,-8.233902043,3.801188952,60,-8.233981883,3.812130167,0.686457749,3.896142678,60,0.774259163
360.431,-8.234555009,3.800997157,60,-8.234553829,3.812029893,0.686357616,3.896035787,60,0.774431268
360.631,-8.235207975,3.800805362,60,-8.234988632,3.811928843,0.686255952,3.895927261,60,0.77458605
360.731,-8.234555009,3.800805362,60,-8.234694618,3.811881168,0.686205119,3.895872998,60,0.774591865
360.736,-8.234555009,3.800805362,60,-8.234672748,3.811878824,0.686202578,3.895870285,60,0.774591149
360.931,-8.234555009,3.800805362,60,-8.234555009,3.81178342,0.686103458,3.895764475,60,0.774665443
361.131,-8.234555009,3.800805362,60,-8.234555009,3.811684953,0.686001797,3.895655953,60,0.774758071
361.231,-8.234555009,3.800613566,60,-8.234584082,3.811635576,0.685950966,3.895601691,60,0.774808309
361.236,-8.234555009,3.800613566,60,-8.234585869,3.811633105,0.685948425,3.895598978,60,0.774810866
361.431,-8.235207975,3.800613566,60,-8.23518153,3.811533814,0.685849301,3.895493165,60,0.774984281
361.631,-8.235207975,3.800613566,60,-8.235207975,3.811435204,0.685747632,3.895384634,60,0.775080518
361.731,-8.235207975,3.800421771,60,-8.235212045,3.811385967,0.685696797,3.895330368,60,0.775127228
361.734,-8.235207975,3.800421771,60,-8.235221548,3.811384438,0.685695272,3.89532874,60,0.77512994
361.931,-8.235860941,3.800421771,60,-8.23586058,3.811283925,0.685595124,3.895221833,60,0.775310285
362.131,-8.236513907,3.800229976,60,-8.236392735,3.811182466,0.685493443,3.895113289,60,0.775477539
362.231,-8.235860941,3.800229976,60,-8.236001841,3.811135392,0.685442602,3.895059018,60,0.775469217
362.236,-8.235860941,3.800229976,60,-8.236008581,3.811132894,0.68544006,3.895056304,60,0.775472459
362.431,-8.236513907,3.800229976,60,-8.236452613,3.811034455,0.685340921,3.894950473,60,0.775624513
362.631,-8.236513907,3.800038181,60,-8.236513907,3.810935675,0.685239235,3.894841925,60,0.775725329
362.731,-8.236513907,3.800038181,60,-8.236582223,3.810886092,0.685188393,3.894787651,60,0.775780883
362.736,-8.236513907,3.800038181,60,-8.236592128,3.810883577,0.68518585,3.894784937,60,0.775784567
362.931,-8.237166873,3.800038181,60,-8.237087741,3.810784871,0.685086703,3.894679099,60,0.775943659
363.131,-8.237166873,3.799846386,60,-8.237166873,3.810681879,0.68498501,3.8945664,60,0.776060701
363.231,-8.237166873,3.799846386,60,-8.237166873,3.810623008,0.684934163,3.894502418,60,0.776139171
363.234,-8.237166873,3.799846386,60,-8.237166873,3.810621212,0.684932638,3.894500468,60,0.776141624
363.431,-8.237166873,3.799846386,60,-8.237166873,3.81050333,0.68483247,3.894372474,60,0.77630245
363.632,-8.237166873,3.79965459,60,-8.237166873,3.810383101,0.684730268,3.89424188,60,0.776466149
363.731,-8.237166873,3.799846386,60,-8.237223115,3.810323587,0.68467993,3.894177558,60,0.776554522
363.736,-8.237166873,3.799846386,60,-8.237227269,3.810320574,0.684677387,3.894174309,60,0.776559168
363.931,-8.23781984,3.799462795,60,-8.237762305,3.810200981,0.684578232,3.894047609,60,0.776792731
364.131,-8.23781984,3.79965459,60,-8.23781984,3.810081029,0.684476531,3.893917655,60,0.776963638
364.231,-8.23781984,3.799271,60,-8.237798273,3.810021349,0.68442568,3.893852678,60,0.777041908
364.236,-8.23781984,3.799271,60,-8.237796994,3.810018366,0.684423138,3.893849429,60,0.777045792
364.431,-8.237166873,3.799271,60,-8.237202617,3.809905138,0.684323983,3.893722728,60,0.777120407
364.631,-8.23781984,3.799271,60,-8.237822732,3.809782239,0.684222285,3.893592779,60,0.777368705
364.731,-8.238472806,3.799271,60,-8.238446485,3.809719008,0.684171432,3.8935278,60,0.777537104
364.734,-8.238472806,3.799271,60,-8.238447339,3.80971721,0.684169907,3.89352585,60,0.77753966
364.931,-8.238472806,3.799271,60,-8.238472806,3.809599283,0.684069723,3.893397835,60,0.77770315
365.131,-8.238472806,3.799079205,60,-8.238472806,3.809479747,0.683968013,3.893267871,60,0.777865154
365.231,-8.238472806,3.799079205,60,-8.238472806,3.809419995,0.683917159,3.893202888,60,0.777946019
365.236,-8.238472806,3.799079205,60,-8.238472806,3.809417008,0.683914616,3.893199639,60,0.777950059
365.431,-8.238472806,3.799079205,60,-8.238536989,3.809300166,0.683815449,3.893072924,60,0.778116496
365.631,-8.239125772,3.79888741,60,-8.239053711,3.809177816,0.683713735,3.892942954,60,0.778350466
365.731,-8.239125772,3.79888741,60,-8.239125772,3.809117662,0.683662877,3.892877967,60,0.778441433
365.736,-8.239125772,3.79888741,60,-8.239125772,3.809114675,0.683660334,3.892874717,60,0.778445475
365.931,-8.239125772,3.798695615,60,-8.239204063,3.808997741,0.683561159,3.892747992,60,0.778613952
366.131,-8.239778738,3.798695615,60,-8.239700015,3.808875493,0.683459437,3.892618012,60,0.778845094
366.231,-8.239778738,3.798695615,60,-8.239778738,3.808815296,0.683408575,3.892553019,60,0.778937019
366.234,-8.239778738,3.798695615,60,-8.239778738,3.808813503,0.683407049,3.89255107,60,0.778939445
366.431,-8.239778738,3.798503819,60,-8.239778738,3.808695801,0.683306849,3.892423034,60,0.77909858
366.631,-8.239778738,3.798503819,60,-8.239778738,3.808576349,0.683205123,3.892293049,60,0.779259787
366.731,-8.239778738,3.798312024,60,-8.239830247,3.808516351,0.68315426,3.892228056,60,0.779347497
366.736,-8.239778738,3.798312024,60,-8.239833894,3.808513345,0.683151717,3.892224807,60,0.779352032
366.931,-8.240431704,3.798312024,60,-8.240329078,3.808394144,0.683052531,3.892098067,60,0.779578571
367.131,-8.239778738,3.798312024,60,-8.239887346,3.808277182,0.682950801,3.891968076,60,0.779677421
367.231,-8.240431704,3.798312024,60,-8.240375993,3.808214788,0.682899936,3.891903081,60,0.779826234
367.236,-8.240431704,3.798312024,60,-8.240405447,3.808211641,0.682897393,3.891899831,60,0.779834379
367.431,-8.240431704,3.798120229,60,-8.240431704,3.808095077,0.682798203,3.891773086,60,0.779994793
367.631,-8.240431704,3.798120229,60,-8.240455687,3.807975581,0.682696469,3.89164309,60,0.780158591
367.731,-8.24108467,3.797928434,60,-8.241062662,3.807912524,0.6826456,3.89157809,60,0.780324064
367.734,-8.24108467,3.797928434,60,-8.24107301,3.807910675,0.682644074,3.89157614,60,0.780327934
367.931,-8.241737636,3.797736639,60,-8.24165987,3.807789741,0.682543854,3.891448079,60,0.780569148
368.131,-8.24108467,3.797736639,60,-8.241242463,3.807672614,0.682442108,3.891318068,60,0.780671514
368.231,-8.241737636,3.797736639,60,-8.241620666,3.807610817,0.682391235,3.891253063,60,0.78080495
368.236,-8.241737636,3.797928434,60,-8.241628685,3.807607787,0.682388692,3.891249812,60,0.7808101
368.431,-8.241737636,3.797736639,60,-8.241805662,3.807490366,0.682289486,3.891123047,60,0.780991769
368.631,-8.242390602,3.797736639,60,-8.242166835,3.807368928,0.682187732,3.890993026,60,0.781203402
368.731,-8.241737636,3.797544843,60,-8.241962878,3.807310351,0.682136855,3.890928016,60,0.7812551
368.736,-8.241737636,3.797544843,60,-8.241958142,3.807307393,0.682134311,3.890924765,60,0.781258443
368.931,-8.242390602,3.797544843,60,-8.242309731,3.807189047,0.682035101,3.890797994,60,0.78146427
369.131,-8.242390602,3.797353048,60,-8.242390602,3.807069208,0.681933343,3.890667968,60,0.781636115
369.231,-8.242390602,3.797353048,60,-8.242390602,3.807009528,0.681882464,3.890602955,60,0.78171624
369.234,-8.242390602,3.797353048,60,-8.242390602,3.807007737,0.681880938,3.890601004,60,0.781718643
369.431,-8.242390602,3.797353048,60,-8.242390602,3.806890198,0.681780706,3.890472928,60,0.781876225
369.631,-8.242390602,3.797353048,60,-8.242390602,3.806770912,0.681678949,3.890342902,60,0.78203586
369.731,-8.242390602,3.797161253,60,-8.242390602,3.806711284,0.68162807,3.890277889,60,0.782115549
369.736,-8.242390602,3.797161253,60,-8.242390602,3.806708302,0.681625526,3.890274638,60,0.782119533
369.931,-8.242390602,3.797161253,60,-8.242390602,3.806592058,0.681526312,3.890147863,60,0.78227468
370.131,-8.242390602,3.797161253,60,-8.242390602,3.806472871,0.681424554,3.890017836,60,0.782433485
370.231,-8.242390602,3.796969458,60,-8.242395371,3.806413266,0.681373675,3.889952823,60,0.78251344
370.236,-8.242390602,3.796969458,60,-8.242395635,3.806410286,0.681371131,3.889949573,60,0.782517441
370.431,-8.243043568,3.796969458,60,-8.243043189,3.806290493,0.681271913,3.889822792,60,0.782763308
370.631,-8.243043568,3.796777663,60,-8.243043568,3.806171282,0.681170147,3.889692755,60,0.782922273
370.731,-8.243043568,3.796777663,60,-8.243072444,3.806111532,0.681119264,3.889627737,60,0.783005693
370.734,-8.243043568,3.796777663,60,-8.243081043,3.806109697,0.681117737,3.889625786,60,0.783009283
370.931,-8.243696534,3.796777663,60,-8.24365071,3.805989124,0.681017494,3.889497695,60,0.783245926
371.131,-8.243696534,3.796585867,60,-8.243696534,3.805869647,0.68091572,3.889367648,60,0.783411366
371.231,-8.243696534,3.796585867,60,-8.243756593,3.805809714,0.680864833,3.889302625,60,0.783499221
371.236,-8.243696534,3.796585867,60,-8.24376785,3.805806672,0.680862288,3.889299373,60,0.783504774
371.431,-8.2443495,3.796585867,60,-8.244276383,3.805687615,0.680763055,3.889172573,60,0.783731327
371.631,-8.2443495,3.796394072,60,-8.2443495,3.805567975,0.680661273,3.889042516,60,0.78390066
371.731,-8.2443495,3.796394072,60,-8.2443495,3.805508372,0.680610382,3.888977487,60,0.783980066
371.736,-8.2443495,3.796394072,60,-8.2443495,3.805505392,0.680607837,3.888974236,60,0.783984034
371.931,-8.2443495,3.796202277,60,-8.244428327,3.805388758,0.6805086,3.88884743,60,0.784149732
372.131,-8.245002466,3.796202277,60,-8.244925837,3.805266813,0.680406814,3.888717367,60,0.784378433
372.231,-8.245002466,3.796202277,60,-8.245071855,3.805206396,0.680355918,3.888652333,60,0.784478411
372.234,-8.245002466,3.796202277,60,-8.245075331,3.805204588,0.680354392,3.888650382,60,0.784481283
372.431,-8.245655432,3.796010482,60,-8.245586651,3.805084303,0.680254124,3.888522261,60,0.784709931
372.631,-8.245655432,3.796010482,60,-8.245655432,3.804964669,0.680152326,3.888392183,60,0.784878702
372.731,-8.245655432,3.796010482,60,-8.245655432,3.804905058,0.680101427,3.888327144,60,0.78495812
372.736,-8.245655432,3.796010482,60,-8.245655432,3.804902078,0.680098882,3.888323892,60,0.78496209
372.931,-8.245655432,3.795818687,60,-8.245655432,3.804785084,0.679999629,3.888196276,60,0.785119479
373.131,-8.245655432,3.795818687,60,-8.245655432,3.804653862,0.679897831,3.888054071,60,0.785320814
373.231,-8.245655432,3.795818687,60,-8.246107746,3.804585376,0.67984693,3.887982594,60,0.78548653
373.236,-8.246308398,3.795818687,60,-8.246127884,3.804581965,0.679844385,3.887979021,60,0.785494469
373.431,-8.246308398,3.795626891,60,-8.246308398,3.804452267,0.679745125,3.887839635,60,0.78571902
373.631,-8.246308398,3.795435096,60,-8.246308398,3.804320312,0.679643318,3.887696674,60,0.785922881
373.731,-8.246308398,3.795626891,60,-8.246308398,3.804254353,0.679592415,3.887625194,60,0.786024658
373.734,-8.246308398,3.795626891,60,-8.246308398,3.804252375,0.679590888,3.88762305,60,0.786027709
373.931,-8.246308398,3.795435096,60,-8.246308398,3.804122472,0.679490609,3.887482234,60,0.786227912
374.131,-8.246308398,3.795435096,60,-8.246433369,3.80398994,0.679388802,3.887339273,60,0.786448448
374.231,-8.246961364,3.795435096,60,-8.246763596,3.803922184,0.679337897,3.88726779,60,0.786596524
374.236,-8.246961364,3.795435096,60,-8.246762844,3.803918891,0.679335352,3.887264216,60,0.786601496
374.431,-8.246308398,3.795435096,60,-8.246458239,3.803792048,0.679236087,3.887124824,60,0.786756223
374.631,-8.246961364,3.795243301,60,-8.246883458,3.803657908,0.679134277,3.886981858,60,0.787018654
374.731,-8.246961364,3.795051506,60,-8.247034139,3.803591168,0.679083369,3.886910372,60,0.787141223
374.736,-8.246961364,3.795051506,60,-8.247042014,3.803587829,0.679080824,3.886906798,60,0.7871474
374.931,-8.24761433,3.795051506,60,-8.2475341,3.803456563,0.678981551,3.886767395,60,0.787414586
375.131,-8.24761433,3.795051506,60,-8.24761433,3.803324267,0.678879729,3.886624412,60,0.787628807
375.231,-8.24761433,3.794859711,60,-8.247680805,3.803257986,0.678828818,3.886552921,60,0.787739539
375.234,-8.24761433,3.794859711,60,-8.24768398,3.803255991,0.67882729,3.886550776,60,0.787743027
375.431,-8.248267297,3.794667915,60,-8.248202462,3.80312325,0.678726991,3.886409932,60,0.788016036
375.631,-8.248267297,3.794667915,60,-8.248161486,3.802991619,0.678625161,3.886266938,60,0.788213144
375.731,-8.24761433,3.794667915,60,-8.247740696,3.80292806,0.678574248,3.886195444,60,0.788254844
375.736,-8.24761433,3.794667915,60,-8.247716004,3.802924903,0.678571702,3.886191869,60,0.78825641
375.931,-8.248267297,3.794667915,60,-8.248235619,3.802793577,0.678472421,3.886052456,60,0.788526739
376.131,-8.248267297,3.79447612,60,-8.248267297,3.802661641,0.678370591,3.885909461,60,0.788733297
376.231,-8.248267297,3.79447612,60,-8.248267297,3.802595775,0.678319676,3.885837964,60,0.788834229
376.236,-8.248267297,3.79447612,60,-8.248267297,3.802592482,0.67831713,3.885834389,60,0.788839272
376.431,-8.248267297,3.794284325,60,-8.248285502,3.802463971,0.678217845,3.88569497,60,0.789038423
376.632,-8.248920263,3.79447612,60,-8.248882265,3.802328285,0.678115502,3.885551255,60,0.789325548
376.731,-8.248920263,3.794284325,60,-8.248920263,3.802262856,0.678065092,3.885480467,60,0.789430898
376.734,-8.248920263,3.794284325,60,-8.248920263,3.80226088,0.678063564,3.885478322,60,0.789433926
376.931,-8.248920263,3.794284325,60,-8.248976756,3.802130814,0.677963253,3.885337461,60,0.789640662
377.131,-8.249573229,3.79409253,60,-8.24937355,3.801996875,0.677861411,3.88519445,60,0.789898647
377.231,-8.248920263,3.79409253,60,-8.249127863,3.801932374,0.67781049,3.885122945,60,0.789964743
377.236,-8.248920263,3.79409253,60,-8.249127118,3.801929086,0.677807944,3.885119369,60,0.789969671
377.431,-8.249573229,3.79409253,60,-8.249495203,3.801798644,0.677708647,3.884979933,60,0.790218191
377.631,-8.249573229,3.793900735,60,-8.249573229,3.801666499,0.6776068,3.884836916,60,0.790430815
377.731,-8.249573229,3.793900735,60,-8.249645631,3.801600251,0.677555877,3.884765408,60,0.790541778
377.736,-8.249573229,3.79409253,60,-8.249652999,3.801596918,0.677553331,3.884761832,60,0.790547856
377.931,-8.250226195,3.793900735,60,-8.250147177,3.801465755,0.677454026,3.884622385,60,0.790814382
378.131,-8.250226195,3.793708939,60,-8.250226195,3.801333576,0.677352172,3.884479357,60,0.791027331
378.231,-8.250226195,3.793708939,60,-8.250226195,3.801267718,0.677301245,3.884407843,60,0.791128116
378.234,-8.250226195,3.793708939,60,-8.250226195,3.801265743,0.677299717,3.884405698,60,0.791131139
378.431,-8.250226195,3.793708939,60,-8.25028559,3.801135697,0.67719939,3.884264815,60,0.791337893
378.631,-8.250879161,3.793517144,60,-8.250926285,3.801000433,0.677097531,3.88412178,60,0.791630174
378.731,-8.251532127,3.793325349,60,-8.251425749,3.800931768,0.677046598,3.884050258,60,0.791801994
378.736,-8.251532127,3.793325349,60,-8.251451937,3.800928328,0.677044051,3.884046682,60,0.791810759
378.931,-8.250879161,3.793517144,60,-8.250902887,3.800802886,0.676944731,3.883907213,60,0.791929898
379.131,-8.250879161,3.793325349,60,-8.250885994,3.800671297,0.676842868,3.883764173,60,0.792128761
379.231,-8.251532127,3.793325349,60,-8.2515177,3.800601943,0.676791935,3.883692651,60,0.792318994
379.236,-8.251532127,3.793325349,60,-8.251518464,3.800598645,0.676789388,3.883689074,60,0.792324148
379.431,-8.251532127,3.793133554,60,-8.251532127,3.800470115,0.676690064,3.8835496,60,0.792522759
379.631,-8.251532127,3.793133554,60,-8.251532127,3.800338403,0.676588193,3.883406549,60,0.792724189
379.731,-8.251532127,3.793133554,60,-8.251532127,3.800272559,0.676537258,3.883335023,60,0.792824796
379.734,-8.251532127,3.793133554,60,-8.251532127,3.800270584,0.67653573,3.883332878,60,0.792827813
379.931,-8.251532127,3.792941759,60,-8.251532127,3.800140898,0.676435387,3.883191972,60,0.793025803
380.131,-8.251532127,3.792941759,60,-8.251672235,3.800008487,0.676333516,3.883048921,60,0.793246457
380.231,-8.252185093,3.792941759,60,-8.252038466,3.799940628,0.676282579,3.882977393,60,0.793398895
380.236,-8.252185093,3.792941759,60,-8.252050443,3.799937269,0.676280032,3.882973816,60,0.793405625
380.431,-8.252185093,3.792749963,60,-8.252262691,3.79980769,0.6761807,3.882834331,60,0.793631945
380.631,-8.252838059,3.792749963,60,-8.252601344,3.799674096,0.676078818,3.882691264,60,0.793881396
380.731,-8.252185093,3.792749963,60,-8.252413412,3.799609285,0.676027876,3.88261973,60,0.793955357
380.736,-8.252185093,3.792558168,60,-8.252402689,3.799606053,0.676025329,3.882616153,60,0.793958861
380.931,-8.252838059,3.792558168,60,-8.252760848,3.799475681,0.675925993,3.882476661,60,0.794205751
381.131,-8.252838059,3.792558168,60,-8.252976342,3.799342782,0.675824106,3.882333587,60,0.794437595
381.231,-8.253491025,3.792366373,60,-8.253302233,3.799275112,0.675773161,3.882262048,60,0.794584586
381.234,-8.253491025,3.792366373,60,-8.253313574,3.799273073,0.675771632,3.882259902,60,0.794589219
381.431,-8.252838059,3.792366373,60,-8.252893235,3.799145667,0.67567127,3.882118969,60,0.794727778
381.631,-8.252838059,3.792366373,60,-8.252838059,3.799014349,0.675569383,3.881975896,60,0.794920535
381.731,-8.252838059,3.792366373,60,-8.253413967,3.798945337,0.675518438,3.881904356,60,0.795102692
381.736,-8.253491025,3.792174578,60,-8.253447736,3.798941859,0.675515891,3.881900779,60,0.795112507
381.931,-8.253491025,3.792174578,60,-8.253491025,3.798813219,0.675416543,3.881761272,60,0.795314729
382.131,-8.253491025,3.791982783,60,-8.253491025,3.798681556,0.675314648,3.881618187,60,0.795515593
382.231,-8.253491025,3.791982783,60,-8.253506578,3.79861565,0.675263701,3.881546644,60,0.79561814
382.236,-8.253491025,3.791982783,60,-8.253521556,3.798612276,0.675261153,3.881543067,60,0.795625287
382.431,-8.254143991,3.791982783,60,-8.254109218,3.798480639,0.675161802,3.881403554,60,0.795904708
382.631,-8.254143991,3.791790988,60,-8.254143991,3.798348743,0.675059899,3.881260458,60,0.796110779
382.731,-8.254143991,3.791790988,60,-8.254143991,3.798282344,0.675008947,3.881188349,60,0.796212753
382.734,-8.254143991,3.791790988,60,-8.254143991,3.798280293,0.675007419,3.881186125,60,0.796215972
382.931,-8.254143991,3.791790988,60,-8.254209521,3.798143028,0.674907044,3.881037888,60,0.796442249
383.131,-8.254796957,3.791790988,60,-8.254723988,3.797999977,0.674805137,3.880886097,60,0.796738537
383.231,-8.254796957,3.791599192,60,-8.254796957,3.797929491,0.674754182,3.880810199,60,0.796860299
383.236,-8.254796957,3.791599192,60,-8.254796957,3.797925988,0.674751634,3.880806404,60,0.796865861
383.431,-8.254796957,3.791599192,60,-8.254796957,3.797789415,0.674652271,3.880658403,60,0.797082347
383.631,-8.254796957,3.791599192,60,-8.254796957,3.797649459,0.67455036,3.880506606,60,0.79730341
383.731,-8.254796957,3.791599192,60,-8.254866832,3.797579134,0.674499404,3.880430707,60,0.797423545
383.736,-8.254796957,3.791599192,60,-8.254873185,3.797575603,0.674496856,3.880426912,60,0.797429955
383.931,-8.255449923,3.791407397,60,-8.255375114,3.797436479,0.674397489,3.880278905,60,0.797715978
384.131,-8.255449923,3.791215602,60,-8.255449923,3.797296274,0.67429557,3.880127097,60,0.797946252
384.231,-8.255449923,3.791215602,60,-8.255449923,3.797226419,0.67424461,3.880051192,60,0.798055746
384.234,-8.255449923,3.791215602,60,-8.255449923,3.797224323,0.674243081,3.880048915,60,0.79805903
384.431,-8.255449923,3.791215602,60,-8.255498403,3.797086515,0.674142691,3.879899383,60,0.798281002
384.632,-8.256102889,3.791023807,60,-8.256008449,3.796943407,0.674040258,3.87974681,60,0.798572668
384.731,-8.255449923,3.791023807,60,-8.255522205,3.796877037,0.673989806,3.879671662,60,0.798610994
384.736,-8.255449923,3.791023807,60,-8.255493325,3.796873709,0.673987258,3.879667866,60,0.798612312
384.931,-8.256755855,3.791023807,60,-8.256743774,3.796730776,0.673887879,3.879519841,60,0.799002192
385.132,-8.256755855,3.790832012,60,-8.256719886,3.796590688,0.673785435,3.87936725,60,0.799217178
385.231,-8.256102889,3.790832012,60,-8.256175464,3.7965247,0.673734979,3.879292095,60,0.79924667
385.236,-8.256102889,3.790832012,60,-8.256187164,3.796521152,0.67373243,3.8792883,60,0.79925373
385.431,-8.256755855,3.790832012,60,-8.25671397,3.796382395,0.673633047,3.879140269,60,0.799539122
385.632,-8.256755855,3.790640216,60,-8.256755855,3.796242174,0.673530602,3.878987677,60,0.799761584
385.731,-8.256755855,3.790640216,60,-8.256814009,3.79617293,0.673480144,3.87891252,60,0.799876269
385.734,-8.256755855,3.790640216,60,-8.256821065,3.796170803,0.673478615,3.878910242,60,0.799880497
385.932,-8.257408821,3.790640216,60,-8.257337819,3.79603011,0.673377695,3.878759922,60,0.800166859
386.132,-8.257408821,3.790448421,60,-8.257408821,3.795890518,0.673275752,3.878608077,60,0.800391566
386.231,-8.257408821,3.790448421,60,-8.257408821,3.795821644,0.67322529,3.878532914,60,0.800497546
386.237,-8.257408821,3.790448421,60,-8.257408821,3.79581747,0.673222232,3.878528359,60,0.800503964
386.431,-8.257408821,3.790448421,60,-8.257487335,3.795682124,0.673123347,3.878381069,60,0.800722383
386.632,-8.258061787,3.790256626,60,-8.25782923,3.795540481,0.67302089,3.87822846,60,0.800985612
386.731,-8.257408821,3.790256626,60,-8.257629686,3.795472777,0.672970426,3.878153294,60,0.80106255
386.736,-8.257408821,3.790256626,60,-8.257615772,3.79546938,0.672967878,3.878149498,60,0.801065883
386.931,-8.258061787,3.790064831,60,-8.257989974,3.795331827,0.672868478,3.878001443,60,0.801326523
387.131,-8.258061787,3.790256626,60,-8.258061787,3.795192494,0.672766527,3.877849586,60,0.801549124
387.231,-8.258061787,3.790064831,60,-8.258110721,3.795122778,0.672715551,3.877773658,60,0.801662098
387.234,-8.258061787,3.790064831,60,-8.258112691,3.795120683,0.672714022,3.87777138,60,0.801665558
387.431,-8.258714754,3.789873036,60,-8.258671591,3.794980781,0.672613596,3.877621795,60,0.801954158
387.631,-8.258714754,3.789873036,60,-8.258714754,3.794841659,0.672511637,3.877469927,60,0.802172176
387.731,-8.258714754,3.78968124,60,-8.258714754,3.794772242,0.672460657,3.877393993,60,0.802277908
387.736,-8.258714754,3.78968124,60,-8.258714754,3.794768771,0.672458108,3.877390196,60,0.802283194
387.932,-8.258714754,3.789873036,60,-8.258721432,3.794632726,0.672358188,3.877241364,60,0.80249097
388.132,-8.25936772,3.789489445,60,-8.259341787,3.794490513,0.672256224,3.87708949,60,0.802790591
388.231,-8.25936772,3.78968124,60,-8.25936772,3.794421668,0.67220575,3.877014309,60,0.802898759
388.236,-8.25936772,3.78968124,60,-8.25936772,3.794418199,0.672203201,3.877010512,60,0.802904029
388.432,-8.25936772,3.789489445,60,-8.259416948,3.794281955,0.672103273,3.876861669,60,0.803117524
388.632,-8.260020686,3.789489445,60,-8.25995965,3.794140209,0.672001301,3.876709782,60,0.80340573
388.731,-8.260020686,3.78929765,60,-8.260020686,3.794071189,0.671950824,3.876634595,60,0.803518735
388.734,-8.260020686,3.78929765,60,-8.260020686,3.794069108,0.671949294,3.876632317,60,0.803521893
388.931,-8.260020686,3.78929765,60,-8.260092575,3.793932075,0.671848848,3.876482702,60,0.803739368
389.132,-8.260673652,3.78929765,60,-8.260439895,3.793790754,0.671746359,3.876330045,60,0.804000357
389.231,-8.260020686,3.78929765,60,-8.260251284,3.793723157,0.671695879,3.876254855,60,0.804077295
389.236,-8.260020686,3.789105855,60,-8.260244359,3.793719729,0.67169333,3.876251058,60,0.804081545
389.432,-8.260673652,3.789105855,60,-8.260514688,3.793582378,0.671593389,3.876102197,60,0.804325644
389.631,-8.260020686,3.789105855,60,-8.260249232,3.793445965,0.671491919,3.875951057,60,0.80449577
389.731,-8.260673652,3.789105855,60,-8.26059138,3.793374799,0.671440929,3.875875107,60,0.804649191
389.736,-8.260673652,3.78891406,60,-8.260617269,3.793371192,0.67143838,3.87587131,60,0.804658122
389.931,-8.261326618,3.78891406,60,-8.261258395,3.793232505,0.671338942,3.875723197,60,0.804954027
390.131,-8.261326618,3.78891406,60,-8.261213746,3.793094142,0.671236951,3.875571281,60,0.805157003
390.231,-8.260673652,3.788722264,60,-8.260817285,3.793027075,0.671185957,3.875495326,60,0.805204584
390.234,-8.260673652,3.788722264,60,-8.260803259,3.793025075,0.671184427,3.875493047,60,0.805205704
390.431,-8.261326618,3.788722264,60,-8.261290344,3.792885972,0.671083969,3.875343415,60,0.805480706
390.631,-8.261326618,3.788722264,60,-8.261363022,3.792747078,0.670981977,3.875191498,60,0.805699492
390.731,-8.261979584,3.788530469,60,-8.26196294,3.792674502,0.67093098,3.875115537,60,0.805889695
390.736,-8.261979584,3.788530469,60,-8.261979584,3.792670946,0.67092843,3.875111739,60,0.805897298
390.932,-8.261979584,3.788530469,60,-8.261964043,3.792535267,0.67082847,3.874962848,60,0.806099603
391.132,-8.261326618,3.788530469,60,-8.261360098,3.792400179,0.670726474,3.874810926,60,0.80622093
391.231,-8.261326618,3.788338674,60,-8.261383615,3.792331568,0.670675988,3.874735727,60,0.806326855
391.236,-8.261979584,3.788338674,60,-8.261403997,3.792327996,0.670673438,3.874731929,60,0.806334957
391.432,-8.261326618,3.788338674,60,-8.261437622,3.792192234,0.670573484,3.874583046,60,0.80654281
391.631,-8.261979584,3.788146879,60,-8.261915354,3.792051957,0.670471998,3.874431883,60,0.806817243
391.731,-8.261979584,3.788146879,60,-8.262045407,3.791982061,0.670420998,3.874355919,60,0.806939476
391.734,-8.261979584,3.788146879,60,-8.262051864,3.79197995,0.670419468,3.87435364,60,0.806943509
391.932,-8.26263255,3.788146879,60,-8.262556333,3.791840164,0.670318484,3.874203224,60,0.807221156
392.131,-8.26263255,3.787955084,60,-8.26263255,3.79170204,0.670216987,3.874052044,60,0.807438514
392.231,-8.26263255,3.787955084,60,-8.26263255,3.791632858,0.670165983,3.873976073,60,0.807542134
392.236,-8.26263255,3.787955084,60,-8.26263255,3.791629399,0.670163433,3.873972275,60,0.807547313
392.431,-8.26263255,3.787955084,60,-8.262710444,3.791494088,0.670063975,3.873824132,60,0.807760323
392.631,-8.263285516,3.787763288,60,-8.263211571,3.791359589,0.669961963,3.873678795,60,0.808012855
392.731,-8.263285516,3.787763288,60,-8.262854708,3.791301295,0.669910957,3.873611685,60,0.80802948
392.736,-8.26263255,3.787763288,60,-8.262820938,3.79129847,0.669908406,3.87360833,60,0.808028018
392.932,-8.26263255,3.787763288,60,-8.262693461,3.791181214,0.669808438,3.873476798,60,0.808141365
393.132,-8.263285516,3.787571493,60,-8.263236449,3.791057922,0.669706426,3.873342579,60,0.80835293
393.231,-8.263285516,3.787571493,60,-8.263319565,3.790997939,0.669655928,3.873276138,60,0.808430841
393.235,-8.263285516,3.787571493,60,-8.263321259,3.790995525,0.669653888,3.873273453,60,0.808433749
393.431,-8.263938482,3.787571493,60,-8.263881176,3.790874618,0.669553908,3.873141908,60,0.808644434
393.631,-8.263285516,3.787379698,60,-8.263314083,3.790757661,0.669451889,3.873007677,60,0.808694992
393.731,-8.263938482,3.787187903,60,-8.263937446,3.79069421,0.669400879,3.872940562,60,0.808850115
393.736,-8.263938482,3.787187903,60,-8.263953373,3.790691121,0.669398328,3.872937206,60,0.808855689
393.931,-8.264591448,3.787379698,60,-8.264569847,3.790570679,0.669298851,3.872806321,60,0.809072347
394.131,-8.264591448,3.787187903,60,-8.264591448,3.790450582,0.669196819,3.872672075,60,0.809206371
394.231,-8.264591448,3.786996108,60,-8.264591448,3.790390636,0.669145803,3.872604952,60,0.809271489
394.236,-8.264591448,3.786996108,60,-8.264591448,3.79038764,0.669143252,3.872601596,60,0.809274735
394.431,-8.264591448,3.786996108,60,-8.264591448,3.790270824,0.669043771,3.872470706,60,0.809401047
394.632,-8.264591448,3.786996108,60,-8.264591448,3.790150519,0.668941229,3.872335789,60,0.809530379
394.731,-8.264591448,3.786804312,60,-8.264660577,3.790090916,0.668890723,3.872269337,60,0.809603724
394.734,-8.264591448,3.786804312,60,-8.264666765,3.790089088,0.668889192,3.872267323,60,0.809606532
394.931,-8.265244414,3.786804312,60,-8.265243247,3.789968076,0.668788686,3.872135085,60,0.80981537
395.131,-8.26589738,3.786612517,60,-8.26581855,3.789845263,0.668686642,3.872000823,60,0.810026016
395.231,-8.26589738,3.786804312,60,-8.265825234,3.789785423,0.668635619,3.87193369,60,0.810090851
395.236,-8.26589738,3.786804312,60,-8.265818036,3.789782474,0.668633068,3.871930333,60,0.810093005
395.431,-8.265244414,3.786612517,60,-8.265399414,3.789668285,0.668533574,3.871799427,60,0.81015648
395.631,-8.26589738,3.786612517,60,-8.265968636,3.789545729,0.66843153,3.871665165,60,0.810364436
395.731,-8.266550346,3.786420722,60,-8.266415332,3.789483538,0.668380504,3.871598028,60,0.810491834
395.736,-8.266550346,3.786420722,60,-8.266437862,3.789480427,0.668377953,3.871594672,60,0.810498233
395.932,-8.266550346,3.786420722,60,-8.266550346,3.789362761,0.668277938,3.87146308,60,0.810638125
396.131,-8.266550346,3.786420722,60,-8.266550346,3.789244006,0.668176392,3.871329473,60,0.810763076
396.231,-8.266550346,3.786228927,60,-8.266579944,3.789184198,0.668125364,3.871262334,60,0.810829866
396.234,-8.266550346,3.786228927,60,-8.26658101,3.789182403,0.668123833,3.87126032,60,0.810831895
396.431,-8.267203312,3.786228927,60,-8.267182583,3.789061582,0.668023304,3.871128051,60,0.811041525
396.632,-8.267203312,3.786037132,60,-8.267197306,3.788941646,0.667920729,3.870993091,60,0.811169002
396.731,-8.266550346,3.786037132,60,-8.266570998,3.788886136,0.667870209,3.870926621,60,0.811140212
396.736,-8.266550346,3.786037132,60,-8.266569893,3.788883166,0.667867658,3.870923264,60,0.811143127
396.931,-8.266550346,3.786037132,60,-8.266579163,3.788767063,0.667768153,3.870792342,60,0.811264285
397.132,-8.267203312,3.785845337,60,-8.267156709,3.788644262,0.667665582,3.870657388,60,0.811470728
397.231,-8.267203312,3.785845337,60,-8.267252681,3.788584818,0.667615061,3.870590915,60,0.811545298
397.236,-8.267203312,3.785845337,60,-8.267265121,3.788581774,0.667612509,3.870587558,60,0.811550154
397.431,-8.267856278,3.785845337,60,-8.267791892,3.788462815,0.667512992,3.870456621,60,0.811745646
397.632,-8.267856278,3.785653541,60,-8.267710652,3.78834367,0.66741041,3.870321651,60,0.811857121
397.731,-8.267203312,3.785653541,60,-8.267670716,3.788285022,0.667359886,3.870255174,60,0.811911737
397.734,-8.267856278,3.785653541,60,-8.267689406,3.788283135,0.667358355,3.87025316,60,0.811916254
397.931,-8.268509244,3.785461746,60,-8.268352102,3.788162304,0.66725781,3.870120871,60,0.812131968
398.131,-8.267856278,3.785461746,60,-8.268092816,3.788044837,0.667155734,3.869986567,60,0.812216317
398.231,-8.268509244,3.785653541,60,-8.268065279,3.787985573,0.667104696,3.869919415,60,0.812272939
398.236,-8.267856278,3.785653541,60,-8.268056079,3.787982653,0.667102144,3.869916058,60,0.812274642
398.432,-8.268509244,3.785269951,60,-8.268507739,3.787863721,0.667002109,3.869784438,60,0.812458209
398.632,-8.269162211,3.785269951,60,-8.268960649,3.787742368,0.666900025,3.869650124,60,0.812644649
398.731,-8.268509244,3.785269951,60,-8.268690569,3.787685051,0.666849494,3.869583638,60,0.812665595
398.736,-8.268509244,3.785269951,60,-8.268670609,3.787682192,0.666846941,3.86958028,60,0.812665739
398.932,-8.269162211,3.785078156,60,-8.269110563,3.787563365,0.666746898,3.869448651,60,0.812847257
399.131,-8.269162211,3.785078156,60,-8.269162211,3.787444911,0.666645321,3.869315003,60,0.812974549
399.231,-8.269162211,3.785078156,60,-8.269162211,3.787385551,0.666594276,3.869247842,60,0.813034621
399.234,-8.269162211,3.785078156,60,-8.269162211,3.78738377,0.666592745,3.869245828,60,0.813036423
399.431,-8.269162211,3.784886361,60,-8.269174103,3.787266805,0.666492188,3.869113522,60,0.813156125
399.631,-8.269815177,3.784886361,60,-8.269806148,3.787144628,0.666390095,3.868979196,60,0.813366981
399.731,-8.269815177,3.784694565,60,-8.269815177,3.787085229,0.666339047,3.868912031,60,0.813428221
399.736,-8.269815177,3.784694565,60,-8.269815177,3.787082262,0.666336495,3.868908672,60,0.813431212
399.932,-8.269815177,3.784694565,60,-8.269815177,3.786965979,0.66623644,3.868777028,60,0.813548352
400.131,-8.269815177,3.784694565,60,-8.269916632,3.786847402,0.666134854,3.868643368,60,0.813681523
400.231,-8.270468143,3.784694565,60,-8.270300405,3.78678597,0.666083804,3.8685762,60,0.813796439
400.236,-8.270468143,3.784694565,60,-8.270296222,3.786783027,0.666081251,3.868572842,60,0.813798821
400.432,-8.269815177,3.78450277,60,-8.269953021,3.786668713,0.665981193,3.868441192,60,0.813865869
400.631,-8.270468143,3.78450277,60,-8.27039396,3.786548327,0.665879603,3.868307527,60,0.814047417
400.731,-8.270468143,3.78450277,60,-8.270541449,3.786488232,0.66582855,3.868240357,60,0.814128012
400.734,-8.270468143,3.78450277,60,-8.270547034,3.786486423,0.665827019,3.868238342,60,0.814130597
400.931,-8.271121109,3.784310975,60,-8.271041182,3.786366889,0.665726442,3.86810601,60,0.81431888
401.131,-8.271121109,3.784310975,60,-8.271121109,3.786247862,0.66562433,3.867971658,60,0.814449233
401.231,-8.271121109,3.78411918,60,-8.271121109,3.786188586,0.665573273,3.867904482,60,0.814508515
401.237,-8.271121109,3.78411918,60,-8.271121109,3.78618503,0.66557021,3.867900451,60,0.81451207
401.431,-8.271121109,3.784310975,60,-8.271121109,3.786070069,0.665471161,3.86777013,60,0.814626791
401.632,-8.271121109,3.78411918,60,-8.271247757,3.785950299,0.665368537,3.867635105,60,0.814763582
401.731,-8.271774075,3.783927385,60,-8.271654732,3.785889392,0.665317989,3.867568598,60,0.814880736
401.737,-8.271774075,3.783927385,60,-8.271684439,3.785885673,0.665314926,3.867564567,60,0.814888566
401.932,-8.271774075,3.783927385,60,-8.271774075,3.785769624,0.665215358,3.867433564,60,0.815016746
402.132,-8.271774075,3.783927385,60,-8.271774075,3.785651149,0.665113238,3.867299201,60,0.815134617
402.231,-8.271774075,3.783735589,60,-8.271784782,3.785592459,0.665062688,3.867232691,60,0.815194379
402.235,-8.271774075,3.783735589,60,-8.271785262,3.785590088,0.665060646,3.867230004,60,0.815196801
402.432,-8.272427041,3.783735589,60,-8.272426582,3.785475702,0.664960053,3.867103497,60,0.81537017
402.632,-8.272427041,3.783543794,60,-8.272427041,3.785372217,0.664857924,3.866984067,60,0.815397776
402.731,-8.272427041,3.783543794,60,-8.272452934,3.785320888,0.66480737,3.866924949,60,0.815414845
402.736,-8.272427041,3.783735589,60,-8.272467162,3.785318224,0.664804817,3.866921963,60,0.815417566
402.932,-8.273080007,3.783543794,60,-8.273033894,3.785213774,0.664704727,3.866804917,60,0.815525535
403.132,-8.273080007,3.783351999,60,-8.273080007,3.785110179,0.66460259,3.866685478,60,0.8155585
403.231,-8.273080007,3.783351999,60,-8.273080007,3.785059061,0.664552033,3.866626355,60,0.815571237
403.237,-8.273080007,3.783351999,60,-8.273080007,3.785055964,0.664548968,3.866622772,60,0.815572
403.432,-8.273080007,3.783351999,60,-8.273080007,3.784955347,0.664449385,3.866506318,60,0.815596503
403.632,-8.273080007,3.783351999,60,-8.273080007,3.78485224,0.664347248,3.866386879,60,0.815620886
403.731,-8.273080007,3.783160204,60,-8.273080007,3.784801235,0.664296691,3.866327756,60,0.815632686
403.734,-8.273080007,3.782776613,60,-8.273080007,3.784799689,0.664295159,3.866325965,60,0.815633041
403.932,-8.273080007,3.783160204,60,-8.273158831,3.784697303,0.664194043,3.866207719,60,0.815667515
404.132,-8.273732973,3.783160204,60,-8.273656357,3.784591602,0.664091902,3.866088275,60,0.815762392
404.231,-8.273732973,3.782968409,60,-8.273732973,3.784540223,0.664041341,3.866029149,60,0.815784806
404.237,-8.273732973,3.782968409,60,-8.273732973,3.784537135,0.664038276,3.866025565,60,0.815785492
404.432,-8.273732973,3.782968409,60,-8.273732973,3.784436822,0.663938685,3.865909102,60,0.81580741
404.632,-8.273732973,3.782776613,60,-8.273850275,3.784333361,0.66383654,3.865789653,60,0.815846228
404.731,-8.274385939,3.782776613,60,-8.27427687,3.784280112,0.663785976,3.865730523,60,0.815918606
404.736,-8.274385939,3.782776613,60,-8.274302626,3.7842774,0.663783422,3.865727537,60,0.81592287
404.932,-8.274385939,3.782776613,60,-8.274385939,3.784176192,0.663683313,3.865610468,60,0.815956207
405.132,-8.274385939,3.782584818,60,-8.274385939,3.784073458,0.66358116,3.86549101,60,0.815977384
405.231,-8.274385939,3.782584818,60,-8.274385939,3.784022631,0.663530594,3.865431878,60,0.815987644
405.235,-8.274385939,3.782584818,60,-8.274385939,3.784020577,0.663528551,3.865429489,60,0.815988059
405.432,-8.274385939,3.782393023,60,-8.274395639,3.783919436,0.66342793,3.865311823,60,0.816009445
405.632,-8.275038905,3.782393023,60,-8.27501039,3.78381342,0.663325773,3.865192359,60,0.816118373
405.731,-8.275038905,3.782393023,60,-8.275071921,3.783762281,0.663275204,3.865133223,60,0.81613725
405.736,-8.275038905,3.782393023,60,-8.275085645,3.78375964,0.66327265,3.865130236,60,0.816139734
405.932,-8.275691871,3.782201228,60,-8.275639674,3.783656001,0.663172528,3.865013153,60,0.81623953
406.132,-8.275691871,3.782201228,60,-8.275691871,3.783553095,0.663070359,3.864893676,60,0.816267134
406.231,-8.275691871,3.782201228,60,-8.275691871,3.783502323,0.663019785,3.864834535,60,0.816276882
406.237,-8.275691871,3.782201228,60,-8.275691871,3.783499246,0.66301672,3.864830951,60,0.816277468
406.432,-8.275691871,3.782009433,60,-8.275765863,3.783398875,0.662917105,3.86471446,60,0.81630698
406.632,-8.276344837,3.782009433,60,-8.276266921,3.783293588,0.662814932,3.864594978,60,0.816398555
406.731,-8.276344837,3.782009433,60,-8.276344837,3.78324241,0.662764355,3.864535833,60,0.816419318
406.734,-8.276344837,3.782009433,60,-8.276344837,3.783240872,0.662762822,3.864534041,60,0.816419604
406.932,-8.276344837,3.781817637,60,-8.276344837,3.783139416,0.662661667,3.864415749,60,0.816438296
407.132,-8.276344837,3.781817637,60,-8.276344837,3.783036994,0.66255949,3.864296262,60,0.8164567
407.231,-8.276344837,3.781817637,60,-8.276344837,3.782986316,0.662508912,3.864237116,60,0.816465634
407.237,-8.276344837,3.781817637,60,-8.276344837,3.782983245,0.662505847,3.864233532,60,0.816466173
407.432,-8.276344837,3.781625842,60,-8.276344837,3.782883465,0.662406224,3.864117032,60,0.81648343
407.632,-8.276344837,3.781625842,60,-8.276451621,3.782780585,0.662304047,3.863997545,60,0.816516149
407.731,-8.276997803,3.781625842,60,-8.276935976,3.782727266,0.662253467,3.863938397,60,0.816594707
407.736,-8.276997803,3.781625842,60,-8.276965012,3.782724548,0.662250912,3.86393541,60,0.816599337
407.932,-8.277650769,3.781434047,60,-8.277588497,3.782620778,0.662150767,3.8638183,60,0.81670691
408.132,-8.276997803,3.781434047,60,-8.277010211,3.782521655,0.662048578,3.863698799,60,0.816640835
408.231,-8.276997803,3.781434047,60,-8.276997803,3.78247112,0.661997997,3.863639648,60,0.816647333
408.235,-8.276997803,3.781434047,60,-8.277005427,3.782469033,0.661995953,3.863637258,60,0.816648769
408.432,-8.277650769,3.781242252,60,-8.27765049,3.782364754,0.661895296,3.86351955,60,0.816758555
408.632,-8.278303735,3.781050457,60,-8.278195403,3.782259437,0.661793099,3.86340004,60,0.816854524
408.731,-8.277650769,3.781050457,60,-8.277773715,3.782211144,0.661742512,3.863340883,60,0.816802038
408.736,-8.277650769,3.781050457,60,-8.277781831,3.782208543,0.661739957,3.863337895,60,0.816803621
408.932,-8.278303735,3.780858661,60,-8.278246045,3.782105784,0.661639803,3.863220774,60,0.816887052
409.132,-8.278303735,3.780858661,60,-8.278438265,3.782002476,0.661537602,3.86310126,60,0.816931531
409.231,-8.278956701,3.780858661,60,-8.278816493,3.781949765,0.66148701,3.863042097,60,0.816994515
409.237,-8.278956701,3.780858661,60,-8.278829412,3.781946625,0.661483944,3.863038512,60,0.816996895
409.432,-8.278956701,3.780858661,60,-8.278956701,3.781846203,0.66138429,3.862921976,60,0.817031793
409.632,-8.278956701,3.780666866,60,-8.278956701,3.781743969,0.661282081,3.862802452,60,0.817048381
409.731,-8.278956701,3.780666866,60,-8.278956701,3.78169338,0.661231487,3.862743287,60,0.817056448
409.735,-8.278956701,3.780666866,60,-8.278956701,3.781691336,0.661229443,3.862740897,60,0.817056772
409.932,-8.278956701,3.780475071,60,-8.278956701,3.781590704,0.661128767,3.862623165,60,0.817072546
410.132,-8.278956701,3.780475071,60,-8.278956701,3.781488582,0.661026558,3.862503641,60,0.817088203
410.231,-8.278956701,3.780475071,60,-8.279014834,3.781437724,0.660975964,3.862444476,60,0.817104238
410.237,-8.278956701,3.780475071,60,-8.279020219,3.781434631,0.660972897,3.862440891,60,0.817105478
410.432,-8.279609668,3.780283276,60,-8.279548791,3.781332147,0.660873239,3.86232435,60,0.817197031
410.632,-8.279609668,3.780283276,60,-8.279609668,3.781229684,0.660771022,3.862204816,60,0.817221445
410.731,-8.279609668,3.780283276,60,-8.279635916,3.781178999,0.660720424,3.862145647,60,0.817232873
410.737,-8.279609668,3.780283276,60,-8.279637852,3.781175925,0.660717358,3.862142061,60,0.817233615
410.932,-8.280262634,3.780091481,60,-8.280238978,3.781073031,0.660617692,3.862025511,60,0.817335668
411.132,-8.280262634,3.780091481,60,-8.280262634,3.780970764,0.660515467,3.861905968,60,0.817354712
411.231,-8.280262634,3.780091481,60,-8.280257952,3.780920247,0.660464865,3.861846794,60,0.817361676
411.235,-8.279609668,3.779899685,60,-8.280243406,3.780918286,0.660462821,3.861844403,60,0.817359876
411.433,-8.280262634,3.779899685,60,-8.280262486,3.780817153,0.660361619,3.861726058,60,0.817377377
411.632,-8.2809156,3.779899685,60,-8.280872741,3.780712195,0.660259901,3.861607108,60,0.817480793
411.731,-8.2809156,3.77970789,60,-8.2809156,3.78066141,0.660209296,3.86154793,60,0.817494631
411.737,-8.2809156,3.77970789,60,-8.2809156,3.780658347,0.660206229,3.861544343,60,0.817495089
411.932,-8.2809156,3.77970789,60,-8.2809156,3.780558808,0.660106551,3.861427779,60,0.817509908
412.132,-8.2809156,3.77970789,60,-8.2809156,3.780458393,0.660004318,3.861309866,60,0.817518814
412.232,-8.2809156,3.779516095,60,-8.280984669,3.780413399,0.659953201,3.861256494,60,0.817512687
412.237,-8.2809156,3.779516095,60,-8.2809944,3.780411234,0.659950645,3.861253944,60,0.817512849
412.432,-8.281568566,3.779516095,60,-8.281488967,3.780326142,0.659850963,3.861154508,60,0.817535909
412.632,-8.281568566,3.7793243,60,-8.281568566,3.780241244,0.659748722,3.86105252,60,0.817497643
412.732,-8.281568566,3.7793243,60,-8.281568566,3.780199036,0.659697601,3.861001525,60,0.817472584
412.735,-8.281568566,3.7793243,60,-8.281568566,3.78019777,0.659696067,3.860999995,60,0.817471831
412.932,-8.281568566,3.7793243,60,-8.281643829,3.780114246,0.659595359,3.860899535,60,0.817432991
413.132,-8.282221532,3.779132505,60,-8.282152419,3.780027069,0.659493113,3.860797542,60,0.817455922
413.232,-8.282221532,3.779132505,60,-8.282221532,3.7799845,0.659441989,3.860746543,60,0.81744064
413.237,-8.282221532,3.779132505,60,-8.282221532,3.779982391,0.659439433,3.860743993,60,0.817439376
413.432,-8.282221532,3.779132505,60,-8.282221532,3.779900166,0.659339739,3.860644546,60,0.817389789
413.632,-8.282221532,3.779132505,60,-8.282221532,3.779815887,0.65923749,3.860542548,60,0.817338475
413.732,-8.282221532,3.779132505,60,-8.282240393,3.779773663,0.659186365,3.86049155,60,0.81731538
413.737,-8.282221532,3.779132505,60,-8.282241498,3.779771551,0.659183808,3.860489,60,0.817314248
413.932,-8.282874498,3.77894071,60,-8.282859393,3.77968599,0.659084111,3.860389548,60,0.817353233
414.132,-8.282874498,3.778748914,60,-8.282874498,3.779601652,0.658981853,3.860287543,60,0.817303832
414.232,-8.282874498,3.778748914,60,-8.282874498,3.779559545,0.658930725,3.86023654,60,0.817277881
414.235,-8.282874498,3.778748914,60,-8.282874498,3.779558282,0.658929191,3.86023501,60,0.817277099
414.432,-8.282874498,3.778557119,60,-8.282908463,3.779475179,0.658828467,3.860134535,60,0.817230576
414.632,-8.283527464,3.778557119,60,-8.283380948,3.77938839,0.658726205,3.860032526,60,0.817246587
414.732,-8.282874498,3.778557119,60,-8.283037609,3.779348214,0.658675074,3.859981521,60,0.817170741
414.737,-8.282874498,3.778557119,60,-8.283042339,3.779346085,0.658672518,3.859978971,60,0.817170102
414.932,-8.283527464,3.778365324,60,-8.283525783,3.7792614,0.658572812,3.859879511,60,0.817188487
415.132,-8.28418043,3.778365324,60,-8.283961456,3.779174829,0.658470543,3.859777494,60,0.81719899
415.232,-8.283527464,3.778557119,60,-8.283749512,3.779133933,0.658419408,3.859726485,60,0.817142049
415.237,-8.283527464,3.778557119,60,-8.283745761,3.779131851,0.658416851,3.859723935,60,0.817140184
415.432,-8.28418043,3.778365324,60,-8.284178416,3.779047453,0.658317138,3.859624467,60,0.817151112
415.632,-8.284833396,3.778173529,60,-8.284597809,3.778960981,0.658214861,3.859522442,60,0.817159126
415.732,-8.28418043,3.778173529,60,-8.284335236,3.778920371,0.658163722,3.85947143,60,0.81709479
415.734,-8.28418043,3.778173529,60,-8.284327803,3.778919571,0.658162699,3.859470409,60,0.817093186
415.932,-8.28418043,3.778173529,60,-8.28418043,3.77883718,0.658061448,3.859369408,60,0.817019002
416.132,-8.28418043,3.777981734,60,-8.284311334,3.778752453,0.657959173,3.859267386,60,0.816984115
416.232,-8.284833396,3.777981734,60,-8.28471219,3.778708227,0.657908034,3.859216373,60,0.817015167
416.237,-8.284833396,3.777981734,60,-8.284736377,3.778705992,0.657905478,3.859213822,60,0.81701732
416.432,-8.284833396,3.777789938,60,-8.284882067,3.778623246,0.657805753,3.859114344,60,0.816986168
416.632,-8.285486362,3.777789938,60,-8.28538508,3.778536412,0.657703467,3.85901231,60,0.817005359
416.732,-8.284833396,3.777789938,60,-8.285479639,3.778493854,0.657652322,3.858961292,60,0.816992334
416.737,-8.285486362,3.777789938,60,-8.285483615,3.77849173,0.657649765,3.858958741,60,0.816991574
416.932,-8.285486362,3.777598143,60,-8.285480551,3.778409801,0.657550033,3.858859254,60,0.816938917
417.132,-8.284833396,3.777789938,60,-8.284878311,3.778329176,0.657447747,3.858757221,60,0.816797666
417.232,-8.285486362,3.777598143,60,-8.285437647,3.778284123,0.657396603,3.858706204,60,0.816851146
417.235,-8.285486362,3.777598143,60,-8.285439298,3.778282854,0.657395069,3.858704673,60,0.816850571
417.432,-8.285486362,3.777406348,60,-8.285486362,3.778199905,0.657294314,3.858604166,60,0.816803821
417.632,-8.285486362,3.777406348,60,-8.285486362,3.778115992,0.657192024,3.858502129,60,0.816749169
417.732,-8.285486362,3.777406348,60,-8.285543734,3.778073729,0.657140879,3.85845111,60,0.816730026
417.737,-8.285486362,3.777406348,60,-8.285555325,3.778071568,0.657138321,3.858448559,60,0.816730328
417.932,-8.286139328,3.777406348,60,-8.286137554,3.777986532,0.657038584,3.858349068,60,0.816761087
418.132,-8.286792294,3.777214553,60,-8.286566331,3.777900185,0.656936283,3.858247019,60,0.816768772
418.232,-8.286139328,3.777214553,60,-8.286158736,3.777860467,0.656885133,3.858195995,60,0.816682677
418.237,-8.285486362,3.777022758,60,-8.286128434,3.777858537,0.656882575,3.858193444,60,0.816676929
418.432,-8.286792294,3.777022758,60,-8.286630435,3.777773965,0.656782833,3.858093948,60,0.816695883
418.632,-8.286792294,3.777022758,60,-8.286792294,3.777689125,0.656680528,3.857991894,60,0.816664726
418.732,-8.286792294,3.777022758,60,-8.286792294,3.777647164,0.656629375,3.857940868,60,0.816637375
418.734,-8.286792294,3.777022758,60,-8.286792294,3.777646325,0.656628352,3.857939847,60,0.816636827
418.932,-8.286792294,3.776830962,60,-8.286862285,3.777562877,0.656527068,3.857838814,60,0.816592579
419.132,-8.28744526,3.776830962,60,-8.287384048,3.777476077,0.656424758,3.857736756,60,0.8166131
419.232,-8.28744526,3.776639167,60,-8.28744526,3.777433769,0.656373601,3.857685725,60,0.816594624
419.237,-8.28744526,3.776639167,60,-8.28744526,3.77743167,0.656371043,3.857683174,60,0.816593258
419.432,-8.28744526,3.776639167,60,-8.28748772,3.777349614,0.656271287,3.857583663,60,0.816545961
419.632,-8.288098226,3.776447372,60,-8.28801952,3.777262739,0.656168969,3.857481598,60,0.816568025
419.732,-8.28744526,3.776447372,60,-8.287482586,3.77722375,0.65611781,3.857430565,60,0.816463089
419.737,-8.28744526,3.776447372,60,-8.287451985,3.777221822,0.656115252,3.857428013,60,0.8164573
419.932,-8.288751192,3.776447372,60,-8.288740203,3.777132862,0.656015488,3.857328495,60,0.816589894
420.132,-8.288098226,3.776255577,60,-8.288168103,3.777052063,0.655913162,3.857226421,60,0.816452763
420.232,-8.288751192,3.776255577,60,-8.288687151,3.777007228,0.655861998,3.857175384,60,0.81650028
420.235,-8.288751192,3.776255577,60,-8.288689395,3.777005956,0.655860463,3.857173853,60,0.816499787
420.432,-8.288751192,3.776063782,60,-8.288751192,3.776922915,0.655759668,3.857073307,60,0.816454927
420.632,-8.288751192,3.776063782,60,-8.288751192,3.776838989,0.655657338,3.856971229,60,0.816400065
420.732,-8.288751192,3.776063782,60,-8.288751192,3.776797038,0.655606173,3.85692019,60,0.816372528
420.737,-8.288751192,3.776063782,60,-8.288751192,3.776794941,0.655603615,3.856917638,60,0.816371149
420.932,-8.288751192,3.776063782,60,-8.288823465,3.776712759,0.655503842,3.856818112,60,0.816327704
421.132,-8.289404158,3.775871986,60,-8.289327087,3.776626076,0.655401508,3.85671603,60,0.816345251
421.232,-8.289404158,3.775871986,60,-8.289404158,3.776583689,0.655350339,3.856664988,60,0.816328895
421.237,-8.289404158,3.775871986,60,-8.289404158,3.776581591,0.655347781,3.856662435,60,0.81632752
421.432,-8.289404158,3.775680191,60,-8.289482844,3.776499346,0.655248001,3.856562901,60,0.816285159
421.632,-8.290057125,3.775680191,60,-8.289829007,3.776413513,0.655145659,3.856460812,60,0.816280104
421.732,-8.289404158,3.775680191,60,-8.289621545,3.776372708,0.655094488,3.856409767,60,0.816222589
421.734,-8.289404158,3.775680191,60,-8.289615627,3.776371902,0.655093464,3.856408746,60,0.816221182
421.932,-8.290057125,3.775488396,60,-8.289989968,3.776287434,0.654992145,3.856308327,60,0.816213364
422.132,-8.290057125,3.775488396,60,-8.290169909,3.77620636,0.654889798,3.856210089,60,0.816142263
422.232,-8.290710091,3.775488396,60,-8.290609633,3.776164037,0.654838623,3.856161133,60,0.816155503
422.237,-8.290710091,3.775488396,60,-8.290635799,3.776161897,0.654836064,3.856158685,60,0.81615677
422.432,-8.290710091,3.775296601,60,-8.290710091,3.776083662,0.654736269,3.856063217,60,0.816069855
422.632,-8.290710091,3.775296601,60,-8.290746351,3.776003661,0.654633914,3.855965301,60,0.815974788
422.732,-8.291363057,3.775104806,60,-8.291346568,3.775960428,0.654582735,3.855916341,60,0.816011326
422.737,-8.291363057,3.775104806,60,-8.291355203,3.775958384,0.654580176,3.855913893,60,0.816010072
422.932,-8.290710091,3.775104806,60,-8.290735727,3.775883985,0.654480377,3.855818421,60,0.815823042
423.132,-8.291363057,3.775104806,60,-8.291332024,3.775800897,0.654378018,3.855720501,60,0.815808646
423.232,-8.291363057,3.77491301,60,-8.291419113,3.7757605,0.654326837,3.855671539,60,0.815771146
423.234,-8.292016023,3.77491301,60,-8.291427117,3.775759657,0.654325813,3.85567056,60,0.8157713
423.432,-8.291363057,3.77491301,60,-8.291416606,3.775680671,0.654224472,3.855573613,60,0.815670754
423.632,-8.291363057,3.77491301,60,-8.291490946,3.775600466,0.654122109,3.855475688,60,0.815581045
423.732,-8.292016023,3.774721215,60,-8.291879436,3.775558408,0.654070926,3.855426724,60,0.81558695
423.737,-8.292016023,3.774721215,60,-8.291889772,3.775556354,0.654068366,3.855424276,60,0.815585941
423.932,-8.292016023,3.774721215,60,-8.292016023,3.775477799,0.653968555,3.855328793,60,0.815506654
424.132,-8.292016023,3.77452942,60,-8.292016023,3.775397964,0.653866185,3.855230862,60,0.815406509
424.232,-8.292016023,3.77452942,60,-8.292088737,3.77535765,0.653814999,3.855181895,60,0.815366865
424.237,-8.292016023,3.77452942,60,-8.292096438,3.775355612,0.65381244,3.855179447,60,0.815365469
424.432,-8.292668989,3.77452942,60,-8.292511221,3.775275467,0.653712625,3.85508396,60,0.815327707
424.632,-8.292016023,3.774337625,60,-8.292237796,3.775197145,0.65361025,3.854986025,60,0.815188085
424.732,-8.292668989,3.774337625,60,-8.2921617,3.77515767,0.653559064,3.854937058,60,0.815126853
424.735,-8.292016023,3.774337625,60,-8.292157439,3.775156497,0.653557528,3.854935589,60,0.815124731
424.932,-8.292668989,3.774337625,60,-8.292668039,3.775075071,0.653456689,3.854839122,60,0.81509936
425.132,-8.293321955,3.77414583,60,-8.293168978,3.774992429,0.653354307,3.854741179,60,0.815071628
425.232,-8.292668989,3.77414583,60,-8.292788712,3.774954599,0.653303115,3.854692208,60,0.814966823
425.237,-8.292668989,3.77414583,60,-8.292763508,3.774952742,0.653300556,3.854689759,60,0.814960689
425.432,-8.293321955,3.773954034,60,-8.293292931,3.774871966,0.653200733,3.854594264,60,0.814939328
425.632,-8.293321955,3.773954034,60,-8.293321955,3.774791932,0.653098346,3.854496317,60,0.814843535
425.732,-8.293321955,3.773954034,60,-8.293321955,3.774752003,0.653047153,3.854447344,60,0.814793491
425.737,-8.293321955,3.773954034,60,-8.293321955,3.774750007,0.653044593,3.854444895,60,0.814790986
425.932,-8.293321955,3.773954034,60,-8.293343086,3.774672045,0.652944766,3.854349397,60,0.814696298
426.132,-8.293974921,3.773762239,60,-8.293936727,3.774588895,0.652842375,3.854251446,60,0.814681796
426.232,-8.293974921,3.773570444,60,-8.294089309,3.774548096,0.652791178,3.854202468,60,0.814653913
426.235,-8.294627887,3.773570444,60,-8.294109571,3.774546785,0.652789642,3.854200999,60,0.814655339
426.432,-8.294627887,3.773570444,60,-8.294627887,3.774465148,0.652688776,3.854104507,60,0.814632241
426.632,-8.294627887,3.773378649,60,-8.294627887,3.774385182,0.652586374,3.854006545,60,0.81453289
426.732,-8.294627887,3.773378649,60,-8.294627887,3.774345208,0.652535172,3.853957564,60,0.814483145
426.737,-8.294627887,3.773378649,60,-8.294627887,3.77434321,0.652532612,3.853955115,60,0.814480656
426.932,-8.294627887,3.773378649,60,-8.294704549,3.774264854,0.652432769,3.853859601,60,0.814394557
427.132,-8.295280853,3.773186854,60,-8.29520202,3.774182149,0.652330362,3.853761635,60,0.814366751
427.232,-8.295280853,3.773186854,60,-8.295280853,3.774141722,0.652279157,3.85371265,60,0.814328475
427.237,-8.295280853,3.773186854,60,-8.295280853,3.774139723,0.652276597,3.853710201,60,0.814325993
427.432,-8.295280853,3.772995059,60,-8.295280853,3.774061752,0.652176746,3.85361468,60,0.814229098
427.632,-8.295280853,3.773186854,60,-8.295280853,3.773981808,0.652074335,3.853516709,60,0.814129519
427.732,-8.295280853,3.772995059,60,-8.295344457,3.773941491,0.65202313,3.853467724,60,0.814088825
427.734,-8.295280853,3.772995059,60,-8.295346363,3.773940681,0.652022106,3.853466744,60,0.814088103
427.932,-8.295933819,3.772995059,60,-8.295875502,3.773858598,0.651920715,3.85336975,60,0.814065798
428.132,-8.295933819,3.772803263,60,-8.295933819,3.77377829,0.651818296,3.853271772,60,0.813974874
428.232,-8.295933819,3.772803263,60,-8.295957884,3.773738172,0.651767087,3.853222783,60,0.813928623
428.237,-8.295933819,3.772803263,60,-8.295959328,3.773736165,0.651764526,3.853220334,60,0.813926345
428.432,-8.296586785,3.772611468,60,-8.296565916,3.773654812,0.651664664,3.853124802,60,0.813916942
428.632,-8.296586785,3.772611468,60,-8.296586785,3.773574669,0.651562237,3.853026816,60,0.813820898
428.732,-8.296586785,3.772611468,60,-8.296596783,3.77353461,0.651511023,3.852977823,60,0.813772754
428.737,-8.296586785,3.772611468,60,-8.296612095,3.773532525,0.651508462,3.852975374,60,0.813772479
428.932,-8.297239751,3.772419673,60,-8.297209981,3.773451182,0.651408592,3.852879834,60,0.813762058
429.132,-8.297239751,3.772419673,60,-8.297150201,3.773371452,0.651306158,3.852781841,60,0.813654626
429.232,-8.296586785,3.772419673,60,-8.29668985,3.773333999,0.651254942,3.852732846,60,0.81353872
429.235,-8.296586785,3.772419673,60,-8.296685825,3.773332822,0.651253406,3.852731377,60,0.813536643
429.432,-8.296586785,3.772227878,60,-8.296649599,3.773254293,0.651152514,3.85263486,60,0.813433068
429.632,-8.297239751,3.772227878,60,-8.297168635,3.773171474,0.651050083,3.852536871,60,0.813408055
429.732,-8.297239751,3.772227878,60,-8.297309488,3.773130703,0.650998866,3.852487874,60,0.813378595
429.737,-8.297239751,3.772227878,60,-8.29731905,3.77312865,0.650996305,3.852485424,60,0.813377484
429.932,-8.297892717,3.772227878,60,-8.297812731,3.773047904,0.650896427,3.852389877,60,0.813351795
430.132,-8.297892717,3.772036083,60,-8.297892717,3.772967419,0.650793984,3.852291876,60,0.813264265
430.232,-8.297892717,3.772036083,60,-8.297963686,3.77292701,0.650742762,3.852242876,60,0.813224908
430.237,-8.297892717,3.772036083,60,-8.297970372,3.772924973,0.650740201,3.852240425,60,0.813223392
430.432,-8.298545683,3.771844287,60,-8.298469227,3.772844158,0.650640315,3.852144871,60,0.813198706
430.632,-8.298545683,3.771652492,60,-8.298545683,3.772763654,0.650537864,3.852046862,60,0.813110917
430.732,-8.298545683,3.771652492,60,-8.29860303,3.772723302,0.650486638,3.851997858,60,0.813069721
430.735,-8.298545683,3.771652492,60,-8.298605499,3.772722087,0.650485102,3.851996388,60,0.813068593
430.932,-8.299198649,3.771652492,60,-8.299092874,3.772640501,0.650384183,3.851899845,60,0.813041483
431.132,-8.298545683,3.771460697,60,-8.298661044,3.772562815,0.650281728,3.851801833,60,0.812880472
431.232,-8.299198649,3.771460697,60,-8.299138011,3.772520155,0.6502305,3.851752826,60,0.812899523
431.237,-8.299198649,3.771460697,60,-8.299167145,3.772517992,0.650227939,3.851750376,60,0.812901235
431.432,-8.299198649,3.771460697,60,-8.299198649,3.772439739,0.650128041,3.85165481,60,0.812809384
431.632,-8.299198649,3.771268902,60,-8.299198649,3.772359714,0.650025582,3.851556824,60,0.812710024
431.732,-8.299198649,3.771268902,60,-8.299216991,3.772320745,0.649974353,3.851508966,60,0.812651868
431.737,-8.299198649,3.771268902,60,-8.299231795,3.772318779,0.649971791,3.851506633,60,0.812650372
431.932,-8.299851615,3.771268902,60,-8.299814342,3.772242075,0.649871889,3.851415662,60,0.812593049
432.132,-8.299851615,3.771077107,60,-8.299851615,3.77216643,0.649769422,3.851322354,60,0.812454258
432.232,-8.299851615,3.771077107,60,-8.299851615,3.772128703,0.649718188,3.8512757,60,0.812382243
432.235,-8.299851615,3.771077107,60,-8.299851615,3.772127571,0.649716651,3.851274301,60,0.812380083
432.432,-8.299851615,3.770885311,60,-8.299851615,3.772053237,0.649615721,3.851182393,60,0.812238308
432.632,-8.299851615,3.770885311,60,-8.299999281,3.771976935,0.649513253,3.851089085,60,0.81211576
432.732,-8.300504582,3.770693516,60,-8.30035216,3.771937215,0.649462018,3.851042429,60,0.812094804
432.737,-8.300504582,3.770693516,60,-8.300365465,3.771935252,0.649459456,3.851040096,60,0.81209314
432.932,-8.300504582,3.770885311,60,-8.300583313,3.771860336,0.649359543,3.850949114,60,0.811985143
433.132,-8.301157548,3.770693516,60,-8.301079273,3.77178193,0.649257063,3.850855796,60,0.811914028
433.232,-8.301157548,3.770501721,60,-8.301157548,3.771743638,0.649205822,3.850809135,60,0.811854288
433.237,-8.301157548,3.770501721,60,-8.301157548,3.771741744,0.64920326,3.850806802,60,0.81185074
433.432,-8.301157548,3.770501721,60,-8.301157548,3.771667908,0.649103338,3.850715812,60,0.811712402
433.632,-8.301157548,3.770501721,60,-8.301157548,3.771592172,0.649000855,3.85062249,60,0.811570569
433.732,-8.301157548,3.770309926,60,-8.301157548,3.771554302,0.648949613,3.850575829,60,0.81149967
433.734,-8.301157548,3.770309926,60,-8.301157548,3.771553544,0.648948588,3.850574896,60,0.811498252
433.932,-8.301157548,3.770309926,60,-8.301204211,3.771478298,0.64884713,3.850482506,60,0.81136462
434.132,-8.301810514,3.770309926,60,-8.30171657,3.771399669,0.648744642,3.850389181,60,0.811296847
434.232,-8.301157548,3.770309926,60,-8.301812714,3.771361214,0.648693397,3.850342516,60,0.811240164
434.237,-8.301810514,3.770309926,60,-8.301816789,3.771359295,0.648690835,3.850340183,60,0.811237225
434.432,-8.30246348,3.770118131,60,-8.302460703,3.771281728,0.648590901,3.850249183,60,0.811192679
434.632,-8.30246348,3.769926335,60,-8.30246348,3.771205753,0.648488402,3.850155846,60,0.811052948
434.732,-8.30246348,3.769926335,60,-8.30246348,3.771167774,0.648437152,3.850109177,60,0.810982889
434.737,-8.30246348,3.769926335,60,-8.30246348,3.771165875,0.64843459,3.850106844,60,0.810979386
434.932,-8.30246348,3.769926335,60,-8.302506557,3.771091577,0.648334652,3.85001584,60,0.810848941
435.132,-8.303116446,3.76973454,60,-8.302947851,3.771013138,0.648232149,3.8499225,60,0.810772481
435.232,-8.30246348,3.76973454,60,-8.302646697,3.770976799,0.648180897,3.84987583,60,0.810659369
435.235,-8.30246348,3.76973454,60,-8.302648474,3.770975649,0.64817936,3.849874429,60,0.810657524
435.432,-8.303116446,3.76973454,60,-8.303045081,3.770898593,0.648078394,3.849782488,60,0.810576754
435.632,-8.303116446,3.769542745,60,-8.303268385,3.770821308,0.647975886,3.849689144,60,0.810469352
435.732,-8.303769412,3.769542745,60,-8.30354168,3.770781753,0.64792463,3.84964247,60,0.810439001
435.737,-8.303769412,3.769542745,60,-8.303547427,3.770779819,0.647922067,3.849640136,60,0.810436352
435.932,-8.303116446,3.769542745,60,-8.303276263,3.770707129,0.647822119,3.849549122,60,0.810261788
436.132,-8.303769412,3.76935095,60,-8.303538033,3.7706296,0.647719607,3.849455774,60,0.810160131
436.232,-8.303116446,3.76935095,60,-8.303664697,3.770590848,0.64766835,3.849409099,60,0.810108781
436.237,-8.303769412,3.76935095,60,-8.303678566,3.770588868,0.647665788,3.849406766,60,0.810107295
436.432,-8.303769412,3.76935095,60,-8.303838297,3.770513763,0.647565835,3.849315748,60,0.8099948
436.632,-8.304422378,3.769159155,60,-8.304243373,3.770435359,0.647463315,3.849222393,60,0.809914313
436.732,-8.303769412,3.768967359,60,-8.303924294,3.770399039,0.647412056,3.849175715,60,0.809799265
436.735,-8.303769412,3.768967359,60,-8.303910857,3.770397971,0.647410518,3.849174315,60,0.809795258
436.932,-8.304422378,3.769159155,60,-8.304381506,3.770320352,0.647309536,3.84908236,60,0.809726193
437.132,-8.304422378,3.768967359,60,-8.304422378,3.770243927,0.647207012,3.848989001,60,0.809593709
437.232,-8.304422378,3.768775564,60,-8.304422378,3.77020583,0.64715575,3.848942321,60,0.809524515
437.237,-8.304422378,3.768967359,60,-8.304422378,3.770203925,0.647153187,3.848939987,60,0.809521055
437.432,-8.304422378,3.768775564,60,-8.304429065,3.770129606,0.647053226,3.848848962,60,0.809387027
437.632,-8.305075344,3.768775564,60,-8.305049405,3.770049952,0.646950699,3.848755599,60,0.8093378
437.732,-8.305075344,3.768775564,60,-8.305108588,3.770011488,0.646899433,3.848708916,60,0.809277378
437.737,-8.305075344,3.768583769,60,-8.305122378,3.770009505,0.646896869,3.848706582,60,0.809275911
437.932,-8.30572831,3.768583769,60,-8.305628581,3.769932305,0.646796897,3.848615546,60,0.809214377
438.132,-8.305075344,3.768583769,60,-8.305258464,3.769858045,0.646694361,3.848522176,60,0.809023751
438.232,-8.30572831,3.768391974,60,-8.305596657,3.76981803,0.646643093,3.848475491,60,0.809003378
438.235,-8.30572831,3.768391974,60,-8.305602463,3.769816853,0.646641555,3.84847409,60,0.809002148
438.432,-8.30572831,3.768391974,60,-8.30572831,3.769740975,0.646540554,3.848382118,60,0.808884826
438.632,-8.30572831,3.768391974,60,-8.30572831,3.769664656,0.646438014,3.848288744,60,0.808747334
438.732,-8.30572831,3.768200179,60,-8.305801077,3.769626097,0.646386744,3.848242057,60,0.808688988
438.737,-8.30572831,3.768200179,60,-8.305809117,3.769624145,0.64638418,3.848239722,60,0.808686702
438.932,-8.306381276,3.768200179,60,-8.306300781,3.769546988,0.6462842,3.848148679,60,0.808623285
439.132,-8.306381276,3.768008383,60,-8.306532072,3.769469322,0.646181652,3.848055298,60,0.808519421
439.232,-8.307034242,3.767816588,60,-8.306888765,3.769429139,0.646130376,3.848008606,60,0.808502148
439.237,-8.307034242,3.767816588,60,-8.306909655,3.769427112,0.646127812,3.848006271,60,0.808501726
439.432,-8.307034242,3.767816588,60,-8.307034242,3.769351876,0.64602782,3.847915218,60,0.808386515
439.632,-8.307034242,3.767816588,60,-8.307034242,3.769275429,0.645925264,3.847821829,60,0.808249944
439.732,-8.307034242,3.767816588,60,-8.30707518,3.769236984,0.645873986,3.847775135,60,0.808187476
439.735,-8.307034242,3.767816588,60,-8.307076745,3.769235829,0.645872448,3.847773734,60,0.80818565
439.932,-8.307687208,3.767624793,60,-8.307653427,3.76915732,0.645771426,3.847681743,60,0.808133856
440.132,-8.307687208,3.767624793,60,-8.307687208,3.76908063,0.645668862,3.847588348,60,0.808002506
440.232,-8.307687208,3.767432998,60,-8.307687208,3.769042385,0.64561758,3.84754165,60,0.80793437
440.237,-8.307687208,3.767432998,60,-8.307687208,3.769040473,0.645615016,3.847539315,60,0.807930962
440.432,-8.307687208,3.767432998,60,-8.307702756,3.768965822,0.645515016,3.847448254,60,0.807800199
440.632,-8.308340174,3.767241203,60,-8.308306688,3.768885978,0.645412448,3.847354854,60,0.807750468
440.732,-8.308340174,3.767241203,60,-8.308340174,3.768847521,0.645361162,3.847308153,60,0.807687301
440.737,-8.308340174,3.767241203,60,-8.308340174,3.768845608,0.645358598,3.847305818,60,0.807683902
440.932,-8.308340174,3.767241203,60,-8.308394984,3.768770686,0.64525859,3.84721475,60,0.807559129
441.132,-8.30899314,3.767049407,60,-8.308927838,3.768691182,0.645156014,3.847121343,60,0.807499576
441.232,-8.30899314,3.767049407,60,-8.30899314,3.768652525,0.645104724,3.847074638,60,0.80744113
441.235,-8.30899314,3.767049407,60,-8.30899314,3.768651376,0.645103185,3.847073237,60,0.807439095
441.432,-8.30899314,3.767049407,60,-8.30899314,3.768576595,0.645002144,3.846981874,60,0.807296159
441.632,-8.30899314,3.766857612,60,-8.30899314,3.768505295,0.644899563,3.846893713,60,0.807085036
441.732,-8.30899314,3.767049407,60,-8.309065729,3.76846961,0.644848273,3.846850018,60,0.806984492
441.737,-8.30899314,3.767049407,60,-8.30907326,3.768467804,0.644845709,3.846847833,60,0.806980027
441.932,-8.309646106,3.766665817,60,-8.30956663,3.768396188,0.644745689,3.846762625,60,0.806834966
442.132,-8.309646106,3.766665817,60,-8.309646106,3.768324989,0.644643101,3.846675229,60,0.806626004
442.232,-8.309646106,3.766665817,60,-8.309646106,3.768289587,0.644591807,3.846631531,60,0.806516016
442.237,-8.309646106,3.766665817,60,-8.309646106,3.768287817,0.644589242,3.846629346,60,0.806510518
442.432,-8.309646106,3.766665817,60,-8.309707013,3.768218409,0.644489218,3.846544135,60,0.806305073
442.632,-8.310299072,3.766474022,60,-8.310250011,3.768144472,0.644386626,3.846456736,60,0.806163783
442.732,-8.310299072,3.766474022,60,-8.310299072,3.768108691,0.644335328,3.846413034,60,0.806061668
442.735,-8.310299072,3.766474022,60,-8.310299072,3.768107626,0.644333789,3.846411723,60,0.806058395
442.932,-8.310299072,3.766474022,60,-8.310299072,3.768037636,0.644232732,3.846325631,60,0.805843706
443.132,-8.310299072,3.766282227,60,-8.310299072,3.76796654,0.644130136,3.846238228,60,0.805626083
443.232,-8.310299072,3.766282227,60,-8.310299072,3.767930978,0.644078837,3.846194527,60,0.805517394
443.237,-8.310299072,3.766090432,60,-8.310299072,3.767929199,0.644076273,3.846192342,60,0.805511964
443.432,-8.310299072,3.766282227,60,-8.310322902,3.767859691,0.643976241,3.846107124,60,0.805303666
443.632,-8.310952038,3.766090432,60,-8.310911584,3.7677852,0.643873641,3.846019718,60,0.805171263
443.732,-8.310952038,3.766090432,60,-8.310952038,3.76774932,0.643822339,3.845976013,60,0.805069093
443.737,-8.310952038,3.765898636,60,-8.310952038,3.767747537,0.643819774,3.845973828,60,0.805063699
443.932,-8.310952038,3.765898636,60,-8.311011845,3.767677648,0.643719734,3.845888603,60,0.804861972
444.132,-8.311605005,3.765706841,60,-8.31153602,3.767603333,0.643617126,3.84580119,60,0.804721738
444.232,-8.311605005,3.765706841,60,-8.311605005,3.76756721,0.64356582,3.845757481,60,0.804624313
444.235,-8.311605005,3.765706841,60,-8.311605005,3.767566137,0.643564281,3.84575617,60,0.804621096
444.432,-8.311605005,3.765706841,60,-8.311682173,3.767495271,0.643463207,3.845670065,60,0.804420995
444.632,-8.312257971,3.765515046,60,-8.31217907,3.767420945,0.643360591,3.845582644,60,0.804278115
444.732,-8.312257971,3.765515046,60,-8.312329785,3.767384288,0.643309281,3.845538933,60,0.804192978
444.737,-8.312257971,3.765515046,60,-8.31233681,3.767382458,0.643306715,3.845536747,60,0.804188651
444.932,-8.312910937,3.765323251,60,-8.312757159,3.767310219,0.643206656,3.845451506,60,0.804041138
445.132,-8.312257971,3.765515046,60,-8.312468577,3.767240081,0.643104032,3.845364079,60,0.803787357
445.232,-8.312910937,3.765323251,60,-8.312778479,3.767202496,0.643052719,3.845320365,60,0.803725297
445.237,-8.312910937,3.765323251,60,-8.312801348,3.767200576,0.643050154,3.845318179,60,0.803723248
445.432,-8.312910937,3.765131456,60,-8.312854889,3.767130279,0.642950091,3.845232935,60,0.803524077
445.632,-8.312257971,3.765323251,60,-8.312386637,3.767061094,0.642847467,3.845145508,60,0.803245022
445.732,-8.312910937,3.765131456,60,-8.312840552,3.767022699,0.642796154,3.845101794,60,0.803203595
445.735,-8.312910937,3.765131456,60,-8.312857636,3.767021528,0.642794615,3.845100483,60,0.803202847
445.932,-8.312910937,3.765131456,60,-8.312928503,3.766950378,0.642693526,3.845014364,60,0.803004334
446.132,-8.313563903,3.76493966,60,-8.313560921,3.766874988,0.642590893,3.84492693,60,0.802883152
446.232,-8.313563903,3.764747865,60,-8.313563903,3.766838993,0.642539575,3.844883212,60,0.802778141
446.237,-8.313563903,3.764747865,60,-8.313563903,3.766837194,0.642537009,3.844881026,60,0.802772869
446.432,-8.313563903,3.76493966,60,-8.313595434,3.766766856,0.642436938,3.844795774,60,0.802571812
446.632,-8.314216869,3.76455607,60,-8.314170027,3.766691664,0.642334298,3.844708334,60,0.802443271
446.732,-8.314216869,3.76455607,60,-8.314216869,3.76665537,0.642282975,3.844664612,60,0.802344939
446.737,-8.314216869,3.76455607,60,-8.314216869,3.766653568,0.642280409,3.844662426,60,0.802339689
446.932,-8.314216869,3.76455607,60,-8.314216869,3.766583294,0.642180331,3.844577168,60,0.80213498
447.132,-8.314216869,3.764364275,60,-8.314216869,3.766511214,0.642077686,3.844489723,60,0.801925056
447.232,-8.314216869,3.764364275,60,-8.314216869,3.766475173,0.642026364,3.844446001,60,0.801820104
447.235,-8.314216869,3.764364275,60,-8.314216869,3.766474092,0.642024824,3.84444469,60,0.801816956
447.432,-8.314216869,3.764364275,60,-8.314295168,3.766402653,0.641923719,3.844358557,60,0.801621382
447.632,-8.314869835,3.76417248,60,-8.314948553,3.766326903,0.64182107,3.844271109,60,0.801504919
447.732,-8.315522801,3.76417248,60,-8.315296733,3.766288868,0.641769742,3.844227382,60,0.801450064
447.737,-8.315522801,3.76417248,60,-8.315308468,3.766286997,0.641767175,3.844225196,60,0.801446518
447.932,-8.314869835,3.76417248,60,-8.31501925,3.766218164,0.641667085,3.844139928,60,0.801201832
448.132,-8.315522801,3.763980684,60,-8.315456066,3.766143516,0.641564428,3.844052473,60,0.801055228
448.232,-8.315522801,3.763980684,60,-8.315574263,3.766106722,0.641513098,3.844008744,60,0.800967838
448.237,-8.315522801,3.763980684,60,-8.315577905,3.766104895,0.641510531,3.844006558,60,0.800963147
448.432,-8.316175767,3.763980684,60,-8.31612386,3.76603136,0.641410433,3.843921283,60,0.800837946
448.632,-8.316175767,3.763788889,60,-8.316175767,3.765958701,0.641307765,3.843833819,60,0.800637597
448.732,-8.316175767,3.763788889,60,-8.316175767,3.765922516,0.64125643,3.843790086,60,0.800533719
448.735,-8.316175767,3.763788889,60,-8.316175767,3.765921431,0.64125489,3.843788774,60,0.800530602
448.932,-8.316175767,3.763597094,60,-8.316175767,3.765850152,0.641153761,3.843702621,60,0.800325917
449.132,-8.316175767,3.763597094,60,-8.316175767,3.765777795,0.641051092,3.843615157,60,0.800118061
449.232,-8.316175767,3.763597094,60,-8.31619676,3.765741502,0.640999758,3.843571424,60,0.800017102
449.237,-8.316175767,3.763597094,60,-8.316211394,3.765739612,0.640997191,3.843569238,60,0.800013987
449.432,-8.316828733,3.763405299,60,-8.316789088,3.765665836,0.640897085,3.843483956,60,0.799893701
449.632,-8.316828733,3.763405299,60,-8.316828733,3.765593179,0.640794408,3.843396485,60,0.799692069
449.732,-8.316828733,3.763405299,60,-8.316828733,3.765556962,0.64074307,3.843352749,60,0.799588417
449.737,-8.316828733,3.763405299,60,-8.316828733,3.765555151,0.640740503,3.843350562,60,0.799583233
449.932,-8.316828733,3.763213504,60,-8.316896793,3.765484157,0.640640393,3.843265277,60,0.79939074
450.132,-8.317481699,3.763213504,60,-8.317257868,3.765409702,0.640537712,3.843177802,60,0.799234922
450.232,-8.316828733,3.763213504,60,-8.31705706,3.76537458,0.640486372,3.843134065,60,0.799102848
450.234,-8.316828733,3.763213504,60,-8.317055311,3.765373866,0.640485345,3.84313319,60,0.799100526
450.432,-8.317481699,3.763021708,60,-8.317402051,3.765300218,0.640383691,3.843046589,60,0.798944687
450.632,-8.317481699,3.762829913,60,-8.317481699,3.765227288,0.640281006,3.842959111,60,0.798749087
450.732,-8.317481699,3.762829913,60,-8.317550182,3.765190664,0.640229663,3.842915372,60,0.798655351
450.737,-8.317481699,3.762829913,60,-8.317556192,3.765188819,0.640227096,3.842913185,60,0.798651031
450.932,-8.318134665,3.762829913,60,-8.318132844,3.765114919,0.640126974,3.84282789,60,0.798531414
451.132,-8.318787631,3.762638118,60,-8.318599569,3.765039736,0.640024278,3.842740401,60,0.798391597
451.232,-8.318134665,3.762638118,60,-8.318746408,3.765003186,0.639972928,3.842697232,60,0.798302731
451.237,-8.318787631,3.762638118,60,-8.31875533,3.76500136,0.63997036,3.842695084,60,0.79829839
451.432,-8.318787631,3.762446323,60,-8.318787631,3.76493221,0.639870227,3.842611687,60,0.798080395
451.632,-8.318787631,3.762446323,60,-8.318787631,3.764861412,0.639767526,3.842526191,60,0.797852462
451.732,-8.318787631,3.762446323,60,-8.318798451,3.764825917,0.639716175,3.842483444,60,0.797740334
451.735,-8.318787631,3.762446323,60,-8.318798811,3.764824852,0.639714635,3.842482161,60,0.797736976
451.932,-8.319440597,3.762254528,60,-8.31944013,3.764751385,0.63961347,3.842397945,60,0.797604947
452.132,-8.319440597,3.762254528,60,-8.319440597,3.764680253,0.639510761,3.842312443,60,0.797379743
452.232,-8.319440597,3.762254528,60,-8.319440597,3.764644656,0.639459406,3.842269692,60,0.797267384
452.237,-8.319440597,3.762254528,60,-8.319440597,3.764642875,0.639456839,3.842267554,60,0.797261774
452.432,-8.319440597,3.762062732,60,-8.319440597,3.764573401,0.639356697,3.842184189,60,0.797043163
452.632,-8.319440597,3.762062732,60,-8.319556353,3.764501425,0.639253988,3.842098687,60,0.796836026
452.732,-8.320093563,3.761870937,60,-8.319967359,3.764463437,0.639202631,3.842055934,60,0.7967829
452.737,-8.320093563,3.761870937,60,-8.319976377,3.7644616,0.639200063,3.842053796,60,0.796778623
452.932,-8.320093563,3.761870937,60,-8.320093563,3.764391202,0.639099914,3.841970426,60,0.796578844
453.132,-8.320093563,3.761870937,60,-8.320093563,3.764319591,0.638997197,3.841884917,60,0.796357511
453.232,-8.320093563,3.761679142,60,-8.320243142,3.76428293,0.638945838,3.841842162,60,0.796268268
453.235,-8.320093563,3.761679142,60,-8.320253504,3.764281797,0.638944297,3.841840879,60,0.796266427
453.432,-8.321399495,3.761487347,60,-8.321160624,3.764206064,0.638843113,3.841756647,60,0.796178389
453.632,-8.320746529,3.761679142,60,-8.320823144,3.764136019,0.638740384,3.841671128,60,0.795911597
453.732,-8.320746529,3.761487347,60,-8.320812455,3.76410012,0.638689021,3.84162837,60,0.795800634
453.737,-8.320746529,3.761487347,60,-8.320817957,3.764098292,0.638686453,3.841626232,60,0.795795943
453.932,-8.321399495,3.761487347,60,-8.321330044,3.76402527,0.638586292,3.841542851,60,0.795655641
454.132,-8.321399495,3.761295552,60,-8.321399495,3.763952795,0.638483559,3.841457329,60,0.79544796
454.232,-8.321399495,3.761295552,60,-8.321439698,3.763916507,0.638432192,3.841414567,60,0.79534507
454.237,-8.321399495,3.761295552,60,-8.321442325,3.763914689,0.638429624,3.841412429,60,0.795340014
454.432,-8.322052462,3.761103756,60,-8.322013495,3.763841128,0.638329455,3.841329042,60,0.79520973
454.632,-8.322052462,3.761103756,60,-8.322052462,3.76376861,0.638226714,3.841243513,60,0.794999407
454.732,-8.322052462,3.760911961,60,-8.322052462,3.763732442,0.638175343,3.841200748,60,0.794891635
454.735,-8.322052462,3.760911961,60,-8.322052462,3.763731357,0.638173802,3.841199466,60,0.794888402
454.932,-8.322052462,3.760911961,60,-8.322062169,3.763660025,0.638072601,3.841115219,60,0.794677691
455.132,-8.322705428,3.760911961,60,-8.322676906,3.763584183,0.637969856,3.841029687,60,0.794549987
455.232,-8.322705428,3.760720166,60,-8.322705428,3.763547764,0.637918481,3.840986919,60,0.794446978
455.237,-8.322705428,3.760720166,60,-8.322705428,3.763545951,0.637915913,3.840984781,60,0.794441628
455.432,-8.322705428,3.760720166,60,-8.322756586,3.763474933,0.637815732,3.840901383,60,0.794240342
455.632,-8.323358394,3.760528371,60,-8.323295867,3.76339933,0.637712978,3.840815844,60,0.794103332
455.732,-8.323358394,3.760528371,60,-8.323358394,3.763362639,0.6376616,3.840773073,60,0.794005795
455.737,-8.323358394,3.760528371,60,-8.323358394,3.763360821,0.637659031,3.840770935,60,0.794000478
455.932,-8.323358394,3.760528371,60,-8.323358394,3.763289924,0.637558842,3.840687531,60,0.793793229
456.132,-8.323358394,3.760336576,60,-8.323358394,3.763217185,0.637456085,3.840601988,60,0.793580876
456.232,-8.323358394,3.760336576,60,-8.323358394,3.763180806,0.637404706,3.840559217,60,0.793474771
456.234,-8.323358394,3.760336576,60,-8.323358394,3.763180079,0.637403678,3.840558362,60,0.793472649
456.432,-8.323358394,3.760336576,60,-8.32343661,3.763107599,0.637301948,3.840473674,60,0.793273763
456.632,-8.32401136,3.76014478,60,-8.323936667,3.763031996,0.637199187,3.840388129,60,0.793132871
456.732,-8.32401136,3.76014478,60,-8.32401136,3.762995132,0.637147804,3.840345354,60,0.79303788
456.737,-8.32401136,3.76014478,60,-8.32401136,3.76299331,0.637145235,3.840343215,60,0.793032604
456.932,-8.32401136,3.76014478,60,-8.324075182,3.762921858,0.637045038,3.840259805,60,0.792835965
457.132,-8.324664326,3.759952985,60,-8.324717179,3.762845326,0.636942268,3.840174252,60,0.792716208
457.232,-8.325317292,3.759952985,60,-8.325224788,3.76280598,0.63689088,3.840131473,60,0.792683039
457.237,-8.325317292,3.759952985,60,-8.325251614,3.762804004,0.63688831,3.840129334,60,0.792681587
457.432,-8.325317292,3.75976119,60,-8.325317292,3.762732322,0.636788098,3.84004591,60,0.792486882
457.632,-8.325317292,3.75976119,60,-8.325317292,3.762659162,0.636685317,3.839960348,60,0.792277803
457.732,-8.325317292,3.759569395,60,-8.325317292,3.76262258,0.636633926,3.839917566,60,0.792173278
457.735,-8.325317292,3.759569395,60,-8.325317292,3.762621482,0.636632384,3.839916283,60,0.792170142
457.932,-8.325317292,3.759569395,60,-8.325317292,3.762549409,0.636531144,3.839832004,60,0.791964275
458.132,-8.325317292,3.7593776,60,-8.325389043,3.762475832,0.636428362,3.839746441,60,0.791765467
458.232,-8.325970258,3.7593776,60,-8.325841381,3.762436722,0.636376969,3.839703658,60,0.791724975
458.237,-8.325970258,3.7593776,60,-8.325833658,3.762434933,0.6363744,3.839701519,60,0.791718683
458.432,-8.325317292,3.7593776,60,-8.325431824,3.762365745,0.636274184,3.839618092,60,0.791458705
458.632,-8.325970258,3.759185805,60,-8.325903663,3.762289898,0.636171398,3.839532526,60,0.791316844
458.732,-8.325970258,3.758994009,60,-8.325970258,3.762252886,0.636120003,3.839489742,60,0.791222179
458.737,-8.325970258,3.758994009,60,-8.325970258,3.762251053,0.636117433,3.839487602,60,0.791216977
458.932,-8.325970258,3.759185805,60,-8.32604635,3.762179166,0.636017213,3.839404172,60,0.791024867
459.132,-8.326623224,3.758994009,60,-8.326544524,3.762103069,0.635914419,3.8393186,60,0.790887452
459.232,-8.326623224,3.758994009,60,-8.326623224,3.762065938,0.635863021,3.839275812,60,0.790794885
459.234,-8.326623224,3.758994009,60,-8.326623224,3.762065204,0.635861993,3.839274956,60,0.790792812
459.432,-8.326623224,3.758802214,60,-8.326700252,3.761992113,0.635760223,3.839190236,60,0.790598468
459.632,-8.32727619,3.758610419,60,-8.327059617,3.761916688,0.635657421,3.839104657,60,0.790442177
459.732,-8.326623224,3.758802214,60,-8.326819561,3.761881291,0.63560602,3.839061867,60,0.790304889
459.737,-8.326623224,3.758802214,60,-8.32680184,3.761879553,0.63560345,3.839059727,60,0.790297216
459.932,-8.32727619,3.758610419,60,-8.327215318,3.76180566,0.635503218,3.838976287,60,0.790153727
460.132,-8.32727619,3.758610419,60,-8.32727619,3.761731837,0.635400413,3.838890705,60,0.789955663
460.232,-8.32727619,3.758418624,60,-8.327832497,3.761692004,0.635349008,3.838847912,60,0.789930804
460.237,-8.327929156,3.758418624,60,-8.327866266,3.761689979,0.635346438,3.838845772,60,0.789930401
460.432,-8.327929156,3.758418624,60,-8.327952213,3.761617765,0.635246194,3.838762323,60,0.789741738
460.632,-8.328582122,3.758418624,60,-8.328572138,3.761540722,0.635143376,3.83867673,60,0.789623456
460.732,-8.327929156,3.758418624,60,-8.327950971,3.761507339,0.635091967,3.838633933,60,0.789433191
460.734,-8.327929156,3.758418624,60,-8.327956965,3.761506571,0.635090939,3.838633078,60,0.789431976
460.932,-8.328582122,3.758226829,60,-8.328555391,3.761430562,0.634989149,3.838548511,60,0.789309266
461.132,-8.328582122,3.758035033,60,-8.328667421,3.761357827,0.634886327,3.838464532,60,0.789089012
461.232,-8.329235088,3.758035033,60,-8.329135837,3.761319107,0.634834914,3.83842254,60,0.789037526
461.237,-8.329235088,3.758035033,60,-8.329142216,3.761317263,0.634832343,3.838420441,60,0.789032574
461.432,-8.329235088,3.757843238,60,-8.329296432,3.761245798,0.634732084,3.838338554,60,0.78882657
461.632,-8.329888054,3.757843238,60,-8.329677802,3.761171094,0.63462925,3.838254565,60,0.788648097
461.732,-8.329235088,3.757843238,60,-8.329450834,3.761135996,0.634577833,3.838212571,60,0.788500535
461.737,-8.329235088,3.757843238,60,-8.329448579,3.76113419,0.634575263,3.838210471,60,0.78849444
461.932,-8.329888054,3.757651443,60,-8.329808454,3.761061229,0.634474999,3.838128581,60,0.788320313
462.132,-8.329888054,3.757651443,60,-8.329888054,3.760987836,0.634372161,3.838044589,60,0.788102287
462.232,-8.329888054,3.757459648,60,-8.329888054,3.760951316,0.634320742,3.838002592,60,0.78798804
462.235,-8.329888054,3.757651443,60,-8.329888054,3.76095022,0.634319199,3.838001332,60,0.787984616
462.432,-8.329888054,3.757459648,60,-8.329888054,3.760878195,0.634217904,3.8379186,60,0.787760222
462.632,-8.329888054,3.757267853,60,-8.329888054,3.760804969,0.634115066,3.837834607,60,0.787533274
462.732,-8.329888054,3.757459648,60,-8.329942739,3.760768015,0.634063647,3.83779261,60,0.787427813
462.737,-8.329888054,3.757459648,60,-8.329946719,3.76076616,0.634061076,3.837790511,60,0.787422718
462.932,-8.33054102,3.757267853,60,-8.33048533,3.760691599,0.633960804,3.837708615,60,0.78727868
463.132,-8.33054102,3.757076057,60,-8.33054102,3.760617729,0.633857958,3.837624615,60,0.787062279
463.232,-8.33054102,3.757267853,60,-8.330559874,3.760580808,0.633806535,3.837582616,60,0.786953106
463.237,-8.33054102,3.757267853,60,-8.330560979,3.760578961,0.633803964,3.837580516,60,0.786947672
463.432,-8.331193986,3.756884262,60,-8.331178889,3.760503652,0.633703685,3.837498613,60,0.786817256
463.632,-8.331193986,3.757076057,60,-8.331193986,3.760429695,0.633600831,3.837414608,60,0.786597644
463.732,-8.331193986,3.757076057,60,-8.331193986,3.76039273,0.633549404,3.837372605,60,0.786487031
463.735,-8.331193986,3.757076057,60,-8.331193986,3.76039162,0.633547861,3.837371345,60,0.786483717
463.932,-8.331193986,3.756884262,60,-8.331227958,3.760318554,0.633446549,3.837288599,60,0.786271033
464.132,-8.331846952,3.756692467,60,-8.331700421,3.760241845,0.633343691,3.83720459,60,0.786117491
464.232,-8.331193986,3.756692467,60,-8.331409909,3.760206367,0.633292262,3.837162585,60,0.785967048
464.237,-8.331193986,3.756692467,60,-8.331426736,3.760204419,0.633289691,3.837160485,60,0.785963926
464.432,-8.332499919,3.756500672,60,-8.332365421,3.76012684,0.6331894,3.837078573,60,0.785882483
464.632,-8.332499919,3.756308877,60,-8.332499919,3.760051691,0.63308653,3.836994554,60,0.785683902
464.732,-8.332499919,3.756308877,60,-8.332429045,3.760014857,0.633035095,3.836952545,60,0.785565426
464.737,-8.332499919,3.756308877,60,-8.332419822,3.760013046,0.633032523,3.836950444,60,0.785558708
464.932,-8.331846952,3.756308877,60,-8.332006063,3.75994274,0.632932228,3.836868529,60,0.78528907
465.132,-8.332499919,3.756308877,60,-8.33242139,3.759865946,0.632829362,3.836784513,60,0.785130703
465.232,-8.332499919,3.756308877,60,-8.33257284,3.759827817,0.632777926,3.836742503,60,0.785043963
465.235,-8.332499919,3.756308877,60,-8.332576815,3.759826676,0.632776383,3.836741243,60,0.785041283
465.432,-8.333152885,3.756117081,60,-8.33307886,3.759750354,0.632675052,3.836658481,60,0.784899616
465.632,-8.333152885,3.756117081,60,-8.333152885,3.759675182,0.632572174,3.836574456,60,0.784695441
465.732,-8.333152885,3.755925286,60,-8.333152885,3.759637782,0.632520735,3.836532443,60,0.784588313
465.737,-8.333152885,3.755925286,60,-8.333152885,3.759635912,0.632518163,3.836530342,60,0.784582958
465.932,-8.333152885,3.755925286,60,-8.333201551,3.759562683,0.632417856,3.836448417,60,0.78438114
466.132,-8.333805851,3.755733491,60,-8.333772096,3.75948462,0.632314974,3.836364388,60,0.784247752
466.232,-8.333805851,3.755733491,60,-8.333816399,3.75944688,0.63226353,3.836322372,60,0.784147592
466.237,-8.333805851,3.755733491,60,-8.333816997,3.759445001,0.632260958,3.836320272,60,0.784142358
466.432,-8.334458817,3.755541696,60,-8.334452865,3.759368304,0.63216064,3.836238337,60,0.784024569
466.632,-8.334458817,3.755541696,60,-8.334458817,3.759293125,0.632057745,3.836154298,60,0.783813855
466.732,-8.334458817,3.755541696,60,-8.334458817,3.759255542,0.632006298,3.836112279,60,0.783708189
466.734,-8.334458817,3.755541696,60,-8.334458817,3.75925479,0.632005269,3.836111439,60,0.783706076
466.932,-8.334458817,3.755349901,60,-8.334458817,3.759180354,0.631903404,3.83602824,60,0.783497007
467.132,-8.334458817,3.755349901,60,-8.334567734,3.759104536,0.631800509,3.835944201,60,0.78330131
467.232,-8.335111783,3.755349901,60,-8.33488175,3.759065168,0.63174906,3.83590218,60,0.783240005
467.237,-8.334458817,3.755349901,60,-8.334867929,3.759063362,0.631746487,3.835900079,60,0.783232815
467.432,-8.335111783,3.755158105,60,-8.335040797,3.75898898,0.63164616,3.835818138,60,0.783052028
467.632,-8.335111783,3.75496631,60,-8.335111783,3.758913222,0.631543258,3.835734092,60,0.782852205
467.732,-8.335111783,3.75496631,60,-8.335183865,3.758875131,0.631491806,3.83569207,60,0.782757489
467.737,-8.335111783,3.75496631,60,-8.33519258,3.758873198,0.631489234,3.835689968,60,0.782753471
467.932,-8.335764749,3.754774515,60,-8.335683819,3.758796929,0.6313889,3.835608021,60,0.782618267
468.132,-8.335764749,3.754774515,60,-8.335919894,3.758720113,0.631285989,3.835523969,60,0.782442632
468.232,-8.336417715,3.75458272,60,-8.336195154,3.758680813,0.631234532,3.835481942,60,0.782377013
468.235,-8.336417715,3.75458272,60,-8.336203223,3.758679635,0.631232988,3.835480681,60,0.782375021
468.432,-8.335764749,3.75458272,60,-8.33590579,3.758606831,0.631131617,3.835397887,60,0.78212841
468.632,-8.336417715,3.75458272,60,-8.336356507,3.758528752,0.631028702,3.835313831,60,0.781983438
468.732,-8.336417715,3.75458272,60,-8.336417715,3.758490592,0.630977243,3.835271802,60,0.781888182
468.737,-8.336417715,3.75458272,60,-8.336417715,3.758488701,0.63097467,3.835269701,60,0.781882992
468.932,-8.336417715,3.754390925,60,-8.336417715,3.758414936,0.630874324,3.835187744,60,0.781680647
469.132,-8.336417715,3.754390925,60,-8.336470172,3.75833898,0.630771405,3.835103685,60,0.781480542
469.232,-8.337070681,3.754390925,60,-8.337035035,3.758298005,0.630719944,3.835061654,60,0.781455922
469.237,-8.337070681,3.754390925,60,-8.337065728,3.758295943,0.630717371,3.835059552,60,0.781455034
469.432,-8.336417715,3.754199129,60,-8.336428636,3.758225623,0.630617021,3.834977592,60,0.781164217
469.632,-8.337723647,3.754007334,60,-8.337677048,3.758142958,0.630514094,3.834893527,60,0.7811321
469.732,-8.337723647,3.754199129,60,-8.337723647,3.758104762,0.630462627,3.834851491,60,0.781035671
469.735,-8.337723647,3.754199129,60,-8.337723647,3.758103624,0.630461083,3.83485023,60,0.781032582
469.932,-8.337723647,3.754007334,60,-8.337770897,3.758028618,0.630359692,3.83476742,60,0.780836451
470.132,-8.338376613,3.753815539,60,-8.338198133,3.757950334,0.630256754,3.834683345,60,0.780690665
470.232,-8.337723647,3.754007334,60,-8.337914002,3.757913935,0.630205284,3.834641308,60,0.78054828
470.237,-8.337723647,3.754007334,60,-8.337915738,3.757912028,0.630202711,3.834639206,60,0.780543377
470.432,-8.338376613,3.753623744,60,-8.338302485,3.757835858,0.630102345,3.834557232,60,0.780397096
470.632,-8.338376613,3.753815539,60,-8.338376613,3.757759145,0.629999402,3.834472833,60,0.780201912
470.732,-8.338376613,3.753623744,60,-8.338376613,3.757720094,0.629947931,3.834429765,60,0.780098155
470.737,-8.338376613,3.753623744,60,-8.338376613,3.757718125,0.629945357,3.834427596,60,0.780092954
470.932,-8.338376613,3.753431949,60,-8.338455298,3.757640807,0.629844988,3.834343016,60,0.779901871
471.132,-8.339029579,3.753431949,60,-8.338953542,3.757558975,0.629742041,3.834256264,60,0.779766019
471.232,-8.339029579,3.753431949,60,-8.339029579,3.757518925,0.629690565,3.834212887,60,0.779674659
471.235,-8.339029579,3.753431949,60,-8.339029579,3.757517736,0.629689021,3.834211585,60,0.779671605
471.432,-8.339029579,3.753431949,60,-8.33909606,3.757439161,0.629587614,3.834126131,60,0.779481111
471.632,-8.339682545,3.753240154,60,-8.339626158,3.75735663,0.629484659,3.834039373,60,0.779353967
471.732,-8.339682545,3.753048358,60,-8.339682545,3.757316433,0.62943318,3.833995992,60,0.77926195
471.737,-8.339682545,3.753048358,60,-8.339682545,3.757314438,0.629430606,3.833993823,60,0.77925696
471.932,-8.339682545,3.753048358,60,-8.339682545,3.757236544,0.629330221,3.83390923,60,0.779063152
472.132,-8.339682545,3.753048358,60,-8.339682545,3.757156508,0.629227262,3.833822468,60,0.77886559
472.232,-8.339682545,3.752856563,60,-8.339682545,3.757116438,0.629175782,3.833779087,60,0.77876725
472.237,-8.339682545,3.752856563,60,-8.339690407,3.75711439,0.629173208,3.833776918,60,0.778763437
472.432,-8.340335511,3.752856563,60,-8.340309859,3.757032687,0.629072819,3.833692322,60,0.778659224
472.632,-8.339682545,3.752856563,60,-8.339775664,3.756955206,0.628969856,3.833605556,60,0.778390387
472.732,-8.340335511,3.752664768,60,-8.340295556,3.756912078,0.628918374,3.833562174,60,0.778366043
472.735,-8.340335511,3.752664768,60,-8.340306588,3.756910808,0.62891683,3.833560872,60,0.778364693
472.932,-8.340988477,3.752664768,60,-8.34098767,3.756827556,0.628815403,3.833475401,60,0.778270389
473.132,-8.341641443,3.752472973,60,-8.341449598,3.756744098,0.628712425,3.833388623,60,0.778144289
473.232,-8.340988477,3.752472973,60,-8.341189817,3.756705031,0.628660935,3.833345233,60,0.778013237
473.237,-8.340988477,3.752472973,60,-8.341190055,3.756703005,0.628658361,3.833343064,60,0.778008524
473.432,-8.341641443,3.752472973,60,-8.341564768,3.756621884,0.628557955,3.833258454,60,0.777876392
473.632,-8.341641443,3.752281178,60,-8.341641443,3.75654024,0.628454972,3.833171672,60,0.777699129
473.732,-8.341641443,3.752281178,60,-8.341641443,3.756499592,0.628403481,3.833128281,60,0.777605481
473.737,-8.341641443,3.752281178,60,-8.341641443,3.756497559,0.628400906,3.833126111,60,0.777600804
473.932,-8.341641443,3.752281178,60,-8.341719328,3.756417795,0.628300497,3.833041498,60,0.777429616
474.132,-8.342294409,3.752089382,60,-8.342220487,3.75633353,0.62819751,3.832954713,60,0.777313762
474.232,-8.342294409,3.752089382,60,-8.342361596,3.756291945,0.628146014,3.832911318,60,0.777241027
474.234,-8.342294409,3.752089382,60,-8.342363702,3.756291117,0.628144985,3.83291045,60,0.777239474
474.432,-8.342947376,3.751897587,60,-8.34288435,3.756207342,0.628043019,3.832824525,60,0.7771299
474.632,-8.342947376,3.751897587,60,-8.342947376,3.756125151,0.62794002,3.83273773,60,0.776955753
474.732,-8.342947376,3.751705792,60,-8.342947376,3.756084201,0.62788852,3.832694332,60,0.776864548
474.737,-8.342947376,3.751705792,60,-8.342947376,3.756082154,0.627885945,3.832692162,60,0.776859989
474.932,-8.342947376,3.751513997,60,-8.342947376,3.75600225,0.627785521,3.832607536,60,0.776682553
475.132,-8.342947376,3.751513997,60,-8.342966251,3.755920128,0.627682522,3.83252074,60,0.776503739
475.232,-8.343600342,3.751513997,60,-8.343598145,3.755875587,0.62763102,3.83247734,60,0.776501225
475.237,-8.343600342,3.751513997,60,-8.343598259,3.755873532,0.627628445,3.83247517,60,0.776496747
475.432,-8.343600342,3.751322202,60,-8.343600342,3.755793366,0.627528013,3.832390537,60,0.776321607
475.632,-8.343600342,3.751322202,60,-8.343676741,3.755710676,0.627425005,3.832303734,60,0.776152839
475.732,-8.344253308,3.751322202,60,-8.34409224,3.75566721,0.627373499,3.832260332,60,0.776121198
475.735,-8.343600342,3.751130406,60,-8.344083304,3.755666023,0.627371954,3.83225903,60,0.776117283
475.932,-8.344253308,3.751130406,60,-8.344194213,3.755584237,0.627270487,3.832173524,60,0.77595701
476.132,-8.344253308,3.751130406,60,-8.344253308,3.755501421,0.627167471,3.832086715,60,0.775787627
476.232,-8.344253308,3.751130406,60,-8.344253308,3.755460157,0.627115964,3.83204331,60,0.775698957
476.237,-8.344253308,3.751130406,60,-8.344253308,3.755458094,0.627113388,3.83204114,60,0.775694526
476.432,-8.344253308,3.750938611,60,-8.344253308,3.755377596,0.627012948,3.831956501,60,0.775521889
476.632,-8.344253308,3.750938611,60,-8.344410973,3.755294117,0.626909932,3.831869691,60,0.775367111
476.732,-8.344906274,3.750746816,60,-8.344748672,3.755250913,0.626858422,3.831826284,60,0.775325995
476.737,-8.344906274,3.750746816,60,-8.344765605,3.755248752,0.626855847,3.831824114,60,0.775323954
476.932,-8.344906274,3.750555021,60,-8.344906274,3.755167288,0.626755399,3.831739468,60,0.775172364
477.132,-8.344906274,3.750746816,60,-8.344906274,3.755084489,0.626652376,3.831652652,60,0.774997196
477.232,-8.344906274,3.750555021,60,-8.344967909,3.755042735,0.626600864,3.831609244,60,0.774918289
477.235,-8.344906274,3.750555021,60,-8.344970679,3.755041477,0.626599319,3.831607942,60,0.77491605
477.432,-8.34555924,3.750555021,60,-8.345500632,3.754956901,0.626497836,3.831522424,60,0.774817896
477.632,-8.34555924,3.750363226,60,-8.345649254,3.754873103,0.626394805,3.831435601,60,0.774664734
477.732,-8.346212206,3.75017143,60,-8.346161205,3.754828757,0.626343287,3.831392188,60,0.774649188
477.737,-8.346212206,3.75017143,60,-8.346190794,3.754826518,0.626340711,3.831390017,60,0.774648967
477.932,-8.346865172,3.75017143,60,-8.34682397,3.754741945,0.626240243,3.831305355,60,0.774568841
478.132,-8.346212206,3.749979635,60,-8.346212378,3.754662133,0.6261372,3.831218521,60,0.774311754
478.232,-8.346212206,3.75017143,60,-8.346222211,3.754620502,0.62608568,3.831175106,60,0.774226954
478.237,-8.346212206,3.749979635,60,-8.346237522,3.754618339,0.626083104,3.831172936,60,0.774224777
478.432,-8.346865172,3.749979635,60,-8.346806361,3.754534068,0.625982636,3.831088273,60,0.77413617
478.632,-8.346212206,3.749979635,60,-8.346346548,3.754453365,0.625879593,3.83100144,60,0.773900574
478.732,-8.346865172,3.749979635,60,-8.346762097,3.754409449,0.625828071,3.830958023,60,0.773872434
478.735,-8.346865172,3.749979635,60,-8.346766123,3.754408177,0.625826525,3.830956721,60,0.77387043
478.932,-8.346865172,3.74978784,60,-8.346865172,3.754325573,0.625725023,3.830871187,60,0.773715595
479.132,-8.346865172,3.749596045,60,-8.347007411,3.754241457,0.625621975,3.83078435,60,0.773564356
479.232,-8.347518138,3.749596045,60,-8.347369831,3.754197766,0.625570449,3.830740929,60,0.773529353
479.237,-8.347518138,3.749596045,60,-8.347382147,3.754195613,0.625567873,3.830738758,60,0.77352681
479.432,-8.347518138,3.74940425,60,-8.347596125,3.754113076,0.625467394,3.830654086,60,0.773390602
479.632,-8.348171104,3.74940425,60,-8.348092261,3.754026837,0.625364334,3.830567239,60,0.773289778
479.732,-8.348171104,3.74940425,60,-8.348171104,3.753984625,0.625312802,3.830523814,60,0.773216073
479.737,-8.348171104,3.74940425,60,-8.348171104,3.753982536,0.625310226,3.830521643,60,0.773211841
479.932,-8.348171104,3.74940425,60,-8.348245647,3.753900647,0.625209738,3.830436964,60,0.773057216
480.132,-8.34882407,3.749212454,60,-8.348620212,3.753814967,0.625106671,3.830350111,60,0.772940385
480.232,-8.348171104,3.749212454,60,-8.348355528,3.753774614,0.625055137,3.830306684,60,0.772819326
480.235,-8.348171104,3.749212454,60,-8.34834388,3.753773424,0.625053591,3.830305381,60,0.772815178
480.432,-8.34882407,3.749020659,60,-8.348770787,3.753692167,0.624952068,3.830223354,60,0.772704628
480.632,-8.34882407,3.748828864,60,-8.348900965,3.753615071,0.624848997,3.830144074,60,0.772548123
480.732,-8.349477036,3.748828864,60,-8.349416411,3.753573924,0.624797459,3.830104433,60,0.772533223
480.737,-8.349477036,3.748828864,60,-8.349445546,3.753571848,0.624794882,3.830102451,60,0.772532949
480.932,-8.349477036,3.748637069,60,-8.349477036,3.753496751,0.624694379,3.830025148,60,0.772370855
481.132,-8.349477036,3.748637069,60,-8.349495263,3.753419576,0.624591299,3.829945862,60,0.77220457
481.232,-8.350130002,3.748445274,60,-8.350073782,3.753377744,0.624539757,3.829906218,60,0.772201161
481.237,-8.350130002,3.748445274,60,-8.350061071,3.753375879,0.62453718,3.829904236,60,0.77219525
481.432,-8.349477036,3.748445274,60,-8.349550664,3.753303176,0.624436673,3.829826929,60,0.771963021
481.632,-8.350130002,3.748445274,60,-8.350079221,3.753222606,0.624333589,3.829747641,60,0.771872234
481.732,-8.350130002,3.748445274,60,-8.350130002,3.753183401,0.624282045,3.829707995,60,0.771798064
481.734,-8.350130002,3.748253478,60,-8.350130002,3.753182622,0.624281014,3.829707202,60,0.771796446
481.932,-8.350130002,3.748253478,60,-8.350130002,3.753105403,0.624178957,3.829628703,60,0.771636889
482.132,-8.350130002,3.748253478,60,-8.350130002,3.753027221,0.624075869,3.829549412,60,0.771477257
482.232,-8.350130002,3.748061683,60,-8.350201345,3.752987668,0.624024325,3.829509766,60,0.771407891
482.237,-8.350130002,3.748061683,60,-8.350210399,3.752985658,0.624021747,3.829507783,60,0.771405194
482.432,-8.350782968,3.748061683,60,-8.350702217,3.752906415,0.623921233,3.829430471,60,0.77132013
482.632,-8.350782968,3.748061683,60,-8.350939516,3.752826398,0.623818136,3.829351173,60,0.771197655
482.732,-8.351435934,3.747869888,60,-8.351282078,3.752785074,0.623766586,3.829311523,60,0.771168068
482.737,-8.351435934,3.747869888,60,-8.35130099,3.752782997,0.623764009,3.82930954,60,0.771166847
482.932,-8.351435934,3.747678093,60,-8.351435934,3.752705196,0.623663482,3.829232219,60,0.771036655
483.132,-8.351435934,3.747678093,60,-8.351435934,3.752626016,0.623560378,3.829152915,60,0.770885205
483.232,-8.351435934,3.747678093,60,-8.351435934,3.752586374,0.623508826,3.829113263,60,0.770809916
483.235,-8.351435934,3.747678093,60,-8.351435934,3.752585185,0.62350728,3.829112073,60,0.77080766
483.432,-8.351435934,3.747678093,60,-8.351482592,3.75250673,0.623405722,3.829033959,60,0.770666648
483.632,-8.3520889,3.747486298,60,-8.352057592,3.752423997,0.623302614,3.828954651,60,0.770597889
483.732,-8.3520889,3.747486298,60,-8.352096546,3.75238393,0.623251058,3.828914996,60,0.770529705
483.737,-8.3520889,3.747486298,60,-8.352096974,3.752381935,0.62324848,3.828913014,60,0.770526087
483.932,-8.352741866,3.747294502,60,-8.352739098,3.752300548,0.623147942,3.828835683,60,0.770472521
484.132,-8.352741866,3.747102707,60,-8.352741866,3.752220526,0.623044821,3.828756367,60,0.770328192
484.232,-8.352741866,3.747102707,60,-8.352767963,3.752180338,0.622993261,3.828716708,60,0.7702598
484.237,-8.352741866,3.747102707,60,-8.352782259,3.752178255,0.622990683,3.828714725,60,0.770258189
484.432,-8.353394833,3.747102707,60,-8.353350645,3.752096916,0.622890137,3.828637389,60,0.770197335
484.632,-8.353394833,3.746910912,60,-8.353394833,3.752016314,0.622787009,3.828558066,60,0.770061601
484.732,-8.353394833,3.746910912,60,-8.353394833,3.751976099,0.622735445,3.828518405,60,0.769990988
484.735,-8.353394833,3.746910912,60,-8.353394833,3.751974892,0.622733898,3.828517215,60,0.769988874
484.932,-8.353394833,3.746910912,60,-8.353394833,3.7518956,0.622632316,3.828439082,60,0.769850324
485.132,-8.353394833,3.746719117,60,-8.353546775,3.751814172,0.622529187,3.828359759,60,0.76973142
485.232,-8.354047799,3.746719117,60,-8.353892416,3.751771919,0.622477621,3.828320096,60,0.769709661
485.237,-8.354047799,3.746719117,60,-8.353906711,3.751769822,0.622475043,3.828318113,60,0.769708171
485.432,-8.354047799,3.746527322,60,-8.354047799,3.751690262,0.622374485,3.828240768,60,0.76959292
485.632,-8.354047799,3.746527322,60,-8.354202049,3.751608525,0.622271348,3.828161439,60,0.769476736
485.732,-8.354700765,3.746527322,60,-8.354483678,3.751566483,0.622219778,3.828121773,60,0.769447272
485.737,-8.354700765,3.746527322,60,-8.354497908,3.751564379,0.6222172,3.828119789,60,0.769445826
485.932,-8.354047799,3.746335527,60,-8.354118447,3.751487461,0.622116638,3.828042441,60,0.769260521
486.132,-8.354047799,3.746335527,60,-8.354286455,3.751405468,0.622013501,3.827963112,60,0.769147735
486.232,-8.355353731,3.746143731,60,-8.355090987,3.751360436,0.621961929,3.827923444,60,0.769191351
486.235,-8.355353731,3.746143731,60,-8.355119729,3.751359059,0.621960382,3.827922254,60,0.769193299
486.432,-8.354700765,3.746143731,60,-8.354822136,3.751280623,0.621858781,3.827844106,60,0.769020009
486.632,-8.356006697,3.745951936,60,-8.355912342,3.751193214,0.621755628,3.827764765,60,0.769037263
486.732,-8.355353731,3.745951936,60,-8.355382011,3.751155391,0.62170405,3.827725093,60,0.768897732
486.737,-8.355353731,3.745951936,60,-8.355355248,3.751153501,0.621701471,3.827723109,60,0.768890722
486.932,-8.356006697,3.745951936,60,-8.35599983,3.751070457,0.621600894,3.827645749,60,0.768850716
487.132,-8.356006697,3.745760141,60,-8.356006697,3.750988792,0.621497733,3.827566401,60,0.768720088
487.232,-8.356006697,3.745760141,60,-8.356006697,3.750947962,0.621446153,3.827526727,60,0.768654476
487.237,-8.356006697,3.745760141,60,-8.356006697,3.75094592,0.621443574,3.827524744,60,0.768651199
487.432,-8.356006697,3.745568346,60,-8.356055935,3.750865995,0.621342992,3.82744738,60,0.768530309
487.632,-8.356659663,3.745568346,60,-8.356598619,3.750781222,0.621239828,3.827368029,60,0.768474953
487.732,-8.356659663,3.745376551,60,-8.356659663,3.750739957,0.621188243,3.827328352,60,0.768418538
487.735,-8.356659663,3.745376551,60,-8.356659663,3.750738728,0.621186696,3.827327162,60,0.768416595
487.932,-8.356659663,3.745376551,60,-8.356659663,3.750658067,0.621085075,3.827248999,60,0.768289117
488.132,-8.356659663,3.745376551,60,-8.356659663,3.750576143,0.620981906,3.827169645,60,0.768159997
488.232,-8.356659663,3.745184755,60,-8.356965346,3.750533474,0.620930321,3.827129968,60,0.768137779
488.237,-8.357312629,3.745184755,60,-8.356999115,3.750531237,0.620927742,3.827127984,60,0.768139224
488.432,-8.357312629,3.74499296,60,-8.357312629,3.750449503,0.620827145,3.827050609,60,0.768057643
488.632,-8.357312629,3.74499296,60,-8.357312629,3.750367404,0.620723968,3.826971249,60,0.767929898
488.732,-8.357312629,3.74499296,60,-8.357376517,3.75032599,0.62067238,3.826931569,60,0.767874941
488.737,-8.357312629,3.74499296,60,-8.357381681,3.750323908,0.620669801,3.826929585,60,0.767872466
488.932,-8.357965595,3.744801165,60,-8.357963924,3.750240566,0.620569199,3.826852206,60,0.767828935
489.132,-8.358618561,3.744801165,60,-8.35845461,3.750155561,0.620466011,3.826772837,60,0.767770459
489.232,-8.357965595,3.744801165,60,-8.358103062,3.750116336,0.620414416,3.826733152,60,0.767659006
489.235,-8.357965595,3.744801165,60,-8.358088729,3.750115181,0.620412869,3.826731962,60,0.76765514
489.432,-8.358618561,3.74460937,60,-8.358551519,3.750031528,0.620311228,3.826653783,60,0.76759501
489.632,-8.357965595,3.74460937,60,-8.358011464,3.749952147,0.620208039,3.826574414,60,0.767394796
489.732,-8.358618561,3.74460937,60,-8.358608193,3.749907676,0.620156444,3.826534729,60,0.767414244
489.737,-8.358618561,3.74460937,60,-8.358618561,3.749905558,0.620153865,3.826532745,60,0.767412545
489.932,-8.358618561,3.744417575,60,-8.358634117,3.749825103,0.620053252,3.826455357,60,0.767292716
490.132,-8.359271527,3.744417575,60,-8.359238034,3.749737245,0.619950055,3.826374002,60,0.767266048
490.232,-8.359271527,3.744417575,60,-8.359311336,3.749693408,0.619898454,3.826332269,60,0.767229664
490.237,-8.359271527,3.744225779,60,-8.359324618,3.74969116,0.619895874,3.826330182,60,0.767229194
490.432,-8.359924493,3.744033984,60,-8.359923088,3.749602947,0.619795249,3.826248798,60,0.767222844
490.632,-8.360577459,3.744033984,60,-8.360381542,3.749513018,0.619692037,3.82616532,60,0.767197453
490.732,-8.359924493,3.744033984,60,-8.360130605,3.749470614,0.61964043,3.826123582,60,0.767119279
490.735,-8.359924493,3.744033984,60,-8.360130591,3.749469299,0.619638882,3.826122329,60,0.767117975
490.932,-8.360577459,3.743842189,60,-8.360425393,3.749381262,0.619537217,3.826040104,60,0.767074022
491.132,-8.359924493,3.743842189,60,-8.360002997,3.749295666,0.619434004,3.825956627,60,0.766931568
491.232,-8.359924493,3.743842189,60,-8.359997081,3.749251683,0.619382399,3.825914889,60,0.766889097
491.237,-8.359924493,3.743842189,60,-8.360004612,3.749249439,0.619379819,3.825912802,60,0.766888062
491.432,-8.360577459,3.743842189,60,-8.360575472,3.749160285,0.619279186,3.825831412,60,0.766886958
491.632,-8.361230425,3.743458599,60,-8.361011162,3.749069405,0.619175966,3.825747928,60,0.766867333
491.732,-8.360577459,3.743458599,60,-8.361154597,3.749024293,0.619124354,3.825706185,60,0.76684793
491.737,-8.361230425,3.743458599,60,-8.361166487,3.749022011,0.619121774,3.825704098,60,0.766847616
491.932,-8.361230425,3.743458599,60,-8.361291328,3.748934752,0.619021129,3.825622698,60,0.766789651
492.132,-8.361883391,3.743266803,60,-8.361736221,3.74884331,0.618917901,3.825539208,60,0.766775497
492.232,-8.361230425,3.743266803,60,-8.361314459,3.74880108,0.618866286,3.825497462,60,0.766680155
492.235,-8.361230425,3.743266803,60,-8.361297967,3.748799834,0.618864738,3.82549621,60,0.766676767
492.432,-8.361230425,3.743266803,60,-8.361256128,3.748712227,0.618763061,3.825413975,60,0.766598217
492.632,-8.361883391,3.743075008,60,-8.36187698,3.748619447,0.618659832,3.825330484,60,0.766611364
492.732,-8.361883391,3.743075008,60,-8.361883391,3.748574655,0.618608215,3.825288737,60,0.766576685
492.737,-8.361883391,3.743075008,60,-8.361883391,3.748572416,0.618605634,3.82528665,60,0.76657492
492.932,-8.361883391,3.743075008,60,-8.361907228,3.74848491,0.618504982,3.825205243,60,0.766509674
493.132,-8.362536357,3.742883213,60,-8.362495898,3.748391881,0.618401745,3.825121746,60,0.766521878
493.232,-8.362536357,3.742883213,60,-8.362582131,3.748346443,0.618350124,3.825079996,60,0.766499882
493.237,-8.362536357,3.742883213,60,-8.362594905,3.748344123,0.618347543,3.825077909,60,0.76649996
493.432,-8.363189323,3.742691418,60,-8.36312798,3.748253377,0.618246879,3.824996493,60,0.766508396
493.632,-8.363189323,3.742691418,60,-8.363189323,3.748162823,0.61814363,3.824912986,60,0.766451453
493.732,-8.363189323,3.742499623,60,-8.363585577,3.748115478,0.618092004,3.824871232,60,0.766473771
493.735,-8.364495256,3.742499623,60,-8.363620016,3.748113932,0.618090455,3.824869979,60,0.766477557
493.932,-8.36384229,3.742307827,60,-8.363920634,3.748023146,0.617988745,3.824787717,60,0.766456714
494.132,-8.36384229,3.742307827,60,-8.36384229,3.747933014,0.617885488,3.824704203,60,0.766383368
494.232,-8.36384229,3.742307827,60,-8.36384229,3.7478877,0.617833859,3.824662447,60,0.766352361
494.237,-8.36384229,3.742307827,60,-8.36384229,3.747885434,0.617831278,3.824660359,60,0.766350815
494.432,-8.36384229,3.742116032,60,-8.363918203,3.747796586,0.617730601,3.824578933,60,0.766301366
494.632,-8.364495256,3.742116032,60,-8.364425056,3.747702969,0.61762734,3.824495416,60,0.766310763
494.732,-8.364495256,3.742116032,60,-8.364495256,3.747657117,0.617575708,3.824453657,60,0.766290654
494.737,-8.364495256,3.742116032,60,-8.364495256,3.747654843,0.617573126,3.824451569,60,0.766289169
494.932,-8.364495256,3.741924237,60,-8.364551299,3.747565814,0.617472442,3.824370137,60,0.766239349
495.132,-8.365148222,3.741732442,60,-8.365019572,3.747472125,0.617369173,3.824286614,60,0.766245745
495.232,-8.364495256,3.741924237,60,-8.364565628,3.747429043,0.617317538,3.824244852,60,0.766154437
495.235,-8.364495256,3.741924237,60,-8.364548543,3.74742777,0.617315989,3.824243599,60,0.76615122
495.432,-8.364495256,3.741732442,60,-8.364512814,3.747338164,0.617214273,3.824161332,60,0.766089612
495.632,-8.365148222,3.741540647,60,-8.365139252,3.747243433,0.617111003,3.824077809,60,0.76611919
495.732,-8.364495256,3.741732442,60,-8.364534612,3.747201098,0.617059369,3.824036047,60,0.766007847
495.737,-8.364495256,3.741540647,60,-8.36454832,3.747198739,0.617056787,3.824033959,60,0.766008328
495.932,-8.365148222,3.741540647,60,-8.365147413,3.747106348,0.616956099,3.823952524,60,0.766036331
496.132,-8.365801188,3.741348851,60,-8.365754341,3.747011477,0.616852822,3.823868994,60,0.766065217
496.232,-8.365801188,3.741348851,60,-8.365801188,3.746965411,0.616801181,3.823827228,60,0.766044693
496.237,-8.365801188,3.741348851,60,-8.365801188,3.74696312,0.616798599,3.82382514,60,0.766043348
496.432,-8.365801188,3.741348851,60,-8.365865414,3.746873398,0.616697899,3.823743695,60,0.765999934
496.632,-8.366454154,3.740965261,60,-8.366382064,3.7467788,0.616594614,3.823660159,60,0.766018206
496.732,-8.366454154,3.741157056,60,-8.366454154,3.746732487,0.616542969,3.823618389,60,0.766002017
496.735,-8.366454154,3.741157056,60,-8.366454154,3.74673111,0.61654142,3.823617136,60,0.766001236
496.932,-8.366454154,3.740965261,60,-8.366532454,3.746640186,0.61643968,3.82353485,60,0.76596089
497.132,-8.36710712,3.740773466,60,-8.367028402,3.7465455,0.616336386,3.823451307,60,0.765977936
497.232,-8.36710712,3.740965261,60,-8.366812518,3.746500685,0.616284738,3.823409535,60,0.765922829
497.237,-8.366454154,3.740965261,60,-8.366785265,3.746498535,0.616282156,3.823407446,60,0.765917808
497.432,-8.36710712,3.740581671,60,-8.367105229,3.746407052,0.616181444,3.823325991,60,0.765912432
497.632,-8.367760086,3.740581671,60,-8.367559892,3.746312414,0.616078143,3.823242442,60,0.765925222
497.732,-8.36710712,3.740581671,60,-8.36723132,3.746268143,0.616026492,3.823200668,60,0.765855227
497.737,-8.36710712,3.740581671,60,-8.367207462,3.74626597,0.61602391,3.823198579,60,0.765850704
497.932,-8.36710712,3.740581671,60,-8.367157724,3.746176405,0.615923194,3.823117122,60,0.765795417
498.132,-8.367760086,3.740389876,60,-8.367723956,3.746081072,0.615819892,3.823033572,60,0.765824222
498.232,-8.367760086,3.740389876,60,-8.368349384,3.746031465,0.615768238,3.822991795,60,0.765886141
498.234,-8.368413052,3.740389876,60,-8.368362892,3.746030467,0.615767205,3.822990959,60,0.765887518
498.432,-8.368413052,3.74019808,60,-8.368413052,3.745938714,0.615664924,3.822908236,60,0.765847232
498.632,-8.368413052,3.74019808,60,-8.368413052,3.745846292,0.61556161,3.822824677,60,0.765799772
498.732,-8.368413052,3.74019808,60,-8.368434052,3.745799957,0.615509954,3.822782897,60,0.765778989
498.737,-8.368413052,3.74019808,60,-8.368448686,3.745797565,0.615507371,3.822780808,60,0.765779823
498.932,-8.369066018,3.740006285,60,-8.369026367,3.745704197,0.615406636,3.822699335,60,0.765813624
499.132,-8.369066018,3.740006285,60,-8.369171327,3.74561083,0.615303314,3.822615769,60,0.765787228
499.232,-8.369718984,3.73981449,60,-8.369601913,3.745562146,0.615251651,3.822573985,60,0.765823535
499.237,-8.369718984,3.73981449,60,-8.369609943,3.745559785,0.615249068,3.822571896,60,0.765823504
499.432,-8.369718984,3.739622695,60,-8.369718984,3.745468821,0.615148321,3.822490413,60,0.765794195
499.632,-8.369718984,3.739622695,60,-8.369718984,3.745376126,0.615044992,3.822406841,60,0.76574887
499.732,-8.369718984,3.739622695,60,-8.36979277,3.745328818,0.614993326,3.822364524,60,0.765738728
499.735,-8.369718984,3.739622695,60,-8.369798252,3.745327356,0.614991776,3.822363231,60,0.765738978
499.932,-8.37037195,3.7394309,60,-8.370291898,3.745229759,0.614889993,3.822277571,60,0.765777918
500.132,-8.37037195,3.7394309,60,-8.37037195,3.745132484,0.614786655,3.82219032,60,0.765762538
500.232,-8.37037195,3.739239104,60,-8.370440431,3.745083621,0.614734986,3.822146695,60,0.76575934
500.237,-8.37037195,3.739239104,60,-8.370446441,3.745081162,0.614732402,3.822144513,60,0.765759544
500.432,-8.371024916,3.739047309,60,-8.370881043,3.744984057,0.614631644,3.822059441,60,0.765796093
500.632,-8.37037195,3.739239104,60,-8.370560001,3.744888521,0.614528302,3.821972187,60,0.765729405
500.732,-8.371024916,3.739047309,60,-8.370910125,3.744837883,0.614476631,3.82192856,60,0.765766814
500.737,-8.371024916,3.739047309,60,-8.370934973,3.74483531,0.614474047,3.821926378,60,0.765769701
500.932,-8.371024916,3.739047309,60,-8.371024916,3.744739678,0.614373285,3.821841302,60,0.765762347
501.132,-8.371024916,3.738855514,60,-8.37108251,3.744641638,0.614269939,3.821754045,60,0.765751257
501.232,-8.371677882,3.738855514,60,-8.37163831,3.744589642,0.614218264,3.821710414,60,0.7658188
501.235,-8.371677882,3.738855514,60,-8.371656583,3.744588073,0.614216714,3.821709105,60,0.765821047
501.432,-8.371677882,3.738663719,60,-8.371677882,3.744491403,0.61411491,3.82162315,60,0.765807648
501.632,-8.371677882,3.738663719,60,-8.371677882,3.744393254,0.614011556,3.821535886,60,0.765792162
501.732,-8.371677882,3.738663719,60,-8.371677882,3.744344134,0.613959879,3.821492254,60,0.765784784
501.737,-8.371677882,3.738663719,60,-8.371677882,3.744341677,0.613957295,3.821490072,60,0.765784425
501.932,-8.371677882,3.738663719,60,-8.371723084,3.744245557,0.613856525,3.821404989,60,0.765776988
502.132,-8.372330848,3.738471924,60,-8.372272966,3.74414404,0.613753167,3.821317722,60,0.765839948
502.232,-8.372330848,3.738280128,60,-8.372390948,3.74409408,0.613701486,3.821274086,60,0.765850358
502.237,-8.372330848,3.738280128,60,-8.372402199,3.744091551,0.613698902,3.821271904,60,0.765851624
502.432,-8.372983814,3.738280128,60,-8.372910666,3.743992472,0.61359812,3.821186812,60,0.765911248
502.632,-8.372983814,3.738088333,60,-8.372983814,3.743893177,0.61349475,3.821099534,60,0.765911877
502.732,-8.372983814,3.738088333,60,-8.373058604,3.74384328,0.613443064,3.821055895,60,0.765917774
502.735,-8.372983814,3.738088333,60,-8.373063785,3.743841767,0.613441514,3.821054586,60,0.765918359
502.932,-8.37363678,3.738088333,60,-8.373556757,3.743741458,0.61333969,3.820968614,60,0.765978433
503.132,-8.37363678,3.737896538,60,-8.37363678,3.743641805,0.613236312,3.820881329,60,0.765982618
503.232,-8.37363678,3.737896538,60,-8.373702703,3.743591802,0.613184623,3.820837687,60,0.765988561
503.237,-8.37363678,3.737896538,60,-8.373708205,3.74358929,0.613182038,3.820835505,60,0.765989166
503.432,-8.374289747,3.737704743,60,-8.374220298,3.743489572,0.613081241,3.820750399,60,0.766054358
503.632,-8.374289747,3.737704743,60,-8.374289747,3.743389686,0.612977855,3.820663107,60,0.766059456
503.732,-8.374289747,3.737704743,60,-8.374329944,3.743339685,0.612926161,3.820619462,60,0.766063008
503.737,-8.374289747,3.737704743,60,-8.37433257,3.743337181,0.612923577,3.820617279,60,0.766063272
503.932,-8.374942713,3.737512948,60,-8.374903752,3.743236871,0.612822771,3.820532167,60,0.766138774
504.132,-8.374942713,3.737321152,60,-8.374942713,3.743136888,0.612719377,3.820444869,60,0.766141821
504.232,-8.374942713,3.737321152,60,-8.375569776,3.743083505,0.612667678,3.820401218,60,0.766227341
504.235,-8.375595679,3.737321152,60,-8.375589979,3.743081896,0.612666127,3.820399908,60,0.766230099
504.432,-8.374942713,3.737321152,60,-8.374962291,3.742986943,0.612564279,3.820313916,60,0.766142594
504.632,-8.375595679,3.737129357,60,-8.375510094,3.74288397,0.612460881,3.820226615,60,0.766217232
504.732,-8.374942713,3.737129357,60,-8.375051853,3.742836494,0.612409182,3.820182964,60,0.766153987
504.737,-8.374942713,3.737129357,60,-8.375061071,3.742833943,0.612406597,3.820180781,60,0.766155245
504.932,-8.375595679,3.736937562,60,-8.375543203,3.742733752,0.612305783,3.820095662,60,0.766221521
505.132,-8.375595679,3.736937562,60,-8.375720739,3.742632639,0.612202381,3.820008357,60,0.76624667
505.232,-8.376248645,3.736745767,60,-8.376114451,3.742580363,0.612150678,3.819964702,60,0.76630153
505.237,-8.376248645,3.736745767,60,-8.376124459,3.742577801,0.612148092,3.81996252,60,0.766302952
505.432,-8.376248645,3.736745767,60,-8.376248645,3.74247933,0.612047267,3.819877391,60,0.766321982
505.632,-8.376248645,3.736553972,60,-8.37640448,3.742378129,0.611943857,3.819790079,60,0.766345818
505.732,-8.376901611,3.736553972,60,-8.376744088,3.742326052,0.611892149,3.819746421,60,0.766394035
505.735,-8.376901611,3.736553972,60,-8.376753456,3.742324494,0.611890598,3.819745111,60,0.766395374
505.932,-8.376901611,3.736362176,60,-8.376901611,3.742224699,0.611788731,3.819659103,60,0.766419241
506.132,-8.376901611,3.736362176,60,-8.376901611,3.742124176,0.611685313,3.819571784,60,0.766423082
506.232,-8.376901611,3.736362176,60,-8.376964381,3.742073556,0.611633603,3.819528124,60,0.766433751
506.237,-8.376901611,3.736362176,60,-8.376969376,3.742071014,0.611631018,3.819525941,60,0.766434541
506.432,-8.377554577,3.736170381,60,-8.377489121,3.741970051,0.611530181,3.819440802,60,0.766510555
506.632,-8.377554577,3.736170381,60,-8.377554577,3.741868998,0.611426754,3.819353477,60,0.766524754
506.732,-8.377554577,3.735978586,60,-8.377588252,3.741818455,0.611375041,3.819309814,60,0.766532082
506.737,-8.377554577,3.735978586,60,-8.377590371,3.741815925,0.611372455,3.819307631,60,0.766532509
506.932,-8.378207543,3.735978586,60,-8.378175945,3.74171444,0.61127161,3.819222485,60,0.766618853
507.132,-8.378207543,3.735786791,60,-8.378207543,3.741613416,0.611168176,3.819135153,60,0.766629649
507.232,-8.378207543,3.735786791,60,-8.378207543,3.741562983,0.611116458,3.819091487,60,0.766632944
507.234,-8.378207543,3.735786791,60,-8.378207543,3.741561974,0.611115424,3.819090614,60,0.76663301
507.432,-8.378207543,3.735786791,60,-8.378207543,3.741462104,0.611013024,3.819004155,60,0.766639634
507.632,-8.378207543,3.735594996,60,-8.378207543,3.741361208,0.610909589,3.818916822,60,0.766646466
507.732,-8.378207543,3.735594996,60,-8.378315364,3.741310157,0.610857871,3.818873156,60,0.766664801
507.737,-8.378860509,3.735594996,60,-8.378349134,3.741307447,0.610855286,3.818870972,60,0.766669633
507.932,-8.378860509,3.7354032,60,-8.378860509,3.741206155,0.61075443,3.818785818,60,0.766747507
508.133,-8.378860509,3.7354032,60,-8.378860509,3.741104616,0.61065047,3.818698042,60,0.766755457
508.232,-8.378860509,3.7354032,60,-8.378927185,3.74105423,0.610599266,3.818654809,60,0.76676861
508.237,-8.378860509,3.7354032,60,-8.378937423,3.741051647,0.61059668,3.818652626,60,0.766770223
508.432,-8.379513475,3.735211405,60,-8.37943543,3.740950332,0.610495819,3.818567467,60,0.766847019
508.632,-8.379513475,3.735211405,60,-8.379513475,3.740848744,0.610392369,3.818480121,60,0.766866663
508.732,-8.379513475,3.73501961,60,-8.379513475,3.74079816,0.610340643,3.818436448,60,0.766871151
508.735,-8.379513475,3.73501961,60,-8.379513475,3.740796643,0.610339092,3.818435138,60,0.766871286
508.932,-8.379513475,3.73501961,60,-8.379667529,3.740696135,0.610237192,3.818349102,60,0.766901413
509.132,-8.380819407,3.734827815,60,-8.38067503,3.74058931,0.610133733,3.818261749,60,0.767049962
509.232,-8.380819407,3.734827815,60,-8.380819407,3.740537829,0.610082,3.81821807,60,0.767075128
509.237,-8.380819407,3.734827815,60,-8.380819407,3.740535294,0.610079414,3.818215886,60,0.767075394
509.432,-8.380819407,3.73463602,60,-8.380819407,3.740437342,0.609978533,3.81813164,60,0.767089271
509.632,-8.380819407,3.73463602,60,-8.380819407,3.740339404,0.609875067,3.818047912,60,0.767114024
509.732,-8.380819407,3.73463602,60,-8.380819407,3.740290461,0.609823333,3.818006121,60,0.767127042
509.737,-8.380819407,3.73463602,60,-8.380819407,3.740288014,0.609820746,3.818004031,60,0.767127695
509.932,-8.380819407,3.734444224,60,-8.380842457,3.740192362,0.609719866,3.817922539,60,0.76715699
510.132,-8.381472373,3.734252429,60,-8.381469053,3.740090778,0.609616395,3.817838954,60,0.767271363
510.232,-8.381472373,3.734444224,60,-8.381479556,3.740041586,0.609564658,3.81779716,60,0.767287407
510.235,-8.381472373,3.734444224,60,-8.381488955,3.740040059,0.609563106,3.817795906,60,0.767289147
510.432,-8.382125339,3.734252429,60,-8.382098466,3.739939784,0.609461179,3.817713568,60,0.76740285
510.632,-8.382125339,3.734060634,60,-8.382125339,3.739841093,0.609357696,3.817629974,60,0.767437978
510.732,-8.382125339,3.734060634,60,-8.382125339,3.739791788,0.609305954,3.817588176,60,0.767453986
510.737,-8.382125339,3.734060634,60,-8.382125339,3.739789321,0.609303367,3.817586086,60,0.767454794
510.932,-8.382125339,3.733868839,60,-8.382186687,3.739692769,0.609202471,3.817504581,60,0.767495021
511.132,-8.382778305,3.733868839,60,-8.382708218,3.739591084,0.609098984,3.817420983,60,0.767600522
511.232,-8.382778305,3.733677044,60,-8.382778305,3.739541238,0.609047239,3.817379183,60,0.767627449
511.237,-8.382778305,3.733677044,60,-8.382778305,3.739538764,0.609044651,3.817377092,60,0.767628319
511.432,-8.382778305,3.733677044,60,-8.382855916,3.739441823,0.608943747,3.817295581,60,0.767673234
511.632,-8.383431271,3.733677044,60,-8.383352367,3.739339982,0.608840252,3.817211976,60,0.767777701
511.732,-8.383431271,3.733485249,60,-8.383431271,3.739289944,0.608788503,3.817170173,60,0.767807011
511.735,-8.383431271,3.733485249,60,-8.383431271,3.739288456,0.60878695,3.817168918,60,0.767807567
511.932,-8.383431271,3.733293453,60,-8.383431271,3.739190682,0.608685004,3.817086565,60,0.767844356
512.132,-8.383431271,3.733293453,60,-8.383569485,3.73909059,0.608581504,3.817002957,60,0.76790131
512.232,-8.384084237,3.733293453,60,-8.383545105,3.739041029,0.608529754,3.816961152,60,0.767917169
512.237,-8.383431271,3.733293453,60,-8.383538515,3.73903858,0.608527166,3.816959062,60,0.767917224
512.432,-8.384084237,3.733101658,60,-8.384028552,3.7389389,0.608426251,3.816877541,60,0.7680228
512.633,-8.384084237,3.733101658,60,-8.384084237,3.738838524,0.608322226,3.816793508,60,0.768070545
512.732,-8.384084237,3.733101658,60,-8.384103084,3.738789112,0.60827099,3.816752119,60,0.768093062
512.737,-8.384084237,3.733101658,60,-8.384104189,3.738786615,0.608268402,3.816750029,60,0.768094221
512.932,-8.384737204,3.732909863,60,-8.384722114,3.738686005,0.608167479,3.816668502,60,0.768219277
513.132,-8.384737204,3.732909863,60,-8.384737204,3.738586122,0.608063963,3.816584881,60,0.768263077
513.232,-8.384737204,3.732718068,60,-8.384753041,3.738536118,0.608012206,3.81654307,60,0.768286278
513.235,-8.384737204,3.732718068,60,-8.384762139,3.73853457,0.608010653,3.816541816,60,0.768288166
513.432,-8.38539017,3.732718068,60,-8.385389652,3.738432698,0.607908686,3.816459446,60,0.76841668
513.632,-8.386043136,3.732526273,60,-8.385896588,3.738329856,0.607805159,3.816375816,60,0.768530297
513.732,-8.38539017,3.732526273,60,-8.385553308,3.738281703,0.607753396,3.816334,60,0.768505013
513.737,-8.38539017,3.732526273,60,-8.385558035,3.738279175,0.607750808,3.81633191,60,0.768506761
513.932,-8.386043136,3.732526273,60,-8.385910313,3.73817963,0.607649868,3.81625037,60,0.768598446
514.132,-8.38539017,3.732334477,60,-8.385609157,3.738081146,0.607546341,3.816166739,60,0.768601439
514.232,-8.386043136,3.732334477,60,-8.385891953,3.738029506,0.607494577,3.816124923,60,0.768662779
514.237,-8.386043136,3.732334477,60,-8.385904929,3.738026929,0.607491989,3.816122833,60,0.768665695
514.432,-8.386043136,3.732142682,60,-8.386121684,3.737928009,0.607391046,3.81604129,60,0.768739692
514.632,-8.386696102,3.732142682,60,-8.386617574,3.737824966,0.60728751,3.815957652,60,0.768853948
514.732,-8.386696102,3.731950887,60,-8.386696102,3.737774345,0.607235741,3.815915832,60,0.768887979
514.735,-8.386696102,3.732142682,60,-8.386696102,3.737772839,0.607234188,3.815914578,60,0.768888676
514.932,-8.386696102,3.731950887,60,-8.386769014,3.737673539,0.607132201,3.815832192,60,0.768944645
515.132,-8.387349068,3.731950887,60,-8.387283622,3.737570235,0.607028658,3.815748548,60,0.769062768
515.232,-8.387349068,3.731759092,60,-8.387349068,3.737519607,0.606976884,3.815706725,60,0.769095621
515.237,-8.387349068,3.731759092,60,-8.387349068,3.737517094,0.606974295,3.815704634,60,0.769096814
515.432,-8.387349068,3.731759092,60,-8.387349068,3.737419056,0.606873336,3.815623078,60,0.769143421
515.632,-8.387349068,3.731567297,60,-8.387416564,3.737318115,0.606769789,3.815539431,60,0.769200678
515.732,-8.388002034,3.731567297,60,-8.387951684,3.737264856,0.606718013,3.815497606,60,0.769298657
515.737,-8.388002034,3.731567297,60,-8.387981479,3.737262176,0.606715424,3.815495514,60,0.769303976
515.932,-8.388002034,3.731375501,60,-8.388002034,3.737163889,0.606614458,3.815413952,60,0.769354499
516.132,-8.388002034,3.731375501,60,-8.388032008,3.737063021,0.606510902,3.815330299,60,0.769407677
516.232,-8.388655,3.731183706,60,-8.388606257,3.73700948,0.606459122,3.81528847,60,0.769511603
516.235,-8.388655,3.731183706,60,-8.388607909,3.737007958,0.606457569,3.815287216,60,0.769512579
516.432,-8.388655,3.731183706,60,-8.388655,3.736908393,0.606355559,3.815204811,60,0.769568248
516.632,-8.388655,3.730991911,60,-8.388655,3.736807568,0.606251995,3.815121151,60,0.769618239
516.732,-8.388655,3.730991911,60,-8.388712379,3.736756835,0.606200213,3.815079321,60,0.769651183
516.737,-8.388655,3.730991911,60,-8.388723969,3.73675425,0.606197624,3.815077229,60,0.769654035
516.932,-8.389307966,3.730800116,60,-8.389306191,3.736652679,0.606096645,3.814995657,60,0.769783563
517.132,-8.389960932,3.730800116,60,-8.389734958,3.736549335,0.60599307,3.814911988,60,0.769893948
517.232,-8.389307966,3.730800116,60,-8.389534575,3.73649994,0.605941282,3.814870153,60,0.769891963
517.237,-8.389307966,3.730800116,60,-8.389529325,3.736497445,0.605938693,3.814868061,60,0.769892518
517.432,-8.389960932,3.730608321,60,-8.389880002,3.736397041,0.605837706,3.814786483,60,0.769990964
517.632,-8.389960932,3.730416525,60,-8.390116075,3.736294694,0.605734126,3.81470281,60,0.770075265
517.732,-8.390613898,3.73022473,60,-8.390462323,3.73624224,0.605682334,3.814660972,60,0.770149091
517.735,-8.390613898,3.73022473,60,-8.390474066,3.736240659,0.60568078,3.814659717,60,0.770151496
517.932,-8.390613898,3.73022473,60,-8.390613898,3.736140266,0.605578747,3.814577293,60,0.770222457
518.132,-8.390613898,3.73022473,60,-8.390736306,3.736038447,0.605475159,3.814493613,60,0.77029184
518.232,-8.391266864,3.73022473,60,-8.391111258,3.735985792,0.605423363,3.814451772,60,0.770369979
518.237,-8.391266864,3.73022473,60,-8.391133471,3.735983139,0.605420773,3.814449679,60,0.770374366
518.432,-8.390613898,3.73022473,60,-8.390699883,3.735886873,0.605319771,3.814368089,60,0.770365991
518.632,-8.391266864,3.730032935,60,-8.391240642,3.735782718,0.605216179,3.814284406,60,0.770493378
518.732,-8.391266864,3.730032935,60,-8.391268504,3.735731953,0.605164381,3.814242563,60,0.770523767
518.737,-8.391266864,3.730032935,60,-8.391268594,3.735729422,0.605161791,3.814240471,60,0.770525107
518.932,-8.39191983,3.72984114,60,-8.39191252,3.735627139,0.605060781,3.814158874,60,0.770666108
519.133,-8.391266864,3.72984114,60,-8.3913453,3.735527279,0.604956663,3.814073617,60,0.770645868
519.232,-8.39191983,3.729649345,60,-8.391855115,3.735472906,0.604905381,3.81403083,60,0.770747931
519.235,-8.39191983,3.729649345,60,-8.391857384,3.73547133,0.604903827,3.814029534,60,0.770749213
519.433,-8.39191983,3.729649345,60,-8.39191983,3.735367758,0.60480126,3.813943958,60,0.770821985
519.632,-8.39191983,3.729457549,60,-8.392038825,3.73526329,0.604698173,3.813857949,60,0.770903413
519.732,-8.392572796,3.729457549,60,-8.392443792,3.73520885,0.604646369,3.813814728,60,0.770992339
519.737,-8.392572796,3.729457549,60,-8.392453141,3.735206187,0.604643779,3.813812566,60,0.770995293
519.932,-8.392572796,3.729265754,60,-8.392572796,3.735103631,0.604542758,3.813728281,60,0.77107689
520.132,-8.392572796,3.729265754,60,-8.392726944,3.734998215,0.604439145,3.813641833,60,0.7711654
520.232,-8.393225762,3.729265754,60,-8.393069051,3.734944008,0.604387337,3.813598608,60,0.771246577
520.237,-8.393225762,3.729265754,60,-8.393084006,3.734941308,0.604384747,3.813596447,60,0.771250348
520.432,-8.393225762,3.729073959,60,-8.393304447,3.734837982,0.604283717,3.813512155,60,0.771347619
520.632,-8.393878728,3.728882164,60,-8.393650621,3.734731257,0.604180094,3.813425698,60,0.771464689
520.732,-8.393225762,3.729073959,60,-8.393441404,3.734679982,0.604128282,3.813382469,60,0.77147056
520.735,-8.393225762,3.729073959,60,-8.39343244,3.734678459,0.604126727,3.813381172,60,0.771470365
520.932,-8.393878728,3.728882164,60,-8.393877716,3.734572695,0.604024657,3.813296012,60,0.771600636
521.132,-8.394531694,3.728690369,60,-8.394475311,3.734464391,0.603921025,3.813209548,60,0.771754018
521.232,-8.394531694,3.728690369,60,-8.394531694,3.734411536,0.603869207,3.813166314,60,0.771797523
521.237,-8.394531694,3.728690369,60,-8.394531694,3.734408909,0.603866616,3.813164153,60,0.77179931
521.432,-8.394531694,3.728498573,60,-8.394531694,3.734306424,0.603765571,3.813079847,60,0.771869152
521.632,-8.394531694,3.728498573,60,-8.394531694,3.734201286,0.603661935,3.81299338,60,0.771940994
521.732,-8.394531694,3.728498573,60,-8.394531694,3.734148708,0.603610117,3.812950146,60,0.771976992
521.737,-8.394531694,3.728498573,60,-8.394539564,3.734146035,0.603607526,3.812947985,60,0.771979883
521.932,-8.395184661,3.728306778,60,-8.395171664,3.73403996,0.603506476,3.812863676,60,0.77213797
522.132,-8.395184661,3.728306778,60,-8.395246753,3.733934244,0.603402832,3.812777202,60,0.772221506
522.232,-8.395837627,3.728114983,60,-8.395702836,3.733879052,0.603351008,3.812733963,60,0.772321355
522.235,-8.395184661,3.728114983,60,-8.395693566,3.733877522,0.603349453,3.812732666,60,0.772321184
522.433,-8.395837627,3.728114983,60,-8.395782213,3.73377269,0.60324684,3.812647052,60,0.772406618
522.632,-8.395837627,3.727923188,60,-8.395965531,3.733666757,0.603143706,3.812561004,60,0.772505953
522.732,-8.396490593,3.727923188,60,-8.396289244,3.733612223,0.603091878,3.812517762,60,0.772588095
522.737,-8.396490593,3.727923188,60,-8.396289007,3.733609586,0.603089286,3.8125156,60,0.772589939
522.932,-8.395837627,3.727923188,60,-8.395989065,3.733508356,0.602988222,3.812431278,60,0.772621492
523.132,-8.396490593,3.727731393,60,-8.396412349,3.733400494,0.602884565,3.812344794,60,0.772755034
523.232,-8.396490593,3.727731393,60,-8.396490593,3.733347271,0.602832735,3.81230155,60,0.772803562
523.237,-8.396490593,3.727731393,60,-8.396490593,3.733344631,0.602830144,3.812299388,60,0.772805449
523.432,-8.396490593,3.727539597,60,-8.396568088,3.733241243,0.602729074,3.812215062,60,0.772889823
523.633,-8.397143559,3.727347802,60,-8.397070857,3.73313229,0.602624892,3.812128139,60,0.773035734
523.732,-8.397143559,3.727347802,60,-8.397208895,3.733079201,0.602573576,3.812085325,60,0.773092668
523.735,-8.397143559,3.727347802,60,-8.397211967,3.733077598,0.602572021,3.812084027,60,0.773094241
523.932,-8.397796525,3.727156007,60,-8.397733183,3.732970545,0.602469903,3.811998827,60,0.773242075
524.132,-8.397796525,3.727156007,60,-8.397796525,3.732864371,0.602366227,3.811912326,60,0.773328151
524.232,-8.397796525,3.727156007,60,-8.397796525,3.732811457,0.602314389,3.811869076,60,0.773366828
524.237,-8.397796525,3.727156007,60,-8.397796525,3.732808812,0.602311797,3.811866913,60,0.773368762
524.432,-8.397796525,3.726964212,60,-8.397824809,3.732705474,0.602210712,3.811782575,60,0.77344809
524.632,-8.398449491,3.726964212,60,-8.398421202,3.732596313,0.602107032,3.811696071,60,0.773608342
524.732,-8.397796525,3.726964212,60,-8.397801036,3.732546786,0.602055192,3.811652819,60,0.773561452
524.737,-8.398449491,3.726964212,60,-8.39783469,3.732543954,0.6020526,3.811650656,60,0.773568045
524.932,-8.398449491,3.726772417,60,-8.398470636,3.732437196,0.601951509,3.811566313,60,0.773732069
525.132,-8.399102457,3.726772417,60,-8.399064251,3.732327949,0.60184782,3.811479802,60,0.77389269
525.232,-8.399102457,3.726580622,60,-8.399102457,3.732274725,0.601795974,3.811436545,60,0.773937431
525.235,-8.399102457,3.726580622,60,-8.399102457,3.732273134,0.601794419,3.811435247,60,0.773938615
525.432,-8.399102457,3.726580622,60,-8.399102457,3.732168699,0.601692282,3.81135003,60,0.774016321
525.632,-8.399102457,3.726388826,60,-8.399102457,3.73206268,0.601588589,3.811263516,60,0.774095158
525.732,-8.399102457,3.726388826,60,-8.399102457,3.732009673,0.601536743,3.811220259,60,0.774134555
525.737,-8.399102457,3.726388826,60,-8.399102457,3.732007023,0.60153415,3.811218096,60,0.774136525
525.932,-8.399102457,3.726197031,60,-8.399179121,3.73190324,0.60143305,3.811133744,60,0.77422394
526.132,-8.399755423,3.726197031,60,-8.399834256,3.731793573,0.601329353,3.811047226,60,0.774393786
526.232,-8.400408389,3.726005236,60,-8.400250788,3.731738206,0.6012775,3.811003964,60,0.774491381
526.237,-8.400408389,3.726005236,60,-8.400267721,3.731735458,0.601274908,3.811001801,60,0.774495728
526.432,-8.400408389,3.726005236,60,-8.400408389,3.731631141,0.601173792,3.810917437,60,0.774593415
526.632,-8.400408389,3.726005236,60,-8.400408389,3.73152495,0.601070083,3.810830909,60,0.774673586
526.732,-8.400408389,3.725813441,60,-8.400470021,3.731471518,0.601018229,3.810787645,60,0.774722185
526.735,-8.400408389,3.725813441,60,-8.400472791,3.73146991,0.601016673,3.810786347,60,0.77472377
526.932,-8.401061355,3.725621646,60,-8.401002751,3.731362361,0.600914516,3.810701114,60,0.77487638
527.132,-8.401061355,3.725621646,60,-8.401061355,3.731255774,0.6008108,3.810614579,60,0.774965226
527.232,-8.401061355,3.725621646,60,-8.401085284,3.731202513,0.600758941,3.810571312,60,0.775008877
527.237,-8.401061355,3.725621646,60,-8.401086719,3.731199849,0.600756348,3.810569149,60,0.775011093
527.433,-8.401714321,3.72542985,60,-8.401696478,3.731092321,0.600654702,3.810484342,60,0.775174908
527.632,-8.401714321,3.72542985,60,-8.401714321,3.730986418,0.600551496,3.810398233,60,0.775258247
527.732,-8.401714321,3.72542985,60,-8.401724334,3.730933201,0.600499633,3.810354963,60,0.775300227
527.737,-8.401714321,3.72542985,60,-8.401739645,3.730930458,0.60049704,3.810352799,60,0.77530438
527.932,-8.402367287,3.725238055,60,-8.402337503,3.730823462,0.600395904,3.810268418,60,0.775466653
528.132,-8.402367287,3.72504626,60,-8.402367287,3.730716897,0.600292171,3.81018187,60,0.775552537
528.232,-8.402367287,3.72504626,60,-8.402367287,3.730663703,0.600240305,3.810138596,60,0.775593365
528.235,-8.402367287,3.72504626,60,-8.402367287,3.730662108,0.600238749,3.810137298,60,0.775594589
528.432,-8.402367287,3.724854465,60,-8.402367287,3.73055733,0.600136572,3.810052048,60,0.775674901
528.632,-8.402367287,3.724854465,60,-8.402509531,3.730450185,0.600032839,3.8099655,60,0.775776054
528.732,-8.403020253,3.724854465,60,-8.402871943,3.730394787,0.59998097,3.809922039,60,0.775873613
528.737,-8.403020253,3.724854465,60,-8.402884259,3.730392031,0.599978377,3.80991985,60,0.775878255
528.932,-8.403020253,3.72466267,60,-8.403020253,3.730286411,0.59987723,3.809834475,60,0.776011663
529.132,-8.403020253,3.724470874,60,-8.403335626,3.730177101,0.599773488,3.80974691,60,0.776172992
529.232,-8.404326185,3.724470874,60,-8.404013571,3.730119536,0.599721613,3.809703125,60,0.776326146
529.237,-8.404326185,3.724470874,60,-8.404049417,3.730116645,0.599719019,3.809700935,60,0.776334084
529.432,-8.404326185,3.724279079,60,-8.404326185,3.730010055,0.599617857,3.809615548,60,0.776488559
529.633,-8.404326185,3.724279079,60,-8.404326185,3.729901753,0.599513581,3.809527532,60,0.776608255
529.732,-8.404326185,3.724279079,60,-8.404383524,3.729848096,0.599462221,3.809484181,60,0.776675145
529.735,-8.404326185,3.724279079,60,-8.404385993,3.729846466,0.599460665,3.809482867,60,0.776677274
529.932,-8.404979151,3.724087284,60,-8.404925874,3.72973731,0.59935846,3.8093966,60,0.776869755
530.132,-8.404979151,3.724087284,60,-8.404902268,3.729629599,0.599254695,3.809309015,60,0.776986178
530.232,-8.404326185,3.724087284,60,-8.404402939,3.729578454,0.599202815,3.809265225,60,0.776976551
530.237,-8.404326185,3.724087284,60,-8.404374739,3.729575915,0.599200221,3.809263035,60,0.77697562
530.432,-8.404979151,3.724087284,60,-8.404967047,3.729467575,0.599099053,3.809177643,60,0.777173976
530.632,-8.404979151,3.723895489,60,-8.404979151,3.72935969,0.598995288,3.809090059,60,0.777295153
530.732,-8.404979151,3.723703694,60,-8.404997507,3.729305683,0.598943406,3.809046267,60,0.77735743
530.737,-8.404979151,3.723703694,60,-8.40501231,3.729302906,0.598940811,3.809044077,60,0.777362474
530.932,-8.405632118,3.723703694,60,-8.405594831,3.729194541,0.598839636,3.808958679,60,0.777560108
531.132,-8.405632118,3.723511898,60,-8.405632118,3.729086438,0.598735863,3.808871087,60,0.777685397
531.232,-8.405632118,3.723511898,60,-8.405687524,3.729032187,0.598683977,3.808827291,60,0.777753129
531.235,-8.405632118,3.723511898,60,-8.405694814,3.729030528,0.59868242,3.808825978,60,0.777755943
531.432,-8.406285084,3.723320103,60,-8.406217215,3.72892134,0.598580199,3.808739697,60,0.777947036
531.632,-8.406285084,3.723320103,60,-8.406285084,3.728812997,0.598476418,3.808652099,60,0.778077129
531.732,-8.406285084,3.723320103,60,-8.406356428,3.728758622,0.598424527,3.808608299,60,0.778147355
531.737,-8.406285084,3.723320103,60,-8.406365481,3.728755873,0.598421933,3.808606109,60,0.778151629
531.932,-8.40693805,3.723320103,60,-8.406857298,3.728647864,0.598320742,3.808520698,60,0.77833782
532.133,-8.40693805,3.723128308,60,-8.407095517,3.72853797,0.598216434,3.808432655,60,0.77849274
532.232,-8.407591016,3.722936513,60,-8.407435608,3.728482598,0.598165056,3.808389288,60,0.778600133
532.237,-8.407591016,3.722936513,60,-8.407454712,3.72847979,0.598162461,3.808387098,60,0.778605829
532.433,-8.407591016,3.722936513,60,-8.407591016,3.728373087,0.59806074,3.808301239,60,0.778744123
532.632,-8.407591016,3.722744718,60,-8.407591016,3.728265527,0.597957461,3.808214065,60,0.778865194
532.732,-8.407591016,3.722744718,60,-8.407591016,3.728211484,0.597905563,3.808170259,60,0.778925968
532.735,-8.407591016,3.722744718,60,-8.407591016,3.728209863,0.597904006,3.808168945,60,0.778927791
532.932,-8.407591016,3.722552922,60,-8.407591016,3.728103413,0.597801765,3.808082647,60,0.779047392
533.132,-8.407591016,3.722552922,60,-8.407653619,3.727995015,0.597697968,3.807995035,60,0.779177374
533.232,-8.408243982,3.722552922,60,-8.408198964,3.727937967,0.597646067,3.807951228,60,0.779313928
533.237,-8.408243982,3.722552922,60,-8.408229089,3.727935099,0.597643472,3.807949037,60,0.779321154
533.432,-8.408243982,3.722361127,60,-8.408246659,3.727829573,0.597542262,3.807863609,60,0.779442441
533.633,-8.408896948,3.722169332,60,-8.408876385,3.727717399,0.597437933,3.807775549,60,0.779652757
533.732,-8.408896948,3.722169332,60,-8.408923051,3.72766358,0.597386545,3.807732174,60,0.779719862
533.737,-8.408896948,3.722169332,60,-8.408937347,3.727660796,0.59738395,3.807729984,60,0.779724911
533.932,-8.409549914,3.721977537,60,-8.40950572,3.727552131,0.597282728,3.807644546,60,0.779923605
534.132,-8.409549914,3.721977537,60,-8.409549914,3.727443614,0.597178906,3.807556914,60,0.780052707
534.232,-8.409549914,3.721785742,60,-8.409549914,3.727389486,0.597126996,3.807513097,60,0.780114126
534.235,-8.409549914,3.721785742,60,-8.409549914,3.727387862,0.597125438,3.807511783,60,0.780115968
534.433,-8.409549914,3.721785742,60,-8.409549914,3.727280708,0.597022655,3.807425027,60,0.78023741
534.632,-8.409549914,3.721785742,60,-8.409549914,3.727173035,0.596919352,3.807337833,60,0.780359267
534.732,-8.409549914,3.721785742,60,-8.409622267,3.727118536,0.596867441,3.807294017,60,0.780430513
534.737,-8.409549914,3.721785742,60,-8.409630813,3.727115784,0.596864846,3.807291826,60,0.780434761
534.932,-8.41020288,3.721593946,60,-8.41012196,3.727007553,0.596763616,3.807206381,60,0.780622635
535.132,-8.41020288,3.721593946,60,-8.410357127,3.726897989,0.596659786,3.807118742,60,0.780778225
535.232,-8.410855846,3.721402151,60,-8.410772446,3.726841549,0.596607869,3.80707492,60,0.780897606
535.237,-8.410855846,3.721402151,60,-8.410798018,3.7268387,0.596605273,3.807072729,60,0.780904249
535.432,-8.411508812,3.721210356,60,-8.411369287,3.72672988,0.596504028,3.806987272,60,0.781104446
535.632,-8.410855846,3.721210356,60,-8.411034826,3.72662335,0.596400186,3.806899622,60,0.781181538
535.732,-8.411508812,3.721210356,60,-8.410937767,3.726569727,0.596348266,3.806855799,60,0.781229651
535.735,-8.410855846,3.721210356,60,-8.410934676,3.72656812,0.596346709,3.806854484,60,0.781231069
535.932,-8.411508812,3.721018561,60,-8.411508199,3.72645826,0.596244424,3.806768149,60,0.781432342
536.132,-8.412161778,3.720826766,60,-8.412138196,3.726346384,0.596140575,3.806680493,60,0.781643981
536.232,-8.412161778,3.720826766,60,-8.412161778,3.726292032,0.596088648,3.806636664,60,0.781709367
536.237,-8.412161778,3.720826766,60,-8.412160252,3.726289329,0.596086051,3.806634472,60,0.781712259
536.432,-8.411508812,3.720826766,60,-8.41152239,3.72618718,0.595984798,3.806549008,60,0.781743953
536.632,-8.412161778,3.720634971,60,-8.412135825,3.726075464,0.595880948,3.806461352,60,0.78195273
536.732,-8.412161778,3.720634971,60,-8.412195034,3.726020949,0.595829021,3.806417522,60,0.782022797
536.737,-8.412161778,3.720634971,60,-8.412208823,3.726018163,0.595826425,3.80641533,60,0.78202781
536.932,-8.412814744,3.720443175,60,-8.412764238,3.725909404,0.595725163,3.806329859,60,0.782225976
537.132,-8.412814744,3.720443175,60,-8.41293684,3.725800011,0.595621301,3.806242193,60,0.782374157
537.232,-8.41346771,3.72025138,60,-8.413336043,3.725743577,0.595569368,3.806198358,60,0.782491955
537.235,-8.41346771,3.72025138,60,-8.413341851,3.725741918,0.59556781,3.806197043,60,0.782494634
537.432,-8.41346771,3.72025138,60,-8.41346771,3.725634351,0.595465499,3.806110685,60,0.782634888
537.633,-8.41346771,3.720059585,60,-8.41346771,3.725525331,0.595361109,3.806022574,60,0.782759888
537.732,-8.41346771,3.72025138,60,-8.41346771,3.725471646,0.595309694,3.805979175,60,0.78282136
537.737,-8.41346771,3.72025138,60,-8.41346771,3.725468935,0.595307097,3.805976984,60,0.782824463
537.932,-8.41346771,3.720059585,60,-8.413546192,3.725362778,0.595205823,3.805891502,60,0.782956327
538.132,-8.414120676,3.71986779,60,-8.414045282,3.725251572,0.595101949,3.805803826,60,0.7831501
538.232,-8.414120676,3.719675995,60,-8.414120676,3.725196912,0.595050011,3.805759986,60,0.783222822
538.237,-8.414120676,3.719675995,60,-8.414120676,3.7251942,0.595047414,3.805757794,60,0.783225932
538.432,-8.414120676,3.71986779,60,-8.414185855,3.725090127,0.594946132,3.805674383,60,0.783349276
538.632,-8.414773642,3.719675995,60,-8.414718997,3.724982669,0.59484225,3.805590706,60,0.783534504
538.732,-8.414773642,3.719484199,60,-8.414814569,3.724929878,0.594790307,3.805548865,60,0.783603291
538.735,-8.414773642,3.719675995,60,-8.414816134,3.724928301,0.594788749,3.80554761,60,0.783605173
538.932,-8.415426608,3.719484199,60,-8.415392841,3.724822158,0.594686417,3.805465181,60,0.783794886
539.132,-8.415426608,3.719484199,60,-8.415426608,3.724717444,0.594582523,3.805381494,60,0.783910445
539.232,-8.415426608,3.719292404,60,-8.415426608,3.724665204,0.594530576,3.805339651,60,0.783965675
539.237,-8.415426608,3.719292404,60,-8.415426608,3.724662593,0.594527979,3.805337559,60,0.783968432
539.432,-8.415426608,3.719100609,60,-8.415442172,3.724560685,0.594426682,3.805255964,60,0.784077907
539.632,-8.416079574,3.719100609,60,-8.416046075,3.724452933,0.594322784,3.805172273,60,0.784272138
539.732,-8.416079574,3.718908814,60,-8.416079574,3.724400531,0.594270833,3.805130426,60,0.784331829
539.737,-8.416079574,3.718908814,60,-8.416079574,3.72439792,0.594268235,3.805128334,60,0.784334575
539.932,-8.416079574,3.718908814,60,-8.416079574,3.724296136,0.594166931,3.805046733,60,0.784441507
540.132,-8.416079574,3.718908814,60,-8.416210193,3.724191076,0.594063028,3.804963039,60,0.784568965
540.232,-8.416732541,3.718908814,60,-8.416593666,3.72413679,0.594011075,3.80492119,60,0.784677115
540.235,-8.416732541,3.718717019,60,-8.416600066,3.72413519,0.594009516,3.804919935,60,0.78467965
540.432,-8.416732541,3.718717019,60,-8.416732541,3.724031668,0.593907165,3.80483749,60,0.784805822
540.632,-8.416732541,3.718717019,60,-8.41688955,3.723926489,0.593803254,3.80475379,60,0.784936689
540.732,-8.417385507,3.718525223,60,-8.417227687,3.723872467,0.593751297,3.804711938,60,0.785038389
540.737,-8.417385507,3.718525223,60,-8.417243961,3.723869769,0.593748699,3.804709845,60,0.78504339
540.932,-8.417385507,3.718333428,60,-8.417462993,3.723766837,0.593647379,3.804628232,60,0.785180313
541.132,-8.418038473,3.718333428,60,-8.417965387,3.723659733,0.593543457,3.804544522,60,0.78535955
541.232,-8.418038473,3.718141633,60,-8.418038473,3.723607156,0.593491494,3.804502665,60,0.785424327
541.237,-8.418038473,3.718141633,60,-8.418038473,3.723604547,0.593488895,3.804500572,60,0.785427055
541.432,-8.418038473,3.718141633,60,-8.418099371,3.723502504,0.593387567,3.804418952,60,0.785541697
541.632,-8.418691439,3.717949838,60,-8.418544284,3.723395743,0.593283637,3.804335236,60,0.78571265
541.732,-8.418038473,3.717949838,60,-8.418156774,3.723345737,0.593231672,3.804293378,60,0.785712786
541.735,-8.418038473,3.717949838,60,-8.418141545,3.723344257,0.593230113,3.804292122,60,0.785712286
541.932,-8.418691439,3.717949838,60,-8.418665351,3.723238698,0.593127741,3.804209661,60,0.785892033
542.132,-8.418691439,3.717758043,60,-8.418704245,3.72313424,0.593023807,3.804125941,60,0.786005652
542.232,-8.419344405,3.717758043,60,-8.419335918,3.723078632,0.592971837,3.80408408,60,0.786148057
542.237,-8.419344405,3.717758043,60,-8.419336363,3.723076023,0.592969239,3.804081987,60,0.786150836
542.432,-8.419344405,3.717566247,60,-8.419344405,3.722974305,0.592867895,3.804000354,60,0.786257712
542.632,-8.419344405,3.717374452,60,-8.419344405,3.722870074,0.592763952,3.803916628,60,0.786365774
542.732,-8.419344405,3.717374452,60,-8.419390184,3.722817723,0.592711981,3.803874765,60,0.786426052
542.737,-8.419344405,3.717374452,60,-8.419402957,3.722815048,0.592709382,3.803872671,60,0.786430531
542.932,-8.419997371,3.717374452,60,-8.419936023,3.722710506,0.592608034,3.803791035,60,0.786610214
543.132,-8.419997371,3.717182657,60,-8.419997371,3.722605947,0.592504084,3.803707303,60,0.786726691
543.232,-8.419997371,3.717182657,60,-8.420066553,3.72255347,0.592452109,3.803665436,60,0.7867902
543.236,-8.419997371,3.717182657,60,-8.42007457,3.722551342,0.59245003,3.803663762,60,0.786793473
543.432,-8.420650337,3.716990862,60,-8.420571591,3.722446483,0.592348154,3.8035817,60,0.786968582
543.633,-8.420650337,3.716990862,60,-8.420809738,3.72234043,0.592243675,3.803497542,60,0.787110267
543.732,-8.421303303,3.716799067,60,-8.421144416,3.72228699,0.592192214,3.80345609,60,0.787210522
543.737,-8.421303303,3.716799067,60,-8.421161854,3.722284287,0.592189615,3.803453996,60,0.787215664
543.932,-8.421303303,3.716799067,60,-8.421303303,3.722181862,0.592088248,3.803372345,60,0.787340826
544.133,-8.421303303,3.716799067,60,-8.421303303,3.722077128,0.591983761,3.80328818,60,0.787449106
544.232,-8.421303303,3.716607271,60,-8.421359495,3.722025249,0.591932297,3.803246726,60,0.787510165
544.237,-8.421303303,3.716607271,60,-8.421363643,3.722022621,0.591929698,3.803244632,60,0.787513431
544.432,-8.421956269,3.716415476,60,-8.421898793,3.721918082,0.591828327,3.803162977,60,0.787693201
544.633,-8.421956269,3.716415476,60,-8.421956269,3.721813036,0.591723832,3.803078806,60,0.787809423
544.732,-8.421956269,3.716415476,60,-8.421956269,3.721761468,0.591672365,3.803037349,60,0.787862588
544.736,-8.421956269,3.716415476,60,-8.421956269,3.721759384,0.591670285,3.803035674,60,0.787864736
544.933,-8.421956269,3.716223681,60,-8.421970981,3.721656722,0.59156787,3.802953178,60,0.787972296
545.132,-8.422609235,3.716223681,60,-8.422600226,3.721549623,0.591464411,3.802869842,60,0.788167008
545.232,-8.421956269,3.716031886,60,-8.422011472,3.721500799,0.591412422,3.802827964,60,0.78813812
545.237,-8.422609235,3.716031886,60,-8.422043808,3.721498018,0.591409822,3.80282587,60,0.788145307
545.433,-8.422609235,3.716031886,60,-8.422643446,3.721392675,0.591307921,3.802743788,60,0.788334043
545.632,-8.423262201,3.715840091,60,-8.423215113,3.721285885,0.591204454,3.802660445,60,0.788520666
545.732,-8.423262201,3.715840091,60,-8.423262201,3.721233532,0.591152458,3.802618562,60,0.788580936
545.737,-8.423262201,3.715840091,60,-8.423262201,3.721230928,0.591149859,3.802616468,60,0.788583616
545.932,-8.423262201,3.715840091,60,-8.423326431,3.721129018,0.591048467,3.802534797,60,0.788697059
546.132,-8.423915167,3.715648295,60,-8.42369889,3.721022803,0.590944473,3.802451029,60,0.788856386
546.232,-8.423262201,3.715840091,60,-8.423483287,3.720971919,0.590892475,3.802409145,60,0.788879667
546.236,-8.423262201,3.715840091,60,-8.423480782,3.720969851,0.590890395,3.80240747,60,0.788881446
546.432,-8.423915167,3.715648295,60,-8.423835268,3.720865868,0.59078848,3.802325376,60,0.789035685
546.633,-8.423915167,3.7154565,60,-8.424073798,3.720759906,0.590683961,3.802241186,60,0.789176424
546.732,-8.424568133,3.715264705,60,-8.424410944,3.720706495,0.590632479,3.802199717,60,0.789276615
546.737,-8.424568133,3.7154565,60,-8.424429382,3.720703789,0.590629879,3.802197623,60,0.789281877
546.933,-8.424568133,3.715264705,60,-8.424641023,3.720600533,0.590527953,3.80211552,60,0.789416538
547.133,-8.425221099,3.71507291,60,-8.425155688,3.720493507,0.590423942,3.802031739,60,0.789595946
547.232,-8.425221099,3.714881115,60,-8.425221099,3.720441561,0.590372454,3.801990266,60,0.789658293
547.237,-8.425221099,3.714881115,60,-8.425221099,3.720438956,0.590369854,3.801988171,60,0.789660979
547.433,-8.425221099,3.714881115,60,-8.425221099,3.720336852,0.590267919,3.801906062,60,0.78976604
547.632,-8.425221099,3.714689319,60,-8.425293347,3.720232827,0.590164424,3.801822696,60,0.789882516
547.732,-8.425874065,3.714689319,60,-8.425818527,3.72017785,0.590112414,3.801780802,60,0.790009644
547.735,-8.425874065,3.714881115,60,-8.425836206,3.72017619,0.590110854,3.801779546,60,0.790013728
547.932,-8.425874065,3.714689319,60,-8.425882848,3.720073299,0.590008391,3.801697011,60,0.790125908
548.133,-8.426527031,3.714689319,60,-8.42648162,3.719955713,0.589903844,3.801603259,60,0.790342875
548.232,-8.425874065,3.714689319,60,-8.42591789,3.719902158,0.589852351,3.801556672,60,0.790330075
548.237,-8.425874065,3.714689319,60,-8.425915442,3.719899313,0.58984975,3.801554319,60,0.790333053
548.433,-8.425874065,3.714497524,60,-8.425915029,3.719787294,0.589747807,3.80146209,60,0.790462874
548.633,-8.426527031,3.714305729,60,-8.426582641,3.719669373,0.58964378,3.801367975,60,0.790688455
548.732,-8.427179998,3.714305729,60,-8.427061736,3.719610176,0.589592282,3.801321384,60,0.790821009
548.738,-8.427179998,3.714305729,60,-8.427071469,3.719606694,0.589589161,3.801318561,60,0.790826337
548.933,-8.427179998,3.714113934,60,-8.427179998,3.719494721,0.589487723,3.801226788,60,0.790970035
549.132,-8.427179998,3.714113934,60,-8.427329226,3.719380345,0.589384204,3.801133133,60,0.7911212
549.232,-8.427832964,3.714113934,60,-8.427679421,3.719321371,0.589332182,3.801086068,60,0.791235611
549.235,-8.427832964,3.714113934,60,-8.427687603,3.719319615,0.589330622,3.801084656,60,0.791238718
549.432,-8.427832964,3.713922139,60,-8.427832964,3.719206465,0.589228135,3.800991935,60,0.791387434
549.633,-8.427832964,3.713922139,60,-8.427832964,3.719091938,0.589123568,3.800897332,60,0.791517493
549.732,-8.427832964,3.713922139,60,-8.427584371,3.719036948,0.589072065,3.800850736,60,0.791546259
549.737,-8.427179998,3.713922139,60,-8.427562558,3.719034222,0.589069464,3.800848383,60,0.791546405
549.933,-8.42848593,3.713730344,60,-8.428273202,3.718918781,0.588967497,3.800756133,60,0.791771701
550.133,-8.427832964,3.713538548,60,-8.428141261,3.718805744,0.588863445,3.800661995,60,0.791880918
550.232,-8.429138896,3.713346753,60,-8.428907013,3.718745224,0.588811938,3.800615396,60,0.792051552
550.237,-8.429138896,3.713346753,60,-8.428957213,3.718742104,0.588809336,3.800613042,60,0.79206179
550.433,-8.429138896,3.713346753,60,-8.429096503,3.718629837,0.588707355,3.800520778,60,0.792206566
550.633,-8.42848593,3.713346753,60,-8.428564922,3.718519128,0.588603295,3.800426634,60,0.792258557
550.732,-8.429138896,3.713154958,60,-8.429109688,3.718459915,0.588551786,3.800380033,60,0.792397409
550.735,-8.429138896,3.713154958,60,-8.429128504,3.718458108,0.588550225,3.800378621,60,0.792401941
550.933,-8.429791862,3.713154958,60,-8.429788127,3.718342004,0.588447198,3.800285411,60,0.792619649
551.133,-8.429791862,3.712963163,60,-8.429791862,3.718228405,0.588343127,3.800191256,60,0.79274623
551.232,-8.429791862,3.712963163,60,-8.429820272,3.718172059,0.588291611,3.800144649,60,0.792812356
551.237,-8.429791862,3.712963163,60,-8.429834326,3.718169145,0.588289009,3.800142295,60,0.792817463
551.433,-8.430444828,3.712771368,60,-8.430396556,3.718054817,0.588187015,3.80005002,60,0.79301933
551.633,-8.430444828,3.712771368,60,-8.430324549,3.717941742,0.588082936,3.799955858,60,0.793134301
551.732,-8.429791862,3.712771368,60,-8.429979152,3.717887529,0.588031419,3.799909249,60,0.793147263
551.737,-8.429791862,3.712579572,60,-8.429981236,3.717884685,0.588028817,3.799906895,60,0.793150647
551.933,-8.430444828,3.712579572,60,-8.430371051,3.717771506,0.587926823,3.79981462,60,0.79332663
552.133,-8.430444828,3.712579572,60,-8.430444828,3.717657826,0.587822743,3.799720457,60,0.793460421
552.232,-8.430444828,3.712387777,60,-8.430518508,3.717601373,0.587771224,3.799673847,60,0.793531676
552.236,-8.430444828,3.712387777,60,-8.430525312,3.717599071,0.587769142,3.799671964,60,0.793535091
552.432,-8.431097794,3.712387777,60,-8.431095793,3.71748497,0.58766714,3.799579681,60,0.79373581
552.633,-8.43175076,3.712195982,60,-8.431675118,3.717367953,0.587562528,3.799485037,60,0.793941112
552.732,-8.43175076,3.712195982,60,-8.43175076,3.717311472,0.587511001,3.79943842,60,0.794012744
552.737,-8.43175076,3.712195982,60,-8.43175076,3.71730864,0.587508398,3.799436065,60,0.794015823
552.932,-8.43175076,3.712004187,60,-8.431818132,3.717197885,0.587406905,3.799344243,60,0.794145046
553.133,-8.432403726,3.711812392,60,-8.432347667,3.717081206,0.587302285,3.799249591,60,0.794342786
553.232,-8.432403726,3.711812392,60,-8.432443713,3.717024642,0.587250753,3.79920297,60,0.79441701
553.237,-8.432403726,3.711812392,60,-8.432446326,3.717021797,0.587248151,3.799200615,60,0.794420444
553.433,-8.433056692,3.711812392,60,-8.43302037,3.716907695,0.587146125,3.799108312,60,0.794621405
553.633,-8.433056692,3.711620596,60,-8.433056692,3.7167943,0.587042013,3.79901412,60,0.79474904
553.732,-8.433056692,3.711620596,60,-8.433056692,3.716738294,0.586990478,3.798967495,60,0.794809495
553.736,-8.433056692,3.711620596,60,-8.433056692,3.716736032,0.586988396,3.798965612,60,0.794811936
553.932,-8.433056692,3.711620596,60,-8.433056692,3.716625203,0.586886366,3.798873304,60,0.794931168
554.132,-8.433056692,3.711428801,60,-8.433113762,3.716511862,0.586782254,3.798779112,60,0.795060326
554.232,-8.433709658,3.711237006,60,-8.43363601,3.716452471,0.586730196,3.798732015,60,0.795194376
554.237,-8.433709658,3.711237006,60,-8.433640413,3.71644962,0.586727593,3.79872966,60,0.795198033
554.433,-8.433709658,3.711237006,60,-8.433709658,3.716338457,0.586625556,3.798637345,60,0.79532656
554.633,-8.433709658,3.711045211,60,-8.433838926,3.716224757,0.586521436,3.798543146,60,0.795465511
554.732,-8.434362624,3.711045211,60,-8.434227068,3.716166689,0.586469895,3.798496516,60,0.795579923
554.737,-8.434362624,3.711045211,60,-8.434237178,3.716163808,0.586467291,3.798494161,60,0.795584372
554.933,-8.434362624,3.711045211,60,-8.434362624,3.716052376,0.586365246,3.798401839,60,0.795720419
555.133,-8.434362624,3.710853416,60,-8.434362624,3.715939429,0.586261118,3.798307634,60,0.79584077
555.232,-8.434362624,3.710853416,60,-8.434674926,3.715881811,0.586209574,3.798261001,60,0.795944211
555.235,-8.43501559,3.71027803,60,-8.434695188,3.715880005,0.586208012,3.798259588,60,0.795948867
555.433,-8.43501559,3.71066162,60,-8.43501559,3.715766411,0.586104919,3.798166317,60,0.796113214
555.632,-8.43501559,3.71066162,60,-8.435164967,3.71565323,0.586001303,3.798072575,60,0.79625372
555.732,-8.435668556,3.710469825,60,-8.435161102,3.715596801,0.585949234,3.798025467,60,0.796313142
555.738,-8.43501559,3.710469825,60,-8.435151829,3.715593466,0.58594611,3.798022641,60,0.796315434
555.933,-8.435668556,3.710469825,60,-8.435604604,3.715480905,0.585844573,3.797930779,60,0.79649599
556.132,-8.435668556,3.71027803,60,-8.435668556,3.715368228,0.58574095,3.79783703,60,0.796624132
556.232,-8.435668556,3.71027803,60,-8.435702053,3.715311617,0.585688878,3.797789919,60,0.796688578
556.237,-8.435668556,3.71027803,60,-8.435704162,3.715308784,0.585686274,3.797787564,60,0.796691861
556.433,-8.436321522,3.710086235,60,-8.436292728,3.715194936,0.585584209,3.797695224,60,0.796891938
556.633,-8.436321522,3.710086235,60,-8.436340417,3.715081801,0.585480057,3.797600996,60,0.797018177
556.732,-8.436974488,3.70989444,60,-8.43697033,3.715022453,0.5854285,3.797554352,60,0.7971662
556.736,-8.436974488,3.70989444,60,-8.436974488,3.715020172,0.585426416,3.797552467,60,0.797169184
556.933,-8.436974488,3.70989444,60,-8.436974488,3.714908959,0.585323819,3.797459645,60,0.797287173
557.133,-8.436974488,3.709702644,60,-8.437051791,3.714795678,0.585219658,3.79736541,60,0.797417422
557.232,-8.437627455,3.709702644,60,-8.437539536,3.714737122,0.585168097,3.797318762,60,0.797545304
557.237,-8.437627455,3.709702644,60,-8.437544982,3.71473427,0.585165493,3.797316406,60,0.797549064
557.432,-8.437627455,3.709702644,60,-8.437627455,3.714623752,0.585063929,3.797224519,60,0.797677258
557.632,-8.437627455,3.709510849,60,-8.437627455,3.714513453,0.584959761,3.797132817,60,0.79779701
557.732,-8.437627455,3.709319054,60,-8.437693793,3.714459992,0.584907676,3.797088983,60,0.797866396
557.737,-8.437627455,3.709319054,60,-8.437703978,3.714457282,0.584905072,3.797086792,60,0.797870822
557.933,-8.438280421,3.709510849,60,-8.438202178,3.714350565,0.584802983,3.797000875,60,0.798057936
558.133,-8.438280421,3.709319054,60,-8.438280421,3.714244167,0.584698807,3.796913202,60,0.798187084
558.232,-8.438280421,3.709319054,60,-8.438354141,3.714191371,0.58464724,3.796869803,60,0.798255414
558.236,-8.438280421,3.709319054,60,-8.438360138,3.714189222,0.584645156,3.79686805,60,0.798258594
558.432,-8.438933387,3.709127259,60,-8.438854789,3.714082858,0.584543059,3.796782126,60,0.798442362
558.633,-8.438933387,3.708935464,60,-8.438933387,3.713976258,0.584438354,3.796694008,60,0.798569328
558.732,-8.438933387,3.708935464,60,-8.438992406,3.7139237,0.584386783,3.796650606,60,0.798634233
558.737,-8.438933387,3.708935464,60,-8.438996893,3.713921038,0.584384178,3.796648414,60,0.798637718
558.932,-8.439586353,3.708935464,60,-8.439525489,3.713815316,0.584282595,3.796562922,60,0.798823134
559.133,-8.439586353,3.708743668,60,-8.439495549,3.713709612,0.584177882,3.796474797,60,0.798932216
559.232,-8.438933387,3.708551873,60,-8.439570125,3.713657117,0.584126307,3.796431392,60,0.798998039
559.237,-8.439586353,3.708551873,60,-8.439575796,3.713654456,0.584123702,3.7964292,60,0.799001629
559.433,-8.439586353,3.708551873,60,-8.439606615,3.713551274,0.584021593,3.796343266,60,0.799114589
559.633,-8.440239319,3.708360078,60,-8.440239237,3.713442764,0.583917397,3.796255576,60,0.799313959
559.732,-8.440239319,3.708360078,60,-8.440239319,3.713390799,0.583865818,3.796212167,60,0.79936823
559.735,-8.440239319,3.708360078,60,-8.440239319,3.713389226,0.583864255,3.796210852,60,0.799369866
559.932,-8.440239319,3.708360078,60,-8.440265796,3.713285781,0.583761617,3.796124473,60,0.799480693
560.132,-8.440892285,3.708168283,60,-8.440849624,3.713177773,0.583657413,3.796036776,60,0.799671166
560.232,-8.440892285,3.707976488,60,-8.440892285,3.713125164,0.583605309,3.795992926,60,0.799731005
560.237,-8.440892285,3.708168283,60,-8.440892285,3.713122547,0.583602703,3.795990733,60,0.799733685
560.433,-8.440892285,3.707976488,60,-8.440892285,3.713019988,0.583500579,3.795904787,60,0.799838361
560.633,-8.440892285,3.707976488,60,-8.440892285,3.712915462,0.58339637,3.795817086,60,0.799944109
560.732,-8.440892285,3.707976488,60,-8.440961007,3.712863386,0.583344787,3.795773674,60,0.800005798
560.737,-8.440892285,3.707976488,60,-8.440970687,3.712860723,0.583342182,3.795771481,60,0.800009785
560.933,-8.441545251,3.707784693,60,-8.441544051,3.71275525,0.583240053,3.795685531,60,0.800193388
561.132,-8.442198217,3.707592897,60,-8.442118916,3.712648207,0.583136354,3.795598259,60,0.800378692
561.232,-8.442198217,3.707592897,60,-8.442198217,3.712595585,0.583084242,3.795554402,60,0.80044206
561.235,-8.442198217,3.707592897,60,-8.442198217,3.71259402,0.583082678,3.795553086,60,0.800443622
561.433,-8.442198217,3.707401102,60,-8.442273113,3.712490359,0.582979496,3.795466249,60,0.800556831
561.632,-8.442851183,3.707401102,60,-8.442781732,3.712383844,0.582875788,3.79537897,60,0.800731372
561.732,-8.442851183,3.707401102,60,-8.442441856,3.712333629,0.582823673,3.795335111,60,0.800734666
561.737,-8.442198217,3.707401102,60,-8.442412066,3.71233119,0.582821067,3.795332918,60,0.800733017
561.932,-8.442851183,3.707209307,60,-8.442849521,3.712227302,0.582719444,3.795247392,60,0.800894155
562.133,-8.443504149,3.707017512,60,-8.443388416,3.712119733,0.582614686,3.79515923,60,0.801072655
562.232,-8.442851183,3.707017512,60,-8.442917389,3.712070841,0.582563089,3.795115806,60,0.801056184
562.237,-8.442851183,3.707017512,60,-8.442888292,3.712068402,0.582560483,3.795113613,60,0.8010546
562.432,-8.442851183,3.707017512,60,-8.442880446,3.711967163,0.582458856,3.795028085,60,0.801151112
562.633,-8.444157115,3.706825717,60,-8.44413881,3.711855817,0.582354094,3.794939918,60,0.80142978
562.732,-8.444157115,3.706633921,60,-8.444157115,3.711804264,0.582302491,3.79489649,60,0.801482159
562.736,-8.444157115,3.706633921,60,-8.444157115,3.711802186,0.582300406,3.794894735,60,0.801484162
562.933,-8.444157115,3.706633921,60,-8.444157115,3.711699869,0.582197721,3.794808316,60,0.801582632
563.133,-8.444157115,3.706442126,60,-8.444157115,3.711596089,0.582093472,3.794720582,60,0.801681829
563.232,-8.444157115,3.706442126,60,-8.444209653,3.711544459,0.582041869,3.794677153,60,0.801738096
563.237,-8.444157115,3.706442126,60,-8.444221688,3.711541801,0.582039263,3.79467496,60,0.801742261
563.433,-8.444810081,3.706250331,60,-8.444808716,3.711436935,0.581937095,3.794588976,60,0.801921888
563.633,-8.445463047,3.706250331,60,-8.445239981,3.711330832,0.581832834,3.794501232,60,0.802081586
563.732,-8.444810081,3.706250331,60,-8.445033671,3.711280649,0.581781225,3.794457798,60,0.80210101
563.737,-8.444810081,3.706250331,60,-8.445029785,3.711278079,0.581778619,3.794455605,60,0.802102903
563.932,-8.445463047,3.706058536,60,-8.445382484,3.711175112,0.581676964,3.794370053,60,0.802248085
564.133,-8.445463047,3.705866741,60,-8.44562116,3.711069691,0.581572177,3.794281866,60,0.802379824
564.232,-8.446116013,3.705866741,60,-8.445959651,3.711016553,0.581520564,3.794238429,60,0.802475944
564.235,-8.446116013,3.705866741,60,-8.445970914,3.711014937,0.581519,3.794237113,60,0.802479
564.433,-8.446116013,3.705674945,60,-8.446116013,3.710911597,0.58141577,3.794150236,60,0.802595882
564.632,-8.446116013,3.705674945,60,-8.446116013,3.71080861,0.581312018,3.794062919,60,0.802692103
564.732,-8.446116013,3.70548315,60,-8.446165753,3.710756611,0.581259882,3.794019042,60,0.802747267
564.737,-8.446116013,3.70548315,60,-8.446169225,3.710754006,0.581257275,3.794016848,60,0.802750162
564.932,-8.446768979,3.70548315,60,-8.446719076,3.710650118,0.581155605,3.793931283,60,0.802921795
565.133,-8.446768979,3.70548315,60,-8.446768979,3.710545894,0.581050802,3.793843083,60,0.803025378
565.232,-8.446768979,3.70548315,60,-8.447364897,3.710491415,0.580999182,3.793799639,60,0.803157266
565.237,-8.447421945,3.70548315,60,-8.447398666,3.710488643,0.580996574,3.793797445,60,0.803164448
565.433,-8.447421945,3.705291355,60,-8.447421945,3.710387144,0.580894371,3.793711432,60,0.803261884
565.633,-8.447421945,3.705291355,60,-8.447421945,3.710283776,0.580790082,3.793623664,60,0.80335734
565.732,-8.447421945,3.70509956,60,-8.447421945,3.710232635,0.580738459,3.793580218,60,0.803404365
565.736,-8.447421945,3.70509956,60,-8.447421945,3.71023057,0.580736373,3.793578463,60,0.803406259
565.933,-8.447421945,3.70509956,60,-8.447421945,3.710128856,0.580633648,3.793492011,60,0.803499399
566.133,-8.447421945,3.704907765,60,-8.447649223,3.710024398,0.580529358,3.793404242,60,0.803625668
566.232,-8.448727878,3.704907765,60,-8.448484933,3.70996868,0.580477731,3.793360793,60,0.803790842
566.237,-8.448727878,3.704907765,60,-8.448501822,3.709966004,0.580475124,3.793358598,60,0.803795614
566.433,-8.448727878,3.704715969,60,-8.448727878,3.709863498,0.580372905,3.793272572,60,0.803920739
566.633,-8.448727878,3.704715969,60,-8.448727878,3.709760228,0.5802686,3.79318479,60,0.804015266
566.732,-8.448727878,3.704524174,60,-8.448727878,3.709709134,0.580216969,3.793141338,60,0.804061845
566.737,-8.448727878,3.704524174,60,-8.448727878,3.709706554,0.580214361,3.793139144,60,0.804064194
566.932,-8.448727878,3.704524174,60,-8.448806392,3.709605525,0.580112663,3.793053556,60,0.804166692
567.133,-8.449380844,3.704332379,60,-8.449304116,3.709498966,0.580007832,3.792965199,60,0.804331697
567.232,-8.449380844,3.704332379,60,-8.449449835,3.709446485,0.579956197,3.792921135,60,0.804400305
567.236,-8.449380844,3.704332379,60,-8.449454596,3.70944436,0.579954111,3.792919344,60,0.804402944
567.433,-8.45003381,3.704332379,60,-8.449894715,3.709338679,0.579851359,3.79283113,60,0.804561228
567.632,-8.449380844,3.703948789,60,-8.449564751,3.709236432,0.579747563,3.792742021,60,0.80460929
567.732,-8.45003381,3.703948789,60,-8.449922425,3.709182259,0.579695404,3.792697242,60,0.80470689
567.738,-8.45003381,3.703948789,60,-8.44995264,3.70917896,0.579692274,3.792694556,60,0.804713982
567.933,-8.45003381,3.703948789,60,-8.450073999,3.709076619,0.579590561,3.792607234,60,0.804821564
568.133,-8.450686776,3.703756993,60,-8.450615762,3.708969521,0.579486236,3.792517671,60,0.804989651
568.232,-8.45003381,3.703948789,60,-8.450068121,3.708921081,0.579434595,3.792473337,60,0.804956488
568.238,-8.45003381,3.703948789,60,-8.450037045,3.708918134,0.579431465,3.79247065,60,0.804954773
568.432,-8.451339742,3.703565198,60,-8.451328657,3.708810294,0.579330265,3.792383769,60,0.805224218
568.633,-8.450686776,3.703565198,60,-8.450765232,3.70870918,0.57922541,3.792293751,60,0.805232423
568.732,-8.451339742,3.703373403,60,-8.451275014,3.708655119,0.579173765,3.792249413,60,0.805347481
568.736,-8.451339742,3.703373403,60,-8.451278039,3.708653033,0.579171678,3.792247621,60,0.805349633
568.932,-8.451339742,3.703373403,60,-8.451339742,3.708551313,0.579069428,3.792159839,60,0.805442234
569.133,-8.451339742,3.703373403,60,-8.45146315,3.708446853,0.578964568,3.792069816,60,0.805544155
569.232,-8.451992708,3.703181608,60,-8.451862394,3.708393582,0.578912919,3.792025475,60,0.805641994
569.237,-8.451992708,3.703181608,60,-8.451871838,3.708390951,0.57891031,3.792023236,60,0.805645411
569.432,-8.451992708,3.703181608,60,-8.452064628,3.70828937,0.578808574,3.791935894,60,0.80575323
569.633,-8.452645674,3.702989813,60,-8.45256852,3.708183099,0.578703702,3.791845862,60,0.805906663
569.732,-8.452645674,3.702798017,60,-8.452645674,3.708131737,0.578652047,3.791801516,60,0.805957628
569.737,-8.452645674,3.702798017,60,-8.452645674,3.708129165,0.578649438,3.791799276,60,0.805959641
569.933,-8.452645674,3.702989813,60,-8.45272415,3.708028005,0.578547172,3.79171148,60,0.806049
570.133,-8.45329864,3.702606222,60,-8.453223263,3.707922582,0.578442814,3.791621888,60,0.80619872
570.232,-8.45329864,3.702606222,60,-8.453366745,3.707870998,0.578391155,3.791577538,60,0.806257858
570.235,-8.45329864,3.702606222,60,-8.4533701,3.70786944,0.57838959,3.791576194,60,0.806259506
570.433,-8.453951606,3.702414427,60,-8.453820659,3.707765434,0.578286268,3.791487492,60,0.806400459
570.633,-8.45329864,3.702606222,60,-8.453463544,3.707665,0.578181902,3.791397893,60,0.806426264
570.732,-8.453951606,3.702414427,60,-8.453850164,3.707612237,0.578130241,3.791353542,60,0.80651855
570.737,-8.453951606,3.702222632,60,-8.453876597,3.707609535,0.578127631,3.791351302,60,0.80652419
570.933,-8.453951606,3.702222632,60,-8.453951606,3.707508936,0.578025349,3.791263492,60,0.806608383
571.132,-8.453951606,3.702222632,60,-8.453951606,3.707407353,0.577921501,3.791174338,60,0.806681904
571.232,-8.453951606,3.702222632,60,-8.453951606,3.707356358,0.577869316,3.791129537,60,0.806718408
571.237,-8.453951606,3.702222632,60,-8.453959444,3.707353766,0.577866707,3.791127297,60,0.806721341
571.433,-8.454604572,3.702030837,60,-8.45457298,3.707250481,0.577764421,3.791039484,60,0.806879616
571.633,-8.453951606,3.702030837,60,-8.454120769,3.707151149,0.577660047,3.790949878,60,0.806886937
571.732,-8.455257538,3.701839041,60,-8.455099468,3.707095377,0.57760838,3.790905522,60,0.807061152
571.736,-8.455257538,3.701839041,60,-8.455107117,3.707093298,0.577606292,3.79090373,60,0.807063675
571.932,-8.455257538,3.701647246,60,-8.455257538,3.706992705,0.577503994,3.790815906,60,0.80715492
572.133,-8.455257538,3.701647246,60,-8.455257538,3.706890512,0.577399086,3.790725843,60,0.807225606
572.232,-8.455257538,3.701647246,60,-8.45532229,3.706839863,0.577347415,3.790681483,60,0.80726925
572.237,-8.455257538,3.701647246,60,-8.455332865,3.706837266,0.577344805,3.790679242,60,0.807272486
572.432,-8.455910504,3.701455451,60,-8.455833825,3.706735481,0.577243025,3.790591863,60,0.807411198
572.633,-8.455910504,3.701455451,60,-8.455910504,3.706633043,0.57713811,3.790501793,60,0.807491198
572.732,-8.455910504,3.701263656,60,-8.455983218,3.706582433,0.577086434,3.790457429,60,0.807535254
572.737,-8.455910504,3.701263656,60,-8.455990917,3.706579855,0.577083824,3.790455189,60,0.807538047
572.932,-8.45656347,3.701263656,60,-8.456483591,3.706478273,0.576982036,3.790367803,60,0.807674214
573.133,-8.45656347,3.701071861,60,-8.45656347,3.706375972,0.576877113,3.790277726,60,0.807753303
573.232,-8.45656347,3.701071861,60,-8.456626616,3.706325489,0.576825433,3.790233359,60,0.807795346
573.236,-8.45656347,3.701071861,60,-8.456630574,3.706323442,0.576823345,3.790231566,60,0.807797242
573.433,-8.457216436,3.701071861,60,-8.45715465,3.706220816,0.576720505,3.790143278,60,0.807937309
573.633,-8.457216436,3.700880066,60,-8.457315428,3.706118709,0.576616095,3.790053641,60,0.808026367
573.732,-8.457869402,3.70068827,60,-8.4577802,3.706066053,0.57656441,3.790009269,60,0.808125118
573.737,-8.457869402,3.70068827,60,-8.457807632,3.706063372,0.5765618,3.790007028,60,0.808130669
573.932,-8.457869402,3.70068827,60,-8.457869402,3.705964375,0.576459992,3.789919626,60,0.808203683
574.132,-8.457869402,3.700496475,60,-8.457869402,3.705863281,0.576355574,3.789829982,60,0.808268796
574.232,-8.457869402,3.70068827,60,-8.457870481,3.705812764,0.576303365,3.789785161,60,0.808301194
574.237,-8.457869402,3.70068827,60,-8.457886218,3.705810152,0.576300755,3.789782919,60,0.808305038
574.433,-8.458522369,3.70030468,60,-8.458521881,3.70570766,0.576198421,3.789695065,60,0.808458503
574.633,-8.459175335,3.70030468,60,-8.459052947,3.705603698,0.576093991,3.789605412,60,0.808598533
574.732,-8.458522369,3.700112885,60,-8.458658536,3.705555888,0.576042298,3.789561033,60,0.808574158
574.736,-8.458522369,3.700112885,60,-8.458664298,3.705553838,0.576040209,3.78955924,60,0.808576242
574.933,-8.459175335,3.700112885,60,-8.459114568,3.705451962,0.575937345,3.789470931,60,0.808702772
575.133,-8.459175335,3.69992109,60,-8.459314768,3.705349975,0.575832911,3.789381273,60,0.808794412
575.232,-8.459828301,3.69992109,60,-8.459683816,3.705298008,0.575781214,3.789336891,60,0.808878147
575.237,-8.459828301,3.69992109,60,-8.459695259,3.705295423,0.575778603,3.78933465,60,0.808881359
575.432,-8.459828301,3.699729294,60,-8.459828301,3.705196344,0.575676772,3.789247227,60,0.808961724
575.633,-8.459828301,3.699729294,60,-8.459987698,3.705094163,0.575571807,3.789157114,60,0.80904713
575.732,-8.460481267,3.699729294,60,-8.460322074,3.705042431,0.575520106,3.789112729,60,0.809125552
575.737,-8.460481267,3.699729294,60,-8.46033918,3.705039816,0.575517495,3.789110487,60,0.809129547
575.932,-8.460481267,3.699537499,60,-8.460481267,3.70494077,0.575415656,3.789023058,60,0.809210448
576.133,-8.460481267,3.699345704,60,-8.460623023,3.704838768,0.575310683,3.788932938,60,0.809292604
576.232,-8.461134233,3.699345704,60,-8.460997938,3.70478685,0.575258978,3.788888549,60,0.809376444
576.235,-8.461134233,3.699345704,60,-8.461011599,3.704785264,0.575257411,3.788887204,60,0.809379313
576.433,-8.461134233,3.699153909,60,-8.461134233,3.704684885,0.575153998,3.788798423,60,0.809457713
576.633,-8.461134233,3.699153909,60,-8.461134233,3.704584245,0.575049539,3.788708745,60,0.809518705
576.732,-8.461134233,3.699153909,60,-8.461697176,3.704531391,0.574997831,3.788664416,60,0.809628851
576.737,-8.461787199,3.699153909,60,-8.461730946,3.704528693,0.574995219,3.788662178,60,0.809635173
576.933,-8.461787199,3.698962114,60,-8.461787199,3.704430546,0.574892842,3.788575081,60,0.809701979
577.133,-8.461787199,3.698962114,60,-8.461787199,3.704330893,0.574788376,3.788486237,60,0.809760609
577.232,-8.461787199,3.698770318,60,-8.461787199,3.704281624,0.574736665,3.788442258,60,0.809789139
577.237,-8.461787199,3.698770318,60,-8.461787199,3.704279137,0.574734053,3.788440037,60,0.809790565
577.433,-8.461787199,3.698770318,60,-8.461818807,3.704181529,0.574631676,3.788352969,60,0.809850615
577.633,-8.462440165,3.698578523,60,-8.46239326,3.704079027,0.574527205,3.788264121,60,0.809988313
577.733,-8.462440165,3.698578523,60,-8.462492268,3.704028835,0.574474968,3.788219695,60,0.810030173
577.736,-8.462440165,3.698578523,60,-8.462499756,3.704027305,0.574473401,3.788218362,60,0.810032067
577.933,-8.463093131,3.698386728,60,-8.463027887,3.703926636,0.574370489,3.78813084,60,0.810161541
578.133,-8.463093131,3.698386728,60,-8.463093131,3.703827107,0.574266007,3.788041981,60,0.810225267
578.233,-8.463093131,3.698194933,60,-8.463163487,3.70377718,0.574213765,3.787997552,60,0.810262113
578.238,-8.463093131,3.698386728,60,-8.463172874,3.703774652,0.574211153,3.78799533,60,0.810264784
578.433,-8.463746097,3.698194933,60,-8.463665781,3.703675379,0.574109279,3.78790869,60,0.810386882
578.633,-8.463746097,3.698003138,60,-8.463903524,3.703575098,0.574004788,3.787819824,60,0.810473428
578.733,-8.464399063,3.698003138,60,-8.463878231,3.703525786,0.573952542,3.787775391,60,0.810495884
578.738,-8.463746097,3.698003138,60,-8.463862723,3.703523399,0.573949929,3.787773169,60,0.810494973
578.933,-8.463746097,3.698003138,60,-8.463819834,3.703427316,0.57384805,3.787686525,60,0.810538739
579.133,-8.464399063,3.697811342,60,-8.464332367,3.703325767,0.573743556,3.787597656,60,0.810662312
579.233,-8.464399063,3.697811342,60,-8.464454797,3.703275743,0.573691306,3.78755322,60,0.810704914
579.236,-8.464399063,3.697811342,60,-8.464457163,3.70327425,0.573689739,3.787551887,60,0.810706005
579.433,-8.465052029,3.697619547,60,-8.465000709,3.703174062,0.573586804,3.787464344,60,0.81083276
579.633,-8.465052029,3.697427752,60,-8.465124156,3.703074757,0.573482297,3.787375465,60,0.810899987
579.733,-8.465704995,3.697427752,60,-8.46563629,3.703022636,0.573430041,3.787331024,60,0.810997632
579.738,-8.465704995,3.697427752,60,-8.465665002,3.703020013,0.573427429,3.787328802,60,0.811002957
579.933,-8.465052029,3.697235957,60,-8.465069752,3.702927237,0.573325531,3.787242141,60,0.81096567
580.133,-8.465704995,3.697235957,60,-8.46569283,3.702825391,0.57322102,3.787153258,60,0.811102282
580.233,-8.465704995,3.697235957,60,-8.465726069,3.702776009,0.573168762,3.787108815,60,0.811130849
580.238,-8.465704995,3.697235957,60,-8.465740698,3.702773469,0.573166149,3.787106593,60,0.811134119
580.433,-8.466357961,3.697044162,60,-8.466318244,3.702674365,0.573064243,3.787019926,60,0.811262717
580.633,-8.466357961,3.696852366,60,-8.466357961,3.702575804,0.572959721,3.786931033,60,0.811315514
580.733,-8.466357961,3.696852366,60,-8.466357961,3.702526668,0.572907459,3.786886587,60,0.811338788
580.735,-8.466357961,3.696852366,60,-8.466357961,3.702525686,0.572906414,3.786885698,60,0.81133925
580.933,-8.466357961,3.696852366,60,-8.466426058,3.702428091,0.572802936,3.786797694,60,0.811394446
581.133,-8.467010927,3.696660571,60,-8.466936294,3.702327113,0.572698409,3.786708797,60,0.811512789
581.233,-8.467010927,3.696660571,60,-8.467082684,3.702277227,0.572646143,3.786664348,60,0.811556419
581.238,-8.467010927,3.696660571,60,-8.467091563,3.702274724,0.57264353,3.786662125,60,0.81155882
581.433,-8.467663893,3.696468776,60,-8.467583017,3.702176318,0.572541608,3.786575444,60,0.811673172
581.633,-8.467663893,3.696468776,60,-8.467663893,3.702077751,0.57243707,3.786486538,60,0.811729859
581.733,-8.467663893,3.696276981,60,-8.467663893,3.702028721,0.5723848,3.786442085,60,0.811752177
581.738,-8.467663893,3.696276981,60,-8.467663893,3.70202627,0.572382187,3.786439862,60,0.811753289
581.933,-8.467663893,3.696276981,60,-8.467734891,3.701930332,0.572280261,3.786353178,60,0.811806408
582.133,-8.468316859,3.696085186,60,-8.468254217,3.7018295,0.572175718,3.786264268,60,0.811924303
582.233,-8.468316859,3.696085186,60,-8.468367254,3.701779891,0.572123444,3.786219811,60,0.811962328
582.236,-8.468316859,3.696085186,60,-8.468369308,3.701778411,0.572121876,3.786218478,60,0.811963278
582.434,-8.468969826,3.69589339,60,-8.468884511,3.701678583,0.572018371,3.78613045,60,0.812080066
582.633,-8.468316859,3.69589339,60,-8.468403179,3.701583833,0.571914342,3.786041978,60,0.812054343
582.733,-8.468969826,3.695701595,60,-8.46893041,3.701532012,0.571862066,3.785997519,60,0.812150807
582.738,-8.468969826,3.695701595,60,-8.468960873,3.701529398,0.571859453,3.785995296,60,0.812156215
582.933,-8.468969826,3.695701595,60,-8.468970384,3.701433958,0.571757511,3.785908599,60,0.812199123
583.133,-8.469622792,3.6955098,60,-8.469602119,3.701332658,0.571652952,3.785819675,60,0.812331686
583.233,-8.469622792,3.6955098,60,-8.469622792,3.701283632,0.571600671,3.785775212,60,0.812355864
583.238,-8.469622792,3.6955098,60,-8.469622792,3.701281188,0.571598056,3.785772989,60,0.812356918
583.433,-8.469622792,3.6955098,60,-8.469622792,3.701185863,0.571496107,3.785686285,60,0.812397862
583.633,-8.469622792,3.695318005,60,-8.46973865,3.701087523,0.571391544,3.785597357,60,0.812455811
583.733,-8.470275758,3.695318005,60,-8.470211425,3.701036064,0.57133926,3.785552892,60,0.812543957
583.735,-8.470275758,3.69512621,60,-8.470219672,3.701035041,0.571338214,3.785552002,60,0.812545552
583.933,-8.470928724,3.69512621,60,-8.470856655,3.700934741,0.571234685,3.785463955,60,0.812677896
584.133,-8.470928724,3.694934415,60,-8.470928724,3.700836582,0.571130106,3.785375014,60,0.812729995
584.233,-8.470928724,3.694934415,60,-8.470928724,3.700787727,0.571077816,3.785330543,60,0.812750696
584.238,-8.470928724,3.694934415,60,-8.470928724,3.700785285,0.571075202,3.78532832,60,0.812751727
584.433,-8.470928724,3.694742619,60,-8.471007544,3.700689631,0.570973237,3.785241602,60,0.812802919
584.633,-8.47158169,3.694550824,60,-8.471505093,3.700589238,0.570868653,3.785152658,60,0.812914765
584.733,-8.47158169,3.694550824,60,-8.47158169,3.700539988,0.57081636,3.785108184,60,0.812946131
584.738,-8.47158169,3.694550824,60,-8.47158169,3.700537547,0.570813745,3.785105961,60,0.812947151
584.933,-8.47158169,3.694550824,60,-8.471649368,3.700441998,0.570711772,3.785019237,60,0.812996312
585.133,-8.472234656,3.694359029,60,-8.472060628,3.700342129,0.570607181,3.784930286,60,0.813095409
585.233,-8.47158169,3.694359029,60,-8.471730785,3.700295166,0.570554885,3.78488581,60,0.81306838
585.236,-8.47158169,3.694359029,60,-8.47171704,3.700293778,0.570553316,3.784884476,60,0.813067018
585.433,-8.472234656,3.694359029,60,-8.472234078,3.700194874,0.570450293,3.784796859,60,0.813179873
585.633,-8.472887622,3.694167234,60,-8.472866815,3.700093814,0.570345694,3.784707901,60,0.813310205
585.733,-8.472887622,3.694167234,60,-8.472442315,3.700047379,0.570293394,3.784663421,60,0.813269619
585.738,-8.472234656,3.694167234,60,-8.472432144,3.700044996,0.570290779,3.784661197,60,0.813269162
585.933,-8.473540588,3.693975439,60,-8.473520485,3.699943889,0.57018879,3.784574459,60,0.81346331
586.133,-8.473540588,3.693783643,60,-8.473483387,3.699846494,0.570084178,3.784485491,60,0.813498172
586.233,-8.472887622,3.693783643,60,-8.473032525,3.699800193,0.570031874,3.784440976,60,0.813453564
586.238,-8.472887622,3.693783643,60,-8.473055343,3.699797618,0.570029259,3.78443874,60,0.813457777
586.433,-8.474193554,3.693591848,60,-8.474088494,3.699695399,0.569927262,3.784350566,60,0.813642114
586.633,-8.474193554,3.693591848,60,-8.474193554,3.699595111,0.569822643,3.784259471,60,0.813694399
586.733,-8.474193554,3.693400053,60,-8.474193554,3.699545284,0.569770333,3.784213923,60,0.813712863
586.736,-8.474193554,3.693400053,60,-8.474193554,3.699543789,0.569768764,3.784212557,60,0.813713413
586.933,-8.474193554,3.693400053,60,-8.474193554,3.699445688,0.569665714,3.784122827,60,0.813749266
587.133,-8.474193554,3.693400053,60,-8.47434941,3.699345303,0.569561093,3.784031732,60,0.813807312
587.233,-8.47484652,3.693208258,60,-8.474688989,3.699293669,0.569508782,3.783986182,60,0.813873681
587.238,-8.47484652,3.693208258,60,-8.474704613,3.699291094,0.569506166,3.783983904,60,0.813876811
587.433,-8.47484652,3.693208258,60,-8.474924727,3.69919284,0.569404154,3.78389508,60,0.813943108
587.633,-8.475499486,3.693016463,60,-8.475275478,3.699091391,0.569299523,3.783803974,60,0.814028849
587.733,-8.47484652,3.693016463,60,-8.475052826,3.699042883,0.569247207,3.783758421,60,0.814014672
587.738,-8.47484652,3.693016463,60,-8.475036586,3.699040486,0.569244591,3.783756143,60,0.814013227
587.933,-8.475499486,3.692824667,60,-8.475497851,3.698941006,0.569142575,3.783667314,60,0.814113065
588.133,-8.476152452,3.692632872,60,-8.475994062,3.698838808,0.569037935,3.783576202,60,0.814219038
588.233,-8.475499486,3.692824667,60,-8.475630581,3.698791101,0.568985615,3.783530645,60,0.814184545
588.236,-8.475499486,3.692824667,60,-8.475615941,3.69878969,0.568984046,3.783529279,60,0.814182975
588.433,-8.476152452,3.692632872,60,-8.476121246,3.698689024,0.568880975,3.783439532,60,0.814288977
588.633,-8.476152452,3.692632872,60,-8.47617707,3.698589351,0.568776332,3.783348415,60,0.814331151
588.733,-8.476805418,3.692441077,60,-8.476801463,3.698536222,0.568724008,3.783302855,60,0.81443745
588.738,-8.476805418,3.692441077,60,-8.476805418,3.698533715,0.568721391,3.783300577,60,0.814438885
588.933,-8.476805418,3.692441077,60,-8.476805418,3.698436809,0.568619356,3.783211732,60,0.81447244
589.133,-8.476805418,3.692249282,60,-8.476805418,3.698337483,0.568514704,3.783120608,60,0.814506364
589.233,-8.476805418,3.692249282,60,-8.476847341,3.698287611,0.568462378,3.783075046,60,0.814529097
589.238,-8.476805418,3.692249282,60,-8.476860448,3.698285057,0.568459761,3.783072768,60,0.814531804
589.433,-8.477458384,3.692057487,60,-8.47740034,3.698185272,0.568357722,3.782983919,60,0.814641651
589.633,-8.477458384,3.691865691,60,-8.477458384,3.69808566,0.568253062,3.782892789,60,0.814683441
589.733,-8.477458384,3.692057487,60,-8.477526644,3.698035656,0.568200732,3.782847223,60,0.814709798
589.736,-8.477458384,3.692057487,60,-8.477532927,3.698034133,0.568199162,3.782845856,60,0.814711192
589.933,-8.47811135,3.691673896,60,-8.478109813,3.697933175,0.568096068,3.782756089,60,0.814826397
590.134,-8.478764316,3.691673896,60,-8.47868587,3.697830179,0.567990872,3.782664492,60,0.814942564
590.233,-8.478764316,3.691673896,60,-8.478836336,3.697780175,0.567939058,3.782619375,60,0.814980806
590.238,-8.478764316,3.691673896,60,-8.478843656,3.697777651,0.567936441,3.782617097,60,0.814982696
590.434,-8.479417283,3.691482101,60,-8.479262391,3.697677976,0.567833855,3.782527772,60,0.815075766
590.633,-8.478764316,3.691482101,60,-8.478981165,3.697580721,0.567729698,3.782437079,60,0.815068821
590.733,-8.479417283,3.691290306,60,-8.479280043,3.697529445,0.567677357,3.782391505,60,0.815128073
590.738,-8.479417283,3.691290306,60,-8.479302262,3.697526841,0.56767474,3.782389226,60,0.815132078
590.933,-8.479417283,3.691290306,60,-8.479417283,3.697429426,0.567572674,3.782300354,60,0.815180799
591.133,-8.479417283,3.691098511,60,-8.479511291,3.697329693,0.567467989,3.782209202,60,0.815226931
591.233,-8.480070249,3.691098511,60,-8.479990771,3.697277436,0.567415645,3.782163624,60,0.815311809
591.236,-8.480070249,3.691098511,60,-8.480007467,3.697275855,0.567414075,3.782162257,60,0.815314686
591.433,-8.480070249,3.690906715,60,-8.480093108,3.697177625,0.567310953,3.782072465,60,0.815359323
591.634,-8.480723215,3.69071492,60,-8.480723214,3.697074403,0.567205733,3.781980847,60,0.815482527
591.733,-8.480070249,3.690906715,60,-8.480092329,3.69702877,0.567153909,3.781935722,60,0.815408474
591.738,-8.480070249,3.690906715,60,-8.480106934,3.697026211,0.567151291,3.781933443,60,0.815411363
591.934,-8.480723215,3.69071492,60,-8.480722766,3.696925632,0.567048689,3.781844104,60,0.815530931
592.133,-8.481376181,3.690523125,60,-8.48133325,3.696823528,0.566944508,3.781753391,60,0.81565073
592.233,-8.481376181,3.690523125,60,-8.481423864,3.6967734,0.566892154,3.781707804,60,0.815680119
592.238,-8.481376181,3.690523125,60,-8.481436464,3.69677085,0.566889536,3.781705525,60,0.815682741
592.433,-8.482029147,3.69033133,60,-8.481966182,3.696671137,0.566787442,3.781616628,60,0.815790621
592.633,-8.482029147,3.69033133,60,-8.481888912,3.696572292,0.566682726,3.781525449,60,0.815812513
592.733,-8.481376181,3.69033133,60,-8.481664563,3.696523934,0.566630369,3.78147986,60,0.815796574
592.736,-8.481376181,3.69033133,60,-8.481669328,3.69652242,0.566628798,3.781478493,60,0.815797735
592.933,-8.482682113,3.689947739,60,-8.482524503,3.696419994,0.566525652,3.78138868,60,0.815951832
593.133,-8.482682113,3.689947739,60,-8.482682113,3.696319867,0.566420928,3.781297494,60,0.816007123
593.233,-8.482682113,3.689947739,60,-8.482682113,3.696270255,0.566368566,3.7812519,60,0.816023358
593.238,-8.482682113,3.689947739,60,-8.482682113,3.696267775,0.566365948,3.781249621,60,0.816024167
593.433,-8.482682113,3.689947739,60,-8.482682113,3.696171073,0.566263842,3.781160714,60,0.816055478
593.633,-8.482682113,3.689564149,60,-8.482820263,3.696071176,0.566159117,3.781069527,60,0.816106945
593.733,-8.483335079,3.689755944,60,-8.483205328,3.696019478,0.566106753,3.781023931,60,0.816177912
593.738,-8.483335079,3.689755944,60,-8.483228537,3.696016871,0.566104134,3.781021652,60,0.816182028
593.933,-8.483335079,3.689564149,60,-8.483335079,3.695919593,0.56600202,3.780932738,60,0.816228419
594.133,-8.483335079,3.689372354,60,-8.483416342,3.695820018,0.565897288,3.780841544,60,0.816271633
594.233,-8.483988045,3.689372354,60,-8.483922626,3.695767654,0.565844919,3.780795945,60,0.816359883
594.237,-8.483988045,3.689372354,60,-8.483945678,3.695765544,0.565842825,3.780794121,60,0.816363814
594.434,-8.483988045,3.689180559,60,-8.483988045,3.695667629,0.565739655,3.780704289,60,0.81640128
594.634,-8.483988045,3.689180559,60,-8.483988045,3.695568509,0.565634915,3.780613088,60,0.816432758
594.733,-8.483988045,3.689180559,60,-8.484003659,3.695519377,0.565583068,3.780567943,60,0.816450415
594.739,-8.483988045,3.689180559,60,-8.484021504,3.695516306,0.565579926,3.780565207,60,0.816453901
594.933,-8.484641011,3.688988763,60,-8.484639958,3.695416762,0.565478323,3.780476739,60,0.816572747
595.133,-8.485293977,3.688605173,60,-8.485245072,3.695314247,0.565373571,3.780385528,60,0.816691178
595.233,-8.485293977,3.688796968,60,-8.485293977,3.695264376,0.565321193,3.78033992,60,0.816714198
595.238,-8.485293977,3.688796968,60,-8.485293977,3.695261897,0.565318574,3.78033764,60,0.816714996
595.433,-8.485293977,3.688796968,60,-8.485293977,3.695165209,0.565216436,3.780248705,60,0.816745945
595.633,-8.485293977,3.688605173,60,-8.485440018,3.695065282,0.565111679,3.78015749,60,0.816798203
595.733,-8.485946943,3.688413378,60,-8.485795723,3.695013751,0.565059298,3.780111881,60,0.816864834
595.736,-8.485946943,3.688413378,60,-8.485803515,3.69501222,0.565057727,3.780110513,60,0.816866424
595.933,-8.485946943,3.688413378,60,-8.486025498,3.694911937,0.564954534,3.780019289,60,0.816939844
596.133,-8.486599909,3.688221583,60,-8.486521388,3.694806847,0.564849765,3.779924905,60,0.817066623
596.233,-8.486599909,3.688221583,60,-8.486599909,3.694755235,0.564797379,3.779877711,60,0.817105766
596.238,-8.486599909,3.688221583,60,-8.486599909,3.694752676,0.564794759,3.779875351,60,0.81710716
596.433,-8.486599909,3.688221583,60,-8.486599909,3.694652921,0.564692606,3.779783324,60,0.817161202
596.633,-8.486599909,3.688029788,60,-8.486599909,3.694550675,0.564587833,3.779688936,60,0.81721607
596.733,-8.486599909,3.688029788,60,-8.486599909,3.694499576,0.564535447,3.779641742,60,0.817243294
596.738,-8.486599909,3.688029788,60,-8.486599909,3.694497022,0.564532827,3.779639383,60,0.817244653
596.933,-8.486599909,3.687837992,60,-8.486648514,3.694397157,0.564430674,3.779547355,60,0.81730431
597.133,-8.487252875,3.687837992,60,-8.487286555,3.694291487,0.564325897,3.779452963,60,0.817449661
597.233,-8.487905841,3.687646197,60,-8.487855641,3.694237237,0.564273504,3.779405764,60,0.817558387
597.237,-8.487905841,3.687646197,60,-8.487879484,3.694235061,0.564271409,3.779403876,60,0.817562892
597.433,-8.487905841,3.687646197,60,-8.487905841,3.694134718,0.564168715,3.779311362,60,0.817620271
597.633,-8.487905841,3.687454402,60,-8.487905841,3.694032539,0.564063926,3.77921696,60,0.817674475
597.733,-8.487905841,3.687454402,60,-8.487929377,3.693981342,0.564011532,3.779169759,60,0.817704744
597.738,-8.487905841,3.687454402,60,-8.487943764,3.693978709,0.564008912,3.779167399,60,0.817708146
597.934,-8.488558807,3.687262607,60,-8.488558143,3.693875215,0.563906215,3.779074881,60,0.817848924
598.133,-8.489211773,3.687070812,60,-8.489156986,3.693770214,0.563801938,3.77898094,60,0.817988736
598.233,-8.489211773,3.687070812,60,-8.489211773,3.693718799,0.563749536,3.778933732,60,0.818023811
598.238,-8.489211773,3.687070812,60,-8.489211773,3.693716244,0.563746915,3.778931372,60,0.818025167
598.433,-8.489211773,3.686879016,60,-8.489211773,3.693616616,0.563644731,3.778839316,60,0.818077899
598.633,-8.489211773,3.686879016,60,-8.489362461,3.693513656,0.563539925,3.778744899,60,0.818153102
598.733,-8.48986474,3.686879016,60,-8.489579083,3.693461398,0.563487521,3.778697689,60,0.818210931
598.736,-8.489211773,3.686879016,60,-8.489577964,3.693459873,0.563485949,3.778696273,60,0.818211577
598.933,-8.490517706,3.686495426,60,-8.49027858,3.693355379,0.563382707,3.778603265,60,0.818364952
599.133,-8.48986474,3.686687221,60,-8.490097419,3.693254216,0.56327789,3.778508837,60,0.818392811
599.233,-8.490517706,3.686495426,60,-8.490366167,3.693201673,0.563225481,3.778461623,60,0.818458056
599.238,-8.490517706,3.686495426,60,-8.490385748,3.693199012,0.563222861,3.778459263,60,0.818462202
599.433,-8.490517706,3.686495426,60,-8.490517706,3.693098709,0.563120661,3.778367193,60,0.818533288
599.634,-8.490517706,3.686303631,60,-8.490517706,3.692996121,0.563015315,3.778272289,60,0.818586642
599.733,-8.490517706,3.686303631,60,-8.490561863,3.692945368,0.562963429,3.778225546,60,0.81861908
599.738,-8.490517706,3.686303631,60,-8.490564824,3.692942801,0.562960808,3.778223185,60,0.818620822
599.933,-8.491170672,3.686303631,60,-8.491127198,3.692840196,0.562858604,3.778131111,60,0.818752935
600.133,-8.491170672,3.686111836,60,-8.491170672,3.692737893,0.562753774,3.778036673,60,0.818812042
600.233,-8.491170672,3.68592004,60,-8.491178462,3.692686838,0.56270136,3.777989454,60,0.818839458
600.236,-8.491170672,3.68592004,60,-8.491178718,3.692685306,0.562699787,3.777988037,60,0.818840284
600.433,-8.491823638,3.68592004,60,-8.491823581,3.692581237,0.562596526,3.777895012,60,0.81898461
600.633,-8.492476604,3.685728245,60,-8.492453222,3.69247565,0.562491685,3.777800563,60,0.819128061
600.733,-8.492476604,3.685728245,60,-8.492476604,3.692424453,0.562439263,3.777753336,60,0.819158124
600.738,-8.492476604,3.685728245,60,-8.492476604,3.6924219,0.562436641,3.777750975,60,0.819159452
600.933,-8.492476604,3.68553645,60,-8.492476604,3.692322359,0.562334417,3.777658883,60,0.819211161
601.133,-8.492476604,3.68553645,60,-8.492476604,3.692220319,0.562229572,3.77756443,60,0.819263745
601.233,-8.492476604,3.685344655,60,-8.492476604,3.69216932,0.562177149,3.777517204,60,0.819289867
601.238,-8.492476604,3.685344655,60,-8.492476604,3.69216677,0.562174528,3.777514843,60,0.81929117
601.433,-8.492476604,3.685344655,60,-8.49262121,3.692066555,0.562072303,3.777422751,60,0.81936255
601.633,-8.493782536,3.68515286,60,-8.493474185,3.691959825,0.56196745,3.777328291,60,0.819537262
601.733,-8.49312957,3.68515286,60,-8.493361295,3.691909421,0.561915022,3.777281059,60,0.81954737
601.736,-8.49312957,3.68515286,60,-8.493357394,3.691907912,0.561913449,3.777279642,60,0.819547593
601.933,-8.493782536,3.684961064,60,-8.493781338,3.691805075,0.561810164,3.777186595,60,0.819659972
602.133,-8.494435502,3.684961064,60,-8.494207446,3.691700644,0.561705299,3.777092124,60,0.819773867
602.233,-8.493782536,3.684961064,60,-8.493929678,3.691651152,0.561652866,3.777044889,60,0.819760296
602.238,-8.493782536,3.684961064,60,-8.493909107,3.691648715,0.561650245,3.777042527,60,0.819758653
602.433,-8.493782536,3.684769269,60,-8.493848978,3.691549636,0.561548004,3.776950421,60,0.819800516
602.633,-8.494435502,3.684577474,60,-8.494379167,3.691444748,0.561443138,3.77685595,60,0.819928322
602.733,-8.494435502,3.684577474,60,-8.494435502,3.691393445,0.561390704,3.776808713,60,0.819962376
602.738,-8.494435502,3.684577474,60,-8.494435502,3.691390895,0.561388082,3.776806351,60,0.819963675
602.933,-8.494435502,3.684385679,60,-8.494471091,3.691291293,0.561285834,3.776714238,60,0.820019175
603.133,-8.495088468,3.684385679,60,-8.495106504,3.69118582,0.56118096,3.77661976,60,0.820162066
603.233,-8.495741434,3.684193884,60,-8.495725148,3.691131382,0.56112852,3.776572517,60,0.820276996
603.236,-8.495741434,3.684193884,60,-8.495741434,3.691129761,0.561126946,3.7765711,60,0.820280119
603.433,-8.495741434,3.684002088,60,-8.495754188,3.691029141,0.561023634,3.776478028,60,0.820333802
603.633,-8.4963944,3.684002088,60,-8.496363284,3.690923692,0.560918744,3.776383535,60,0.820473856
603.733,-8.4963944,3.684002088,60,-8.4963944,3.690872465,0.560866298,3.776336287,60,0.820504741
603.738,-8.4963944,3.684002088,60,-8.4963944,3.690869912,0.560863675,3.776333924,60,0.820506057
603.933,-8.4963944,3.683810293,60,-8.496447475,3.690770095,0.560761404,3.77624179,60,0.820564899
604.133,-8.497047366,3.683810293,60,-8.496983375,3.690665056,0.560656506,3.77614729,60,0.820694356
604.233,-8.497047366,3.683618498,60,-8.497331705,3.690612071,0.560604054,3.776100038,60,0.820770777
604.238,-8.498353298,3.683810293,60,-8.497378103,3.69060926,0.560601432,3.776097675,60,0.820778764
604.433,-8.497047366,3.683618498,60,-8.497200764,3.690510638,0.560499147,3.776005529,60,0.820805124
604.633,-8.497047366,3.683618498,60,-8.497047366,3.690409462,0.560394245,3.775911025,60,0.820835133
604.733,-8.497047366,3.683426703,60,-8.497047366,3.690358473,0.560341794,3.775863773,60,0.820860956
604.736,-8.497047366,3.683426703,60,-8.497047366,3.690356943,0.56034022,3.775862355,60,0.820861729
604.933,-8.497047366,3.683426703,60,-8.497125239,3.690256098,0.560236892,3.775769269,60,0.8209235
605.133,-8.497700332,3.683234908,60,-8.497626435,3.690151376,0.560131986,3.775674762,60,0.821046869
605.233,-8.497700332,3.683234908,60,-8.497761884,3.690099636,0.560079531,3.775627506,60,0.82109213
605.238,-8.497700332,3.683234908,60,-8.497766704,3.69009706,0.560076908,3.775625143,60,0.821094113
605.433,-8.498353298,3.683043112,60,-8.49828935,3.689995046,0.559974617,3.775533329,60,0.821217177
605.633,-8.498353298,3.683043112,60,-8.498455155,3.68989329,0.559869699,3.775440017,60,0.82128393
605.733,-8.499006264,3.682851317,60,-8.498918062,3.68984033,0.559817238,3.775393377,60,0.82137173
605.738,-8.499006264,3.682851317,60,-8.498945229,3.68983766,0.559814615,3.775391045,60,0.821376698
605.933,-8.499006264,3.682659522,60,-8.499034476,3.689738865,0.559712312,3.775300095,60,0.821431224
606.133,-8.49965923,3.682467727,60,-8.499649886,3.689634652,0.559607382,3.775206808,60,0.821562296
606.233,-8.49965923,3.682659522,60,-8.49965923,3.689584185,0.559554915,3.775160164,60,0.821585032
606.236,-8.49965923,3.682659522,60,-8.49965923,3.689582673,0.559553341,3.775158764,60,0.821585669
606.433,-8.49965923,3.682467727,60,-8.49965923,3.689483407,0.559449981,3.775066874,60,0.821627374
606.633,-8.49965923,3.682467727,60,-8.499735772,3.68938227,0.559345047,3.774973584,60,0.821680169
606.733,-8.500312197,3.682275932,60,-8.50017693,3.689329476,0.559292578,3.774926937,60,0.821764407
606.738,-8.500312197,3.682275932,60,-8.500169722,3.689326998,0.559289954,3.774924605,60,0.821764423
606.933,-8.49965923,3.682275932,60,-8.4998355,3.689230678,0.55918764,3.774833644,60,0.821756873
607.133,-8.500965163,3.682084136,60,-8.500829441,3.689124517,0.559082697,3.774740346,60,0.821941056
607.233,-8.500965163,3.681892341,60,-8.500965163,3.689073396,0.559030223,3.774693695,60,0.82198151
607.238,-8.500965163,3.681892341,60,-8.500965163,3.689070878,0.559027599,3.774691362,60,0.821982555
607.433,-8.500965163,3.681700546,60,-8.500965163,3.688972687,0.558925272,3.774600391,60,0.822023137
607.634,-8.500965163,3.681700546,60,-8.501124562,3.688870651,0.558819797,3.77450662,60,0.822087391
607.733,-8.501618129,3.681700546,60,-8.501385452,3.688819388,0.558767845,3.774460432,60,0.822145236
607.737,-8.501618129,3.681700546,60,-8.501393285,3.688817331,0.558765746,3.774458566,60,0.822147186
607.933,-8.500965163,3.681508751,60,-8.501119696,3.688720238,0.558662891,3.774367125,60,0.822147876
608.133,-8.501618129,3.681508751,60,-8.501689325,3.688616528,0.558557936,3.774273817,60,0.822270104
608.233,-8.502271095,3.681508751,60,-8.502136225,3.688563747,0.558505455,3.774227159,60,0.822354743
608.238,-8.502271095,3.681508751,60,-8.502158774,3.688561106,0.558502831,3.774224826,60,0.822359007
608.433,-8.502271095,3.681316956,60,-8.502271095,3.688462349,0.558400489,3.774133841,60,0.822415153
608.633,-8.502271095,3.681125161,60,-8.502271095,3.688361748,0.558295523,3.774040523,60,0.822455762
608.733,-8.502271095,3.681125161,60,-8.502295074,3.688311337,0.55824304,3.773993863,60,0.822479327
608.738,-8.502271095,3.681125161,60,-8.502296512,3.688308815,0.558240415,3.77399153,60,0.822480539
608.933,-8.502924061,3.680933365,60,-8.502903286,3.688207407,0.558138069,3.773900541,60,0.822607055
609.133,-8.502924061,3.680933365,60,-8.502924061,3.68810671,0.558033095,3.773807216,60,0.8226504
609.233,-8.502924061,3.680933365,60,-8.502934279,3.688056383,0.557980608,3.773760553,60,0.822671899
609.236,-8.502924061,3.680933365,60,-8.502943575,3.688054824,0.557979033,3.773759153,60,0.822673834
609.433,-8.503577027,3.68074157,60,-8.503547472,3.687952441,0.55787563,3.773667224,60,0.822800168
609.633,-8.503577027,3.680549775,60,-8.503577027,3.687851711,0.557770647,3.773573891,60,0.822844587
609.733,-8.503577027,3.680549775,60,-8.503577027,3.687801448,0.557718156,3.773527225,60,0.822864524
609.738,-8.503577027,3.680549775,60,-8.503577027,3.687798935,0.557715531,3.773524891,60,0.822865516
609.933,-8.503577027,3.680549775,60,-8.503639889,3.687700612,0.557613173,3.773433892,60,0.822913085
610.133,-8.504229993,3.68035798,60,-8.504158843,3.687597254,0.557508187,3.773340555,60,0.823027223
610.233,-8.504229993,3.68035798,60,-8.504476517,3.687545234,0.557455691,3.773293885,60,0.823092784
610.238,-8.504882959,3.68035798,60,-8.504510286,3.687542533,0.557453066,3.773291551,60,0.823098636
610.433,-8.504882959,3.68035798,60,-8.504882959,3.687442406,0.557350694,3.773200539,60,0.823191466
610.633,-8.504882959,3.680166185,60,-8.504882959,3.687341855,0.557245695,3.773107192,60,0.823231379
610.733,-8.504882959,3.679974389,60,-8.504956832,3.68729119,0.557193196,3.773060518,60,0.823261811
610.736,-8.504882959,3.679974389,60,-8.504961005,3.687289659,0.557191621,3.773059118,60,0.823263004
610.933,-8.505535925,3.679782594,60,-8.505460271,3.687187882,0.557088193,3.772967167,60,0.82337392
611.133,-8.505535925,3.679782594,60,-8.505671757,3.68708617,0.556983186,3.772873813,60,0.823444118
611.233,-8.506188891,3.679782594,60,-8.506061897,3.687033736,0.556930681,3.772827134,60,0.823520181
611.238,-8.506188891,3.679782594,60,-8.506085435,3.687031092,0.556928056,3.7728248,60,0.823524567
611.433,-8.506188891,3.679590799,60,-8.506136465,3.686932746,0.556825667,3.772733773,60,0.823570965
611.633,-8.505535925,3.679590799,60,-8.505651055,3.686834948,0.556720656,3.772640415,60,0.823540385
611.733,-8.506188891,3.679399004,60,-8.506144485,3.686782009,0.556668151,3.772593736,60,0.823630726
611.738,-8.506188891,3.679399004,60,-8.506174561,3.686779332,0.556665525,3.772591402,60,0.82363602
611.933,-8.506841857,3.679399004,60,-8.506829838,3.686677713,0.556563132,3.772500371,60,0.82376877
612.133,-8.506841857,3.679207209,60,-8.506841857,3.686577114,0.556458109,3.772407002,60,0.823810094
612.233,-8.506841857,3.679207209,60,-8.506860528,3.686526764,0.556405598,3.772360318,60,0.823832439
612.236,-8.506841857,3.679207209,60,-8.506869523,3.686525207,0.556404023,3.772358917,60,0.82383432
612.433,-8.507494823,3.679207209,60,-8.507457848,3.686422953,0.556300571,3.772266946,60,0.823957775
612.633,-8.507494823,3.678823618,60,-8.507596504,3.686321655,0.55619554,3.77217357,60,0.824017213
612.733,-8.508147789,3.678823618,60,-8.508033922,3.686268966,0.556143023,3.77212688,60,0.824099957
612.738,-8.508147789,3.678823618,60,-8.508041631,3.686266409,0.556140397,3.772124545,60,0.824102069
612.933,-8.508147789,3.678823618,60,-8.508214675,3.686167394,0.556037984,3.772033497,60,0.824165794
613.133,-8.508800755,3.678823618,60,-8.508579175,3.686064803,0.555932942,3.771940111,60,0.824258121
613.233,-8.508147789,3.678631823,60,-8.508566561,3.68601459,0.55588042,3.771893417,60,0.824276137
613.238,-8.508800755,3.678631823,60,-8.508587015,3.686011963,0.555877794,3.771891083,60,0.824280061
613.433,-8.508800755,3.678631823,60,-8.508800755,3.685912738,0.555775373,3.771800028,60,0.824349521
613.634,-8.508800755,3.678440028,60,-8.508958202,3.685810841,0.555669801,3.77170617,60,0.82441169
613.733,-8.509453721,3.678248233,60,-8.509298343,3.685759196,0.555617801,3.77165994,60,0.824480171
613.736,-8.509453721,3.678248233,60,-8.509309811,3.685757624,0.555616225,3.771658539,60,0.824482416
613.933,-8.509453721,3.678056437,60,-8.509453721,3.685657777,0.555512746,3.771566543,60,0.824542131
614.133,-8.509453721,3.678056437,60,-8.509453721,3.685557259,0.555407691,3.771473146,60,0.824581378
614.233,-8.509453721,3.678056437,60,-8.509501635,3.685506753,0.555355163,3.771426447,60,0.824607743
614.238,-8.509453721,3.678056437,60,-8.509504933,3.685504223,0.555352537,3.771424112,60,0.82460919
614.433,-8.510106687,3.677864642,60,-8.510058898,3.685403174,0.555250105,3.771333047,60,0.824727027
614.634,-8.510106687,3.677864642,60,-8.510106687,3.68530189,0.555144516,3.771239175,60,0.824773247
614.733,-8.510106687,3.677672847,60,-8.510111174,3.685252126,0.55509251,3.77119294,60,0.82479316
614.739,-8.510106687,3.677672847,60,-8.510111476,3.68524911,0.555089358,3.771190138,60,0.824794371
614.933,-8.510759654,3.677672847,60,-8.510759573,3.685147857,0.554987443,3.771099351,60,0.824926921
615.133,-8.51141262,3.677481052,60,-8.511394713,3.685042277,0.554882368,3.771004461,60,0.825069363
615.233,-8.51141262,3.677481052,60,-8.51141262,3.684991134,0.554829828,3.770957012,60,0.825097504
615.236,-8.51141262,3.677481052,60,-8.51141262,3.684989603,0.554828252,3.770955588,60,0.825098266
615.433,-8.51141262,3.677289257,60,-8.51141262,3.684889099,0.554724749,3.770862113,60,0.825148179
615.633,-8.51141262,3.677289257,60,-8.511525131,3.684786507,0.55461967,3.770767215,60,0.82521449
615.733,-8.512065586,3.677097461,60,-8.511942202,3.684733218,0.554567128,3.770719764,60,0.825299586
615.738,-8.512065586,3.677097461,60,-8.511950901,3.68473062,0.554564501,3.770717391,60,0.825302097
615.933,-8.512065586,3.677097461,60,-8.512065586,3.684630553,0.554462041,3.770624859,60,0.825367529
616.133,-8.512065586,3.676905666,60,-8.512217566,3.684527785,0.554356954,3.770529953,60,0.825439115
616.233,-8.512718552,3.676905666,60,-8.512563145,3.68447491,0.554304408,3.770482498,60,0.825513729
616.238,-8.512718552,3.676905666,60,-8.51257745,3.684472282,0.554301781,3.770480125,60,0.825517036
616.433,-8.512718552,3.676713871,60,-8.512797448,3.68437167,0.554199313,3.770387586,60,0.825597259
616.633,-8.513371518,3.676713871,60,-8.513294408,3.684266981,0.554094214,3.770292669,60,0.825718584
616.733,-8.513371518,3.676522076,60,-8.513440024,3.684215197,0.554041662,3.770245209,60,0.82576448
616.737,-8.513371518,3.676522076,60,-8.513444671,3.684213132,0.55403956,3.770243311,60,0.825766145
616.933,-8.514024484,3.676522076,60,-8.513954232,3.684110386,0.553936555,3.770150285,60,0.825888462
617.133,-8.514024484,3.676330281,60,-8.514024484,3.684008029,0.553831443,3.770055358,60,0.825948451
617.233,-8.514024484,3.676330281,60,-8.514024484,3.683957067,0.553778888,3.770007895,60,0.825973193
617.238,-8.514024484,3.676330281,60,-8.514024484,3.683954519,0.55377626,3.770005521,60,0.825974429
617.433,-8.514024484,3.676138485,60,-8.514064667,3.683854969,0.553673776,3.769912967,60,0.826028066
617.633,-8.51467745,3.676138485,60,-8.514606932,3.683750104,0.553568661,3.769818036,60,0.82615519
617.733,-8.514024484,3.67594669,60,-8.514052585,3.683702248,0.553516103,3.769770571,60,0.826099694
617.738,-8.514024484,3.67594669,60,-8.514026102,3.683699849,0.553513475,3.769768198,60,0.826097094
617.933,-8.51467745,3.67594669,60,-8.514670487,3.683597056,0.553410988,3.76967564,60,0.826236946
618.133,-8.51467745,3.675754895,60,-8.51467745,3.683495229,0.553305868,3.769580705,60,0.826286196
618.233,-8.51467745,3.675754895,60,-8.514711261,3.683444169,0.553253309,3.769533238,60,0.826315036
618.236,-8.51467745,3.675754895,60,-8.514719653,3.683442596,0.553251732,3.769531814,60,0.826316963
618.433,-8.515330416,3.675754895,60,-8.515329665,3.68333899,0.553148185,3.769438299,60,0.826452173
618.633,-8.515983382,3.6755631,60,-8.515800109,3.683234568,0.553043054,3.769343354,60,0.826568455
618.733,-8.515330416,3.675371305,60,-8.515587338,3.683184843,0.552990488,3.769295881,60,0.826561933
618.738,-8.515330416,3.675371305,60,-8.515599467,3.683182232,0.55298786,3.769293508,60,0.826564877
618.933,-8.516636348,3.675371305,60,-8.516413011,3.683078477,0.552885352,3.769200932,60,0.826729236
619.133,-8.515983382,3.67517951,60,-8.516216004,3.682977748,0.552780213,3.769105979,60,0.826749184
619.233,-8.516636348,3.67517951,60,-8.516245665,3.682926706,0.552727643,3.769058503,60,0.826777406
619.238,-8.515983382,3.67517951,60,-8.516235182,3.682924221,0.552725015,3.76905613,60,0.826777092
619.434,-8.516636348,3.674987714,60,-8.516635145,3.682822308,0.552621977,3.768963075,60,0.826881471
619.633,-8.517289314,3.674987714,60,-8.51721356,3.682717829,0.552517355,3.76886859,60,0.827012722
619.733,-8.517289314,3.674795919,60,-8.517289314,3.682666504,0.55246478,3.768821108,60,0.827047772
619.737,-8.517289314,3.674795919,60,-8.517289314,3.682664468,0.552462677,3.768819209,60,0.827048737
619.933,-8.517289314,3.674795919,60,-8.517289314,3.682564726,0.552359628,3.768726145,60,0.827095723
620.133,-8.517289314,3.674604124,60,-8.517398505,3.682462396,0.552254476,3.768631181,60,0.827158976
620.233,-8.51794228,3.674604124,60,-8.517845869,3.682409055,0.552201898,3.768583697,60,0.827247262
620.238,-8.51794228,3.674604124,60,-8.517872376,3.682406365,0.552199269,3.768581323,60,0.827252274
620.433,-8.51794228,3.674412329,60,-8.51794228,3.68230676,0.552096739,3.768488726,60,0.827308922
620.633,-8.51794228,3.674220534,60,-8.517972682,3.682204877,0.551991579,3.768393755,60,0.827360668
620.733,-8.518595246,3.674220534,60,-8.518585069,3.682150631,0.551938997,3.768346268,60,0.827472663
620.738,-8.518595246,3.674220534,60,-8.518595246,3.68214803,0.551936368,3.768343893,60,0.827475325
620.933,-8.518595246,3.674220534,60,-8.518595246,3.682048816,0.551833829,3.768251289,60,0.827521798
621.133,-8.518595246,3.674028738,60,-8.518662382,3.681946738,0.551728661,3.768156311,60,0.827578734
621.233,-8.519248212,3.674028738,60,-8.519165387,3.681893098,0.551676075,3.76810882,60,0.827674923
621.236,-8.519248212,3.674028738,60,-8.51916843,3.681891555,0.551674498,3.768107395,60,0.827676079
621.433,-8.519248212,3.674028738,60,-8.519303081,3.681790587,0.551570899,3.768013834,60,0.82774232
621.633,-8.519901178,3.673836943,60,-8.519835832,3.681685885,0.551465719,3.767918845,60,0.827866767
621.733,-8.519901178,3.673836943,60,-8.519901178,3.681634635,0.551413128,3.767871349,60,0.827900051
621.738,-8.519901178,3.673836943,60,-8.519901178,3.681632091,0.551410498,3.767868974,60,0.827901241
621.933,-8.519901178,3.673453353,60,-8.519976657,3.68153247,0.551307943,3.767776356,60,0.82795838
622.133,-8.520554144,3.673453353,60,-8.520475633,3.681427962,0.551202755,3.767681359,60,0.828077834
622.233,-8.520554144,3.673453353,60,-8.520626727,3.68137624,0.551150159,3.767633859,60,0.828123444
622.238,-8.520554144,3.673453353,60,-8.520634254,3.681373654,0.55114753,3.767631484,60,0.82812572
622.433,-8.52120711,3.673261558,60,-8.521127649,3.681271675,0.551044963,3.767538855,60,0.828243503
622.633,-8.52120711,3.673261558,60,-8.52120711,3.68116943,0.550939764,3.767443848,60,0.828302795
622.733,-8.52120711,3.673069762,60,-8.520833441,3.681120625,0.550887165,3.767396345,60,0.828272546
622.736,-8.520554144,3.673069762,60,-8.520816148,3.681119195,0.550885587,3.76739492,60,0.828270758
622.933,-8.52120711,3.673069762,60,-8.521206184,3.68101689,0.550781968,3.767301341,60,0.828373076
623.133,-8.521860077,3.672877967,60,-8.521811081,3.680911812,0.550676764,3.76720633,60,0.82850756
623.233,-8.521860077,3.672877967,60,-8.521860077,3.68086066,0.55062416,3.767158823,60,0.828538346
623.238,-8.521860077,3.672877967,60,-8.521860077,3.680858116,0.55062153,3.767156447,60,0.828539532
623.433,-8.521860077,3.672686172,60,-8.521860077,3.680758931,0.550518952,3.767063808,60,0.828585454
623.633,-8.521860077,3.672494377,60,-8.521872709,3.680657183,0.550413744,3.766968793,60,0.828633965
623.733,-8.522513043,3.672686172,60,-8.52250438,3.680602845,0.550361138,3.766921284,60,0.828748493
623.738,-8.522513043,3.672686172,60,-8.522504835,3.680600299,0.550358507,3.766918909,60,0.828749744
623.933,-8.522513043,3.672494377,60,-8.522513043,3.680501068,0.550255921,3.766826262,60,0.82879681
624.133,-8.522513043,3.672494377,60,-8.5225941,3.680398938,0.550150705,3.76673124,60,0.828855206
624.233,-8.523166009,3.672302582,60,-8.523070575,3.680345455,0.550098095,3.766683727,60,0.82894736
624.236,-8.523166009,3.672302582,60,-8.523074212,3.680343909,0.550096516,3.766682302,60,0.828948594
624.433,-8.523166009,3.672110786,60,-8.523225868,3.680243009,0.549992871,3.766588873,60,0.829014773
624.633,-8.523818975,3.672110786,60,-8.523749952,3.680139622,0.549887642,3.766495377,60,0.829119705
624.733,-8.523818975,3.671918991,60,-8.523818975,3.680089019,0.549835026,3.76644866,60,0.829143929
624.738,-8.523818975,3.671918991,60,-8.523818975,3.680086509,0.549832396,3.766446325,60,0.829144639
624.933,-8.523818975,3.671727196,60,-8.523818975,3.679988623,0.549729794,3.766355227,60,0.829172045
625.133,-8.523818975,3.671727196,60,-8.523976779,3.679887418,0.549624561,3.766261794,60,0.829222399
625.233,-8.524471941,3.671727196,60,-8.524314653,3.679835384,0.549571943,3.766215075,60,0.829284963
625.238,-8.524471941,3.671727196,60,-8.524331926,3.67983278,0.549569312,3.766212739,60,0.829288149
625.433,-8.524471941,3.671535401,60,-8.524547835,3.679733749,0.549466703,3.766121635,60,0.829346265
625.633,-8.525124907,3.671535401,60,-8.52505474,3.679630603,0.549361458,3.766028191,60,0.829447047
625.733,-8.525124907,3.671343606,60,-8.525124907,3.679580038,0.549308834,3.765981467,60,0.829470995
625.736,-8.525124907,3.671343606,60,-8.525124907,3.679578533,0.549307256,3.765980066,60,0.829471409
625.933,-8.525124907,3.671343606,60,-8.525180897,3.679479416,0.549203586,3.76588802,60,0.829506354
626.133,-8.525777873,3.67115181,60,-8.525735056,3.67937605,0.549098333,3.765794568,60,0.829613565
626.233,-8.525777873,3.67115181,60,-8.525777873,3.679325654,0.549045705,3.765747841,60,0.829633381
626.238,-8.525777873,3.67115181,60,-8.525777873,3.679323146,0.549043074,3.765745505,60,0.829634063
626.433,-8.525777873,3.670960015,60,-8.525795344,3.679225284,0.548940449,3.765654386,60,0.829662788
626.633,-8.526430839,3.670960015,60,-8.526427752,3.679121521,0.548835188,3.765560928,60,0.829780944
626.733,-8.526430839,3.67076822,60,-8.526430839,3.67907136,0.548782556,3.765514197,60,0.829794862
626.738,-8.526430839,3.67076822,60,-8.526430839,3.679068853,0.548779924,3.765511861,60,0.829795528
626.933,-8.526430839,3.67076822,60,-8.526462453,3.678970944,0.548677291,3.765420735,60,0.829825968
627.133,-8.527083805,3.670576425,60,-8.527036895,3.678867532,0.548572023,3.76532727,60,0.829935435
627.233,-8.527083805,3.670576425,60,-8.527083805,3.678817146,0.548519386,3.765280535,60,0.829955506
627.237,-8.527083805,3.670576425,60,-8.527083805,3.678815141,0.548517281,3.765278666,60,0.829956035
627.433,-8.527083805,3.67038463,60,-8.527148074,3.678716577,0.548414114,3.765187066,60,0.82999104
627.633,-8.527736771,3.67038463,60,-8.527520415,3.678614314,0.548308837,3.765093594,60,0.830070993
627.733,-8.527083805,3.670192834,60,-8.527304016,3.678565424,0.548256199,3.765046858,60,0.830052658
627.738,-8.527083805,3.670192834,60,-8.527300746,3.678562938,0.548253567,3.765044521,60,0.830052821
627.933,-8.527736771,3.670192834,60,-8.527813072,3.678462475,0.548150921,3.764953384,60,0.830151745
628.133,-8.529042703,3.670001039,60,-8.528727851,3.678357178,0.548045633,3.764859901,60,0.830310298
628.233,-8.528389737,3.670001039,60,-8.528615761,3.678307662,0.547992987,3.764813158,60,0.830307386
628.238,-8.528389737,3.670001039,60,-8.52860401,3.678305221,0.547990355,3.764810821,60,0.830306347
628.433,-8.529042703,3.669809244,60,-8.528967078,3.678205487,0.547887694,3.764719671,60,0.830384418
628.633,-8.529042703,3.669809244,60,-8.529042703,3.678104839,0.547782397,3.764626181,60,0.830421539
628.733,-8.529042703,3.669617449,60,-8.529096282,3.678054447,0.547729749,3.764579435,60,0.830442223
628.737,-8.529042703,3.669617449,60,-8.529099314,3.678052427,0.547727643,3.764577565,60,0.830443177
628.933,-8.529695669,3.669617449,60,-8.529644093,3.677951217,0.547624448,3.764485941,60,0.830547342
629.133,-8.529695669,3.669425654,60,-8.529695669,3.677850722,0.547519143,3.764392444,60,0.830580752
629.233,-8.529695669,3.669425654,60,-8.529708961,3.677800564,0.547466491,3.764345695,60,0.83059549
629.238,-8.529695669,3.669425654,60,-8.529709722,3.677798056,0.547463858,3.764343357,60,0.83059624
629.433,-8.530348635,3.669233858,60,-8.53033967,3.677696896,0.547361182,3.764252194,60,0.830712369
629.634,-8.530348635,3.669233858,60,-8.530379225,3.677595982,0.547255343,3.764158221,60,0.830743969
629.733,-8.531001601,3.669042063,60,-8.530957621,3.677543183,0.547203211,3.764111935,60,0.830840358
629.738,-8.531001601,3.669042063,60,-8.530960079,3.677540663,0.547200578,3.764109597,60,0.830841372
629.933,-8.531001601,3.668850268,60,-8.531001601,3.677442708,0.54709789,3.764018423,60,0.830872751
630.133,-8.531001601,3.668850268,60,-8.531107025,3.677341946,0.546992568,3.76392491,60,0.83091359
630.233,-8.531654567,3.668658473,60,-8.531480367,3.67728979,0.546939906,3.763878153,60,0.830980365
630.236,-8.531654567,3.668850268,60,-8.531478005,3.6772883,0.546938326,3.76387675,60,0.830980411
630.433,-8.531001601,3.668658473,60,-8.531138838,3.677191525,0.546834581,3.763784637,60,0.830956318
630.633,-8.531654567,3.668658473,60,-8.531729203,3.677088157,0.546729255,3.763691121,60,0.831066602
630.733,-8.532307534,3.668466678,60,-8.531952805,3.677036843,0.54667659,3.763644361,60,0.831111595
630.738,-8.531654567,3.668466678,60,-8.53194156,3.677034401,0.546673956,3.763642022,60,0.831110605
630.933,-8.532307534,3.668466678,60,-8.532226657,3.676935178,0.546571256,3.763550837,60,0.831176409
631.133,-8.532307534,3.668274883,60,-8.532463422,3.676833715,0.546465919,3.763457311,60,0.831235894
631.233,-8.5329605,3.668274883,60,-8.532807755,3.676781727,0.546413248,3.763410546,60,0.83129837
631.238,-8.5329605,3.668274883,60,-8.532827007,3.676779116,0.546410615,3.763408208,60,0.831301792
631.433,-8.5329605,3.668083087,60,-8.533031494,3.676680298,0.546307903,3.763317013,60,0.831356227
631.633,-8.533613466,3.668083087,60,-8.533550827,3.676577226,0.546202554,3.763223476,60,0.831456903
631.733,-8.533613466,3.667891292,60,-8.533613466,3.676526771,0.546149877,3.763176705,60,0.831478804
631.736,-8.533613466,3.667891292,60,-8.533613466,3.676525267,0.546148297,3.763175302,60,0.831479189
631.933,-8.533613466,3.667891292,60,-8.533613466,3.676426587,0.546044524,3.763083165,60,0.831504169
632.133,-8.533613466,3.667699497,60,-8.533670902,3.67632614,0.545939171,3.762989624,60,0.831537395
632.233,-8.534266432,3.667699497,60,-8.534227031,3.676272993,0.545886492,3.762942852,60,0.831630306
632.238,-8.534266432,3.667699497,60,-8.534257495,3.676270321,0.545883858,3.762940513,60,0.831635337
632.433,-8.534266432,3.667507702,60,-8.534266998,3.676172599,0.545781131,3.762849304,60,0.831661306
632.633,-8.534919398,3.667315907,60,-8.534857357,3.676069158,0.545675766,3.762755753,60,0.83177199
632.733,-8.534266432,3.667315907,60,-8.534325672,3.676022024,0.545623083,3.762708977,60,0.831707594
632.738,-8.534266432,3.667315907,60,-8.534322249,3.676019541,0.545620449,3.762706639,60,0.831707699
632.933,-8.534266432,3.667124111,60,-8.534311698,3.675922058,0.545517722,3.762615429,60,0.831729672
633.133,-8.534919398,3.667124111,60,-8.534977331,3.675818324,0.545412356,3.762521878,60,0.831850118
633.233,-8.535572364,3.666932316,60,-8.535384701,3.675766008,0.545359669,3.762475099,60,0.831921419
633.236,-8.535572364,3.666932316,60,-8.535383233,3.675764514,0.545358089,3.762473695,60,0.831921583
633.433,-8.534919398,3.666932316,60,-8.535063185,3.675667681,0.545254296,3.76238154,60,0.83189943
633.633,-8.535572364,3.666932316,60,-8.535495792,3.675565235,0.545148923,3.762287982,60,0.831986179
633.733,-8.535572364,3.666740521,60,-8.535865065,3.675513145,0.545096233,3.7622412,60,0.832051795
633.738,-8.53622533,3.666740521,60,-8.535898835,3.675510455,0.545093599,3.762238861,60,0.832057292
633.933,-8.53622533,3.666740521,60,-8.53622533,3.675410007,0.544990849,3.762146723,60,0.832139047
634.134,-8.53622533,3.666548726,60,-8.53622533,3.67530383,0.544884936,3.762047603,60,0.832220782
634.233,-8.53622533,3.666548726,60,-8.536291223,3.675250961,0.54483277,3.76199857,60,0.83227278
634.238,-8.53622533,3.666548726,60,-8.53629672,3.675248279,0.544830136,3.761996094,60,0.832275717
634.433,-8.536878296,3.666356931,60,-8.536876561,3.67514165,0.544727381,3.76189951,60,0.832443274
634.633,-8.537531262,3.666165135,60,-8.537357247,3.675032871,0.544621984,3.761800442,60,0.832598983
634.733,-8.536878296,3.666165135,60,-8.537027376,3.674981654,0.544569285,3.761750908,60,0.83259414
634.736,-8.536878296,3.666165135,60,-8.53701363,3.674980139,0.544567704,3.761749422,60,0.832593435
634.933,-8.537531262,3.66597334,60,-8.537530685,3.674872844,0.544463887,3.76165184,60,0.832752329
635.133,-8.538184228,3.66597334,60,-8.538121829,3.674763497,0.544358482,3.761552765,60,0.832923608
635.233,-8.537531262,3.665781545,60,-8.537553512,3.674713621,0.544305779,3.761503227,60,0.832884021
635.238,-8.537531262,3.665781545,60,-8.537536087,3.674711067,0.544303144,3.76150075,60,0.832883627
635.433,-8.538184228,3.665781545,60,-8.538183977,3.674604159,0.544200373,3.761404152,60,0.833060139
635.633,-8.538837194,3.665781545,60,-8.538751372,3.674494987,0.54409496,3.761305068,60,0.833227573
635.733,-8.538184228,3.66558975,60,-8.538293582,3.674444521,0.544042253,3.761255527,60,0.833203767
635.738,-8.538184228,3.66558975,60,-8.538302784,3.674441821,0.544039617,3.76125305,60,0.833207208
635.933,-8.538837194,3.665397955,60,-8.538784659,3.674335866,0.543936839,3.761156444,60,0.83335935
636.133,-8.538837194,3.665397955,60,-8.538837194,3.674229638,0.543831421,3.761057357,60,0.833451372
636.233,-8.538837194,3.665397955,60,-8.539037558,3.674175576,0.543778712,3.761007813,60,0.833522474
636.236,-8.53949016,3.665397955,60,-8.539057819,3.674173876,0.54377713,3.761006327,60,0.833526673
636.434,-8.53949016,3.665206159,60,-8.539565336,3.674066176,0.54367276,3.760908224,60,0.833683853
636.633,-8.540143126,3.665014364,60,-8.540064806,3.673957974,0.543567857,3.760809621,60,0.833840397
636.733,-8.540143126,3.665014364,60,-8.540215899,3.673904146,0.54351514,3.76076007,60,0.833904651
636.738,-8.540143126,3.665014364,60,-8.540223763,3.673901452,0.543512505,3.760757593,60,0.833907907
636.933,-8.540796092,3.665014364,60,-8.540637675,3.673795816,0.543409703,3.760660965,60,0.834050555
637.133,-8.540143126,3.664822569,60,-8.540217794,3.673692202,0.543304265,3.760561859,60,0.834073988
637.233,-8.540143126,3.664822569,60,-8.540205861,3.673639349,0.543251548,3.760512308,60,0.834113992
637.238,-8.540143126,3.664822569,60,-8.54021085,3.673636675,0.543248912,3.76050983,60,0.834116799
637.433,-8.540796092,3.664630774,60,-8.540794457,3.673530249,0.54314611,3.760413202,60,0.834282787
637.633,-8.541449058,3.664438979,60,-8.541396267,3.673421012,0.543040664,3.760314088,60,0.834453991
637.733,-8.541449058,3.664438979,60,-8.541487771,3.67336754,0.542987939,3.76026453,60,0.834509331
637.736,-8.541449058,3.664438979,60,-8.541489232,3.673365943,0.542986357,3.760263043,60,0.834510806
637.933,-8.542102024,3.664247183,60,-8.542040094,3.673258539,0.542882485,3.760165409,60,0.834673644
638.133,-8.541449058,3.664247183,60,-8.541485962,3.673155713,0.542777031,3.760066288,60,0.83467707
638.233,-8.542102024,3.664055388,60,-8.542098086,3.673099409,0.542724304,3.760016728,60,0.834807455
638.238,-8.542102024,3.664247183,60,-8.542102024,3.67309674,0.542721668,3.76001425,60,0.83481012
638.433,-8.542102024,3.664055388,60,-8.542102024,3.672993524,0.542618846,3.759917603,60,0.834891542
638.633,-8.542102024,3.663863593,60,-8.542102024,3.672887721,0.542513388,3.759818478,60,0.834974564
638.733,-8.542102024,3.663863593,60,-8.542251978,3.672834004,0.542460659,3.759768915,60,0.835037674
638.738,-8.542754991,3.663863593,60,-8.542298855,3.6728311,0.542458022,3.759766437,60,0.835046547
638.933,-8.543407957,3.663671798,60,-8.543349907,3.672722051,0.54235519,3.759669781,60,0.83528052
639.133,-8.543407957,3.663671798,60,-8.543407957,3.672615815,0.542249716,3.759570641,60,0.835372734
639.233,-8.543407957,3.663480003,60,-8.543407957,3.672562879,0.542196979,3.759521071,60,0.835414476
639.237,-8.543407957,3.663480003,60,-8.543407957,3.672560762,0.54219487,3.759519088,60,0.835416142
639.433,-8.543407957,3.663480003,60,-8.543484069,3.672456627,0.542091505,3.759421931,60,0.835508641
639.633,-8.544060923,3.663288207,60,-8.543982217,3.672348038,0.541986026,3.759322787,60,0.835664031
639.733,-8.544060923,3.663288207,60,-8.544060923,3.672294677,0.541933286,3.759273213,60,0.835717063
639.738,-8.544060923,3.663288207,60,-8.544060923,3.672292031,0.541930649,3.759270735,60,0.835719141
639.933,-8.544060923,3.663096412,60,-8.544137551,3.672188435,0.541827803,3.759174066,60,0.835811125
640.134,-8.544713889,3.662904617,60,-8.544643072,3.672079289,0.541721789,3.759074419,60,0.835967856
640.233,-8.544713889,3.662904617,60,-8.54477287,3.672026178,0.541669572,3.759025337,60,0.836027832
640.238,-8.544713889,3.662904617,60,-8.544777352,3.672023507,0.541666934,3.759022858,60,0.83603056
640.433,-8.545366855,3.662712822,60,-8.545365334,3.671917034,0.541564077,3.758926178,60,0.8361971
640.633,-8.546019821,3.662521027,60,-8.545878825,3.671808263,0.541458575,3.758827012,60,0.836355405
640.733,-8.545366855,3.662712822,60,-8.545478022,3.671757532,0.541405824,3.758777429,60,0.836338993
640.736,-8.545366855,3.662712822,60,-8.54546248,3.671756029,0.541404242,3.758775941,60,0.836337988
640.934,-8.546019821,3.662712822,60,-8.545999433,3.671648266,0.541299794,3.758677766,60,0.836498208
641.133,-8.546019821,3.662521027,60,-8.546019821,3.671542825,0.541194815,3.758579092,60,0.83658383
641.233,-8.546019821,3.662329232,60,-8.54602701,3.671489877,0.541142062,3.758529507,60,0.836626277
641.238,-8.546019821,3.662329232,60,-8.546042484,3.671487146,0.541139424,3.758527027,60,0.836630592
641.433,-8.546672787,3.662329232,60,-8.546672106,3.671380471,0.541036552,3.758430333,60,0.836802871
641.633,-8.547325753,3.661945641,60,-8.547197586,3.671271658,0.540931033,3.758331151,60,0.836962617
641.733,-8.546672787,3.662137436,60,-8.546819857,3.671220811,0.540878274,3.758281561,60,0.836949369
641.738,-8.546672787,3.662137436,60,-8.546826065,3.671218131,0.540875636,3.758279081,60,0.836952332
641.933,-8.547325753,3.661945641,60,-8.547324179,3.671112189,0.540772755,3.758182379,60,0.837105423
642.133,-8.547978719,3.661945641,60,-8.547768359,3.671003842,0.540667229,3.75808319,60,0.837253191
642.233,-8.547325753,3.661945641,60,-8.547543314,3.670952156,0.540614466,3.758033595,60,0.837262003
642.236,-8.547325753,3.661753846,60,-8.547542097,3.670950576,0.540612883,3.758032108,60,0.837263063
642.433,-8.547978719,3.661753846,60,-8.547899913,3.670844361,0.540508939,3.757934406,60,0.837396485
642.633,-8.547978719,3.661562051,60,-8.548136526,3.670737222,0.540403408,3.757835213,60,0.837513555
642.733,-8.548631685,3.661562051,60,-8.548403423,3.670682823,0.540350641,3.757785614,60,0.837593749
642.738,-8.548631685,3.661562051,60,-8.548414177,3.670680117,0.540348003,3.757783135,60,0.837597387
642.933,-8.547978719,3.661370256,60,-8.548206363,3.670578101,0.540245106,3.757686418,60,0.837647639
643.133,-8.549284651,3.66117846,60,-8.549146507,3.670467076,0.540139568,3.757587217,60,0.837866903
643.233,-8.549284651,3.66117846,60,-8.548875093,3.670415646,0.540086796,3.757537614,60,0.837868939
643.238,-8.548631685,3.66117846,60,-8.548845298,3.670413165,0.540084157,3.757535134,60,0.83786668
643.433,-8.549284651,3.660986665,60,-8.549229022,3.67030903,0.539981253,3.757439653,60,0.837990811
643.634,-8.549284651,3.660986665,60,-8.549362061,3.670206967,0.539875178,3.757345342,60,0.838040685
643.733,-8.549937617,3.66079487,60,-8.549871551,3.670154352,0.539822931,3.75729901,60,0.838128642
643.736,-8.549937617,3.66079487,60,-8.549889015,3.670152746,0.539821347,3.757297606,60,0.838131602
643.933,-8.549937617,3.66079487,60,-8.549937617,3.670053379,0.539717376,3.757205407,60,0.838166376
644.134,-8.549937617,3.66079487,60,-8.549956371,3.669952237,0.539611293,3.757111336,60,0.8381968
644.233,-8.550590583,3.660603075,60,-8.550557821,3.669899142,0.539559042,3.757065001,60,0.838297811
644.239,-8.550590583,3.660603075,60,-8.550559971,3.669896113,0.539555875,3.757062192,60,0.838298966
644.433,-8.550590583,3.66041128,60,-8.550624636,3.669798218,0.539453479,3.75697139,60,0.838335148
644.633,-8.551243549,3.66041128,60,-8.551096819,3.669695064,0.539347912,3.756877777,60,0.838431332
644.733,-8.550590583,3.66041128,60,-8.55075388,3.669646715,0.539295129,3.75683097,60,0.838395018
644.738,-8.550590583,3.66041128,60,-8.550758592,3.669644178,0.53929249,3.756828629,60,0.838396359
644.933,-8.551243549,3.660219484,60,-8.551241867,3.669543569,0.539189561,3.756737355,60,0.838492614
645.133,-8.551896515,3.660027689,60,-8.551677447,3.66944067,0.539083987,3.756643735,60,0.838582911
645.233,-8.551243549,3.660027689,60,-8.5516545,3.669390564,0.539031199,3.756596924,60,0.838592928
645.236,-8.551896515,3.660027689,60,-8.55166697,3.669388988,0.539029615,3.75659552,60,0.838595135
645.434,-8.551896515,3.659835894,60,-8.551896515,3.669288273,0.538925093,3.756502832,60,0.838654897
645.633,-8.551896515,3.659644099,60,-8.552053557,3.669187506,0.538820041,3.756409675,60,0.838703734
645.733,-8.552549481,3.659644099,60,-8.552394708,3.669135414,0.53876725,3.756362861,60,0.838766458
645.738,-8.552549481,3.659644099,60,-8.5524133,3.669132801,0.53876461,3.75636052,60,0.838769822
645.933,-8.552549481,3.659452304,60,-8.552622366,3.669033735,0.538661663,3.756269229,60,0.838825835
646.133,-8.553202448,3.659452304,60,-8.553137043,3.668930465,0.538556072,3.756175594,60,0.83892698
646.233,-8.553202448,3.659452304,60,-8.553202448,3.668879888,0.538503275,3.756128774,60,0.838949653
646.238,-8.553202448,3.659452304,60,-8.553202448,3.668877377,0.538500635,3.756126433,60,0.83895031
646.433,-8.553202448,3.659260508,60,-8.553251047,3.668779229,0.53839768,3.756035135,60,0.838982669
646.633,-8.553855414,3.659260508,60,-8.55382174,3.668675683,0.53829208,3.755941493,60,0.839091613
646.733,-8.553855414,3.659068713,60,-8.553855414,3.668625297,0.538239279,3.75589467,60,0.839109515
646.736,-8.553855414,3.659068713,60,-8.553855414,3.66862379,0.538237695,3.755893265,60,0.839109905
646.933,-8.553855414,3.659068713,60,-8.553861113,3.668524909,0.538133676,3.755801024,60,0.839135943
647.133,-8.55450838,3.658876918,60,-8.554493304,3.668421053,0.538028069,3.755707374,60,0.839253518
647.233,-8.55450838,3.658876918,60,-8.55450838,3.668370783,0.537975263,3.755660548,60,0.839268558
647.238,-8.55450838,3.658876918,60,-8.55450838,3.668368275,0.537972623,3.755658206,60,0.839269192
647.433,-8.55450838,3.658685123,60,-8.55450838,3.668270456,0.537869652,3.755566894,60,0.839293848
647.633,-8.55450838,3.658685123,60,-8.554617416,3.668169581,0.53776404,3.755473241,60,0.839334531
647.733,-8.555161346,3.658493328,60,-8.555098424,3.668116773,0.537711232,3.755426412,60,0.839416977
647.738,-8.555161346,3.658493328,60,-8.555118378,3.668114154,0.537708592,3.755424071,60,0.839420518
647.933,-8.555814312,3.658493328,60,-8.555743288,3.668012839,0.53760561,3.755332749,60,0.839536353
648.133,-8.555814312,3.658301532,60,-8.555814312,3.667912076,0.537499982,3.755239081,60,0.839572236
648.233,-8.555814312,3.658301532,60,-8.55588851,3.667861498,0.537447169,3.755192247,60,0.839595651
648.236,-8.555814312,3.658301532,60,-8.555893888,3.667859963,0.537445584,3.755190842,60,0.839596811
648.433,-8.556467278,3.658109737,60,-8.556387169,3.667758392,0.537341537,3.755098576,60,0.839693547
648.634,-8.556467278,3.657917942,60,-8.556467278,3.667657101,0.537235374,3.755004433,60,0.839730591
648.733,-8.556467278,3.657917942,60,-8.556534601,3.667607075,0.537183084,3.754958064,60,0.839752748
648.738,-8.556467278,3.657917942,60,-8.556540406,3.667604535,0.537180443,3.754955722,60,0.839754215
648.934,-8.557120244,3.657917942,60,-8.557050022,3.667503398,0.537076917,3.754863918,60,0.839852964
649.134,-8.557120244,3.657726147,60,-8.557120244,3.667402684,0.536971273,3.754770236,60,0.8398882
649.233,-8.557120244,3.657726147,60,-8.557164171,3.667352798,0.53691898,3.754723863,60,0.839906839
649.238,-8.557120244,3.657726147,60,-8.557167116,3.667350274,0.536916339,3.754721521,60,0.839907885
649.434,-8.55777321,3.657534352,60,-8.557691937,3.667249073,0.536812804,3.75462971,60,0.840008628
649.633,-8.557120244,3.657534352,60,-8.557198798,3.667152057,0.536707685,3.754536493,60,0.839960998
649.733,-8.55777321,3.657342556,60,-8.557747145,3.667098917,0.536654861,3.75448965,60,0.840052779
649.736,-8.55777321,3.657342556,60,-8.557765877,3.667097311,0.536653276,3.754488245,60,0.840055864
649.934,-8.558426176,3.657150761,60,-8.558419239,3.666994406,0.536548677,3.754395489,60,0.84017543
650.133,-8.558426176,3.657150761,60,-8.558426176,3.666894569,0.536443546,3.754302261,60,0.840201018
650.233,-8.558426176,3.656958966,60,-8.558457185,3.666844268,0.536390716,3.754255413,60,0.840217739
650.238,-8.558426176,3.656958966,60,-8.558471137,3.666841685,0.536388075,3.754253071,60,0.840220376
650.433,-8.559079142,3.656958966,60,-8.559030611,3.666740816,0.536285053,3.754161714,60,0.840325726
650.634,-8.559079142,3.656767171,60,-8.559202637,3.666639073,0.536178857,3.754067542,60,0.840375385
650.733,-8.559732108,3.656767171,60,-8.559601716,3.66658721,0.536126549,3.754021157,60,0.840445719
650.738,-8.559732108,3.656767171,60,-8.559611169,3.66658465,0.536123907,3.754018814,60,0.840447726
650.933,-8.559732108,3.656767171,60,-8.559732108,3.666486165,0.536020874,3.753927447,60,0.840489499
651.134,-8.559732108,3.656575376,60,-8.559732108,3.666385391,0.53591467,3.753833268,60,0.840513985
651.233,-8.559732108,3.65638358,60,-8.559806729,3.666335361,0.53586236,3.753786881,60,0.840536742
651.236,-8.559732108,3.65638358,60,-8.55981178,3.666333829,0.535860775,3.753785475,60,0.840537836
651.434,-8.560385074,3.65638358,60,-8.560305813,3.666231843,0.535756152,3.753692698,60,0.840633714
651.633,-8.560385074,3.656191785,60,-8.560385074,3.666131645,0.535650997,3.753599449,60,0.840669284
651.733,-8.560385074,3.656191785,60,-8.560385074,3.666081534,0.535598155,3.753552591,60,0.840681219
651.738,-8.560385074,3.656191785,60,-8.560385074,3.666079028,0.535595513,3.753550248,60,0.840681815
651.933,-8.560385074,3.656191785,60,-8.56051729,3.665980613,0.535492471,3.753458873,60,0.84072403
652.134,-8.561691006,3.655808195,60,-8.561582449,3.665873953,0.53538625,3.753364679,60,0.840903457
652.233,-8.561691006,3.655808195,60,-8.561691006,3.665823684,0.535333929,3.753318282,60,0.840931512
652.238,-8.561691006,3.655808195,60,-8.561691006,3.665821175,0.535331287,3.753315939,60,0.84093213
652.434,-8.561691006,3.655808195,60,-8.561691006,3.665722876,0.535227701,3.753224082,60,0.840956028
652.634,-8.561691006,3.6556164,60,-8.561721567,3.665622455,0.535122001,3.75313035,60,0.840984465
652.733,-8.562343972,3.6556164,60,-8.562327538,3.665569463,0.535069677,3.753083951,60,0.841084605
652.736,-8.562343972,3.6556164,60,-8.562343972,3.665567868,0.535068092,3.753082545,60,0.841087361
652.934,-8.562343972,3.6556164,60,-8.562343972,3.665465978,0.534963441,3.752987241,60,0.841123245
653.134,-8.562343972,3.655424605,60,-8.562411912,3.665357864,0.534857733,3.752886266,60,0.841190824
653.233,-8.562996938,3.655232809,60,-8.562917774,3.665301729,0.534805405,3.752836282,60,0.841293077
653.239,-8.562996938,3.655232809,60,-8.562923522,3.665298464,0.534802234,3.752833253,60,0.841295652
653.433,-8.562996938,3.655041014,60,-8.562996938,3.665193543,0.53469969,3.752735301,60,0.841362316
653.634,-8.562996938,3.655041014,60,-8.562996938,3.66508533,0.534593445,3.752633814,60,0.841419686
653.733,-8.562996938,3.655041014,60,-8.563061389,3.665031698,0.534541115,3.752583828,60,0.841457125
653.738,-8.562996938,3.655041014,60,-8.563071905,3.665028949,0.534538473,3.752581303,60,0.841460071
653.934,-8.563649905,3.654849219,60,-8.563648743,3.664920271,0.534434867,3.752482337,60,0.8415997
654.133,-8.564302871,3.654657424,60,-8.564224225,3.664809934,0.534329667,3.752381849,60,0.841740378
654.233,-8.564302871,3.654657424,60,-8.564302871,3.664755651,0.534276802,3.75233135,60,0.841780402
654.236,-8.564302871,3.654657424,60,-8.564302871,3.664754036,0.534275216,3.752329835,60,0.841781258
654.434,-8.564302871,3.654465629,60,-8.564380334,3.664647034,0.534170541,3.752229848,60,0.841848719
654.634,-8.564955837,3.654465629,60,-8.564882798,3.66453661,0.534064804,3.752128847,60,0.841978595
654.733,-8.564955837,3.654273833,60,-8.564955837,3.66448292,0.534012463,3.752078849,60,0.842017282
654.738,-8.564955837,3.654273833,60,-8.564955837,3.664480229,0.53400982,3.752076324,60,0.842018697
654.933,-8.564955837,3.654273833,60,-8.565018183,3.664374972,0.533906723,3.751977844,60,0.842082645
655.133,-8.565608803,3.654273833,60,-8.565557879,3.664264386,0.533800979,3.751876836,60,0.842217524
655.233,-8.565608803,3.654082038,60,-8.565639937,3.664210127,0.533748105,3.751826329,60,0.84225762
655.238,-8.565608803,3.654082038,60,-8.565641872,3.664207426,0.533745461,3.751823804,60,0.842259308
655.434,-8.566261769,3.653890243,60,-8.56621001,3.664098809,0.533641824,3.751724808,60,0.842397369
655.633,-8.565608803,3.653890243,60,-8.565636861,3.663994969,0.5335366,3.751624296,60,0.842369265
655.733,-8.566261769,3.653698448,60,-8.566259359,3.663937767,0.533483724,3.751573788,60,0.842487706
655.736,-8.566261769,3.653698448,60,-8.566259434,3.663936154,0.533482138,3.751572273,60,0.842488552
655.933,-8.566261769,3.653698448,60,-8.566261769,3.663830234,0.533377968,3.751472768,60,0.842543512
656.134,-8.566261769,3.653698448,60,-8.566343761,3.663721783,0.533271682,3.751371242,60,0.842610681
656.233,-8.566914735,3.653506653,60,-8.566822445,3.66366593,0.533219331,3.751321235,60,0.84270773
656.238,-8.566914735,3.653506653,60,-8.566828234,3.66366321,0.533216687,3.75131871,60,0.842709957
656.434,-8.566914735,3.653506653,60,-8.566914735,3.663557393,0.533113038,3.751219702,60,0.842776579
656.633,-8.566914735,3.653314857,60,-8.567050463,3.663449742,0.533007802,3.751119179,60,0.84285077
656.733,-8.567567701,3.653314857,60,-8.567424606,3.663393943,0.532954918,3.751068663,60,0.842932726
656.738,-8.567567701,3.653314857,60,-8.567435944,3.663391194,0.532952274,3.751066137,60,0.842935755
656.933,-8.567567701,3.653123062,60,-8.567644,3.663285262,0.532849146,3.750967627,60,0.843019587
657.134,-8.568220667,3.653123062,60,-8.568142157,3.663174491,0.53274284,3.750866083,60,0.843147435
657.233,-8.568220667,3.652931267,60,-8.568294156,3.66312044,0.532690479,3.750816066,60,0.84319684
657.237,-8.568220667,3.652931267,60,-8.568300015,3.663118258,0.532688363,3.750814045,60,0.843198794
657.433,-8.568873633,3.652931267,60,-8.568795588,3.663010152,0.532584694,3.750715019,60,0.843325146
657.634,-8.568873633,3.652547677,60,-8.568873633,3.662901674,0.532478377,3.750613463,60,0.843391902
657.733,-8.568873633,3.652739472,60,-8.568873633,3.662848479,0.532426012,3.750563442,60,0.843418992
657.738,-8.568873633,3.652739472,60,-8.568873633,3.662845793,0.532423367,3.750560916,60,0.843420358
657.934,-8.568873633,3.652547677,60,-8.568986087,3.662739894,0.532319694,3.750461886,60,0.84349005
658.133,-8.570179565,3.652355881,60,-8.57008924,3.662626824,0.532214426,3.750361332,60,0.843705702
658.233,-8.570179565,3.652164086,60,-8.569616435,3.66257569,0.532161526,3.7503108,60,0.843664226
658.238,-8.569526599,3.652164086,60,-8.569582665,3.66257319,0.532158881,3.750308274,60,0.843660672
658.434,-8.569526599,3.652164086,60,-8.569544086,3.662468152,0.5320552,3.750209236,60,0.843708044
658.633,-8.570179565,3.652164086,60,-8.570179369,3.662357761,0.531949928,3.750108679,60,0.843854632
658.733,-8.569526599,3.651972291,60,-8.569557639,3.662307528,0.531897028,3.750058147,60,0.843790761
658.736,-8.569526599,3.651972291,60,-8.569566266,3.662305871,0.531895441,3.750056631,60,0.843792815
658.933,-8.570179565,3.651972291,60,-8.570178977,3.662196762,0.531791227,3.749957085,60,0.843934871
659.134,-8.570832531,3.651780496,60,-8.570785803,3.662085466,0.53168489,3.749855509,60,0.844077675
659.233,-8.570832531,3.651780496,60,-8.570881756,3.662031762,0.531632512,3.749805477,60,0.844118488
659.238,-8.570832531,3.651780496,60,-8.570894123,3.662029008,0.531629867,3.74980295,60,0.844121646
659.434,-8.571485497,3.651588701,60,-8.571419881,3.661920802,0.531526166,3.749703894,60,0.844251631
659.634,-8.571485497,3.651396905,60,-8.571485497,3.661812996,0.531420346,3.749602812,60,0.844315493
659.733,-8.571485497,3.651396905,60,-8.571625017,3.661759051,0.531367964,3.749552776,60,0.844362624
659.738,-8.571485497,3.651396905,60,-8.571644128,3.661756259,0.531365319,3.749550249,60,0.844366766
659.933,-8.572791429,3.65120511,60,-8.572553432,3.661646417,0.531262136,3.749451687,60,0.844552852
660.133,-8.572138463,3.65120511,60,-8.572217304,3.661540794,0.531156303,3.749350593,60,0.844558296
660.233,-8.572138463,3.651013315,60,-8.57249713,3.661485528,0.531103388,3.749300048,60,0.844626196
660.236,-8.572791429,3.651013315,60,-8.572517392,3.661483804,0.5311018,3.749298531,60,0.844629968
660.434,-8.572791429,3.651013315,60,-8.572791429,3.6613759,0.530997022,3.749198445,60,0.844723812
660.633,-8.572791429,3.651013315,60,-8.572791429,3.661269023,0.530891715,3.749097854,60,0.844777458
660.733,-8.572791429,3.65082152,60,-8.572844209,3.661215041,0.530838796,3.749047305,60,0.844811967
660.738,-8.572791429,3.65082152,60,-8.572847995,3.661212336,0.53083615,3.749044777,60,0.844813858
660.934,-8.573444395,3.650629725,60,-8.573392869,3.661104066,0.530732426,3.748945698,60,0.844946145
661.134,-8.573444395,3.650629725,60,-8.573444395,3.660996377,0.530626581,3.748844593,60,0.845007418
661.233,-8.573444395,3.650629725,60,-8.57347651,3.660943052,0.530574188,3.748794546,60,0.845038579
661.238,-8.573444395,3.650629725,60,-8.57347837,3.660940357,0.530571541,3.748792018,60,0.845040188
661.433,-8.574750328,3.650246134,60,-8.574714596,3.660828731,0.530468335,3.748693434,60,0.845273683
661.633,-8.574097362,3.650437929,60,-8.574125004,3.660724541,0.530362478,3.748592317,60,0.845241582
661.733,-8.574750328,3.650246134,60,-8.574712269,3.660667573,0.530309549,3.748541759,60,0.845354332
661.737,-8.574750328,3.650246134,60,-8.574713952,3.660665415,0.530307432,3.748539736,60,0.845355666
661.934,-8.574750328,3.650054339,60,-8.574789311,3.660559167,0.530203159,3.748440132,60,0.845419854
662.133,-8.575403294,3.650054339,60,-8.575352193,3.660449129,0.530097823,3.748339514,60,0.845555942
662.233,-8.575403294,3.649862544,60,-8.57545746,3.660394808,0.530044888,3.74828895,60,0.84559842
662.238,-8.575403294,3.649862544,60,-8.575469322,3.660392055,0.530042242,3.748286421,60,0.845601507
662.434,-8.57605626,3.649862544,60,-8.575986739,3.660286682,0.529938486,3.74819024,60,0.845730636
662.633,-8.57605626,3.649670749,60,-8.57605626,3.660184223,0.529833138,3.748094623,60,0.845795087
662.733,-8.57605626,3.649670749,60,-8.57605626,3.660132959,0.5297802,3.748046575,60,0.845822131
662.739,-8.57605626,3.649670749,60,-8.57605626,3.660129883,0.529777023,3.748043692,60,0.845823748
662.934,-8.57605626,3.649670749,60,-8.576135513,3.660029533,0.529673793,3.747949997,60,0.845887592
663.133,-8.576709226,3.649478953,60,-8.576630568,3.659924839,0.529568441,3.747854377,60,0.846013194
663.233,-8.576709226,3.649287158,60,-8.576779624,3.659872778,0.529515498,3.747806325,60,0.846061733
663.237,-8.576709226,3.649287158,60,-8.576784649,3.659870701,0.52951338,3.747804403,60,0.846063536
663.434,-8.577362192,3.649095363,60,-8.577290142,3.659766956,0.529409079,3.747709736,60,0.846190207
663.633,-8.577362192,3.649095363,60,-8.577490296,3.65966389,0.529303715,3.747614105,60,0.846272627
663.733,-8.578015158,3.649095363,60,-8.577849298,3.659610662,0.529250767,3.747566047,60,0.846351868
663.738,-8.578015158,3.649095363,60,-8.577870529,3.659607982,0.529248119,3.747563644,60,0.846356312
663.933,-8.577362192,3.648903568,60,-8.577409976,3.659510688,0.52914487,3.747469932,60,0.846340516
664.134,-8.577362192,3.648711773,60,-8.577420077,3.659407836,0.529038447,3.74737334,60,0.84639417
664.233,-8.578015158,3.648903568,60,-8.577969854,3.659354148,0.528986027,3.747325763,60,0.846500257
664.238,-8.578015158,3.648903568,60,-8.578000293,3.659351422,0.52898338,3.74732336,60,0.846506006
664.434,-8.578015158,3.648519978,60,-8.578015806,3.659251075,0.528879597,3.747229163,60,0.846559222
664.634,-8.578668124,3.648519978,60,-8.578647373,3.659145264,0.528773691,3.747133041,60,0.846703665
664.733,-8.578668124,3.648519978,60,-8.578703447,3.659094305,0.528721266,3.747085458,60,0.846737628
664.736,-8.57932109,3.648519978,60,-8.578715016,3.659092705,0.528719677,3.747084016,60,0.8467401
664.933,-8.578668124,3.648328182,60,-8.578754877,3.658991713,0.528615354,3.746989329,60,0.846797118
665.134,-8.57932109,3.648136387,60,-8.579263403,3.658886111,0.528508911,3.746892719,60,0.846923346
665.233,-8.57932109,3.648136387,60,-8.57932109,3.658835164,0.528456482,3.746845133,60,0.846957318
665.238,-8.57932109,3.648136387,60,-8.57932109,3.658832608,0.528453834,3.746842729,60,0.846958602
665.433,-8.57932109,3.648136387,60,-8.579391073,3.658732541,0.528350564,3.746748999,60,0.847018789
665.634,-8.579974056,3.647944592,60,-8.579897851,3.658626984,0.528244113,3.746652381,60,0.847144464
665.733,-8.579974056,3.647944592,60,-8.580046047,3.658575548,0.52819168,3.746604791,60,0.847191552
665.738,-8.579974056,3.647944592,60,-8.580054544,3.658572945,0.528189032,3.746602388,60,0.847194076
665.934,-8.580627022,3.647752797,60,-8.580546596,3.658469993,0.52808522,3.746508166,60,0.847316524
666.133,-8.580627022,3.647561002,60,-8.580627022,3.658367796,0.527979817,3.746412499,60,0.847379399
666.233,-8.580627022,3.647369206,60,-8.580696845,3.658316297,0.52792685,3.746364424,60,0.84741514
666.236,-8.580627022,3.647369206,60,-8.580700398,3.658314744,0.527925261,3.746362982,60,0.847416425
666.434,-8.581279988,3.647369206,60,-8.581211661,3.658210693,0.527820382,3.746267792,60,0.847541917
666.633,-8.581279988,3.647369206,60,-8.581279988,3.658108592,0.527714971,3.746172117,60,0.847602702
666.733,-8.581279988,3.647177411,60,-8.581322161,3.658057262,0.527662,3.746124039,60,0.847634242
666.738,-8.581279988,3.647177411,60,-8.581324952,3.658054692,0.527659351,3.746121635,60,0.847635918
666.933,-8.581932954,3.647177411,60,-8.581891746,3.657951892,0.527556054,3.74602788,60,0.847768505
667.134,-8.581932954,3.646985616,60,-8.581932954,3.657848944,0.527449574,3.745931236,60,0.847825542
667.233,-8.581932954,3.646985616,60,-8.581932954,3.657798374,0.527397129,3.745883636,60,0.847850521
667.238,-8.581932954,3.646985616,60,-8.581934573,3.657795811,0.527394481,3.745881232,60,0.847852019
667.434,-8.58258592,3.646793821,60,-8.582575834,3.65769211,0.527290646,3.745786988,60,0.847995524
667.634,-8.58258592,3.646793821,60,-8.58258592,3.657589868,0.527184688,3.745690818,60,0.848047488
667.733,-8.58258592,3.646602026,60,-8.58258592,3.657539308,0.527132239,3.745643214,60,0.848072349
667.736,-8.58258592,3.646602026,60,-8.58258592,3.657537776,0.527130649,3.745641771,60,0.848073098
667.934,-8.58258592,3.64641023,60,-8.582637191,3.657436414,0.527025751,3.745546563,60,0.848129908
668.134,-8.583238886,3.64641023,60,-8.583176274,3.657331313,0.526919789,3.745450389,60,0.848258751
668.233,-8.583238886,3.64641023,60,-8.583300487,3.65728007,0.526867336,3.745402781,60,0.848301684
668.239,-8.583238886,3.64641023,60,-8.583313369,3.657276934,0.526864157,3.745399896,60,0.848305067
668.434,-8.583891852,3.646218435,60,-8.583815912,3.657174546,0.526760836,3.745306119,60,0.848427608
668.634,-8.583891852,3.646218435,60,-8.584049303,3.657071089,0.526654862,3.745209934,60,0.848511976
668.733,-8.584544819,3.64602664,60,-8.584313639,3.657019046,0.526602403,3.745162321,60,0.848575634
668.738,-8.584544819,3.64602664,60,-8.584321096,3.65701645,0.526599754,3.745159916,60,0.848577992
668.934,-8.583891852,3.64602664,60,-8.584050237,3.656917869,0.526495895,3.745065652,60,0.848587167
669.133,-8.584544819,3.645834845,60,-8.584619813,3.656813127,0.526390447,3.744969943,60,0.848720003
669.233,-8.585197785,3.645834845,60,-8.585052372,3.656759643,0.526337454,3.744921846,60,0.848808474
669.237,-8.585197785,3.645834845,60,-8.585069093,3.656757507,0.526335334,3.744919922,60,0.84881193
669.433,-8.585197785,3.64564305,60,-8.585262598,3.656656292,0.526231464,3.744825646,60,0.848889532
669.634,-8.585850751,3.645451254,60,-8.585798268,3.656550609,0.52612494,3.744728962,60,0.849018724
669.733,-8.585850751,3.645451254,60,-8.585850751,3.656499724,0.526072471,3.74468134,60,0.849051395
669.738,-8.585850751,3.645451254,60,-8.585850751,3.656497169,0.526069821,3.744678935,60,0.849052656
669.934,-8.585850751,3.645451254,60,-8.585850751,3.656397044,0.525965943,3.744584652,60,0.849101729
670.134,-8.585850751,3.645259459,60,-8.585850751,3.656294933,0.525859945,3.744488445,60,0.849151344
670.233,-8.585850751,3.645259459,60,-8.585850751,3.656244409,0.525807476,3.744440823,60,0.849175723
670.238,-8.585850751,3.645259459,60,-8.585861735,3.656241796,0.525804826,3.744438418,60,0.849178564
670.434,-8.586503717,3.645067664,60,-8.586503338,3.656138177,0.525700943,3.744344132,60,0.849321137
670.634,-8.587156683,3.644875869,60,-8.587193425,3.656032169,0.525594933,3.744247914,60,0.84947235
670.733,-8.587809649,3.644875869,60,-8.587725975,3.655978592,0.525542454,3.744200282,60,0.849575545
670.736,-8.587809649,3.644875869,60,-8.587729049,3.65597704,0.525540864,3.744198839,60,0.849576765
670.933,-8.587809649,3.644684074,60,-8.587809649,3.655875853,0.525436432,3.744104054,60,0.84963862
671.134,-8.587809649,3.644492278,60,-8.587809649,3.655773126,0.52532988,3.744007344,60,0.849689252
671.233,-8.587809649,3.644492278,60,-8.58787509,3.655722185,0.525277398,3.74395971,60,0.849723596
671.238,-8.587809649,3.644492278,60,-8.587885438,3.655719573,0.525274748,3.743957305,60,0.849726361
671.434,-8.588462615,3.644492278,60,-8.588384934,3.655616646,0.525170842,3.743862997,60,0.849848786
671.634,-8.588462615,3.644300483,60,-8.588621625,3.655513124,0.525064811,3.743766761,60,0.849933637
671.733,-8.589115581,3.644300483,60,-8.588956166,3.655460407,0.525012324,3.743718868,60,0.850008126
671.738,-8.589115581,3.644300483,60,-8.588972615,3.655457733,0.525009673,3.743716435,60,0.850011857
671.933,-8.589115581,3.644108688,60,-8.589115581,3.655353945,0.524906286,3.743619302,60,0.85008808
672.133,-8.589115581,3.644108688,60,-8.589115581,3.655247698,0.524800248,3.743519011,60,0.850145435
672.233,-8.589115581,3.643916893,60,-8.589177803,3.65519425,0.524747228,3.743468865,60,0.85018307
672.237,-8.589115581,3.643916893,60,-8.589181643,3.655192104,0.524745107,3.743466859,60,0.850184773
672.433,-8.589768547,3.643916893,60,-8.589706454,3.655085093,0.524641186,3.74336857,60,0.850317745
672.634,-8.589768547,3.643725098,60,-8.589768547,3.654977999,0.524534609,3.74326777,60,0.850384205
672.733,-8.589768547,3.643725098,60,-8.589797317,3.654925281,0.524482116,3.743218122,60,0.850416498
672.738,-8.589768547,3.643725098,60,-8.589799084,3.654922617,0.524479465,3.743215615,60,0.850418174
672.934,-8.590421513,3.643725098,60,-8.590398148,3.654815215,0.524375535,3.743117318,60,0.850561804
673.134,-8.590421513,3.643341507,60,-8.590421513,3.654708888,0.524269481,3.743017012,60,0.850622059
673.233,-8.590421513,3.643341507,60,-8.590426421,3.654656315,0.524216984,3.74296736,60,0.850650723
673.238,-8.591074479,3.643341507,60,-8.590444627,3.65465356,0.524214332,3.742964852,60,0.850654808
673.434,-8.590421513,3.643341507,60,-8.590475425,3.654549367,0.524110397,3.74286655,60,0.850714562
673.633,-8.591074479,3.643149712,60,-8.591033741,3.654440674,0.524004868,3.742766741,60,0.850852371
673.733,-8.591074479,3.643149712,60,-8.591167214,3.654386859,0.523951837,3.742716584,60,0.850900121
673.736,-8.591074479,3.643149712,60,-8.591182713,3.65438518,0.523950246,3.742715079,60,0.850903244
673.934,-8.592380411,3.642957917,60,-8.59219487,3.654274386,0.523845236,3.742615761,60,0.851108264
674.134,-8.591727445,3.642766122,60,-8.591939305,3.654169576,0.523739161,3.742515436,60,0.851127689
674.233,-8.592380411,3.642766122,60,-8.592165601,3.654115754,0.523686654,3.742465775,60,0.851188941
674.238,-8.592380411,3.642766122,60,-8.592167494,3.654113089,0.523684002,3.742463267,60,0.851190636
674.433,-8.591727445,3.642766122,60,-8.59196098,3.654010749,0.523580579,3.742365449,60,0.851215099
674.633,-8.593033377,3.642382531,60,-8.592717769,3.653900389,0.523474501,3.74226512,60,0.851382513
674.733,-8.592380411,3.642574327,60,-8.5926095,3.653847908,0.52342146,3.742214954,60,0.851394778
674.738,-8.592380411,3.642574327,60,-8.592599244,3.653845312,0.523418808,3.742212446,60,0.851394674
674.933,-8.593033377,3.642382531,60,-8.593031054,3.65373942,0.523315376,3.74211462,60,0.851512848
675.134,-8.593686343,3.642190736,60,-8.593617644,3.65362942,0.523208755,3.742013778,60,0.851655933
675.233,-8.593686343,3.642190736,60,-8.593686343,3.653576457,0.523156238,3.741964108,60,0.851694119
675.236,-8.593686343,3.642190736,60,-8.593686343,3.653574863,0.523154647,3.741962603,60,0.85169497
675.433,-8.593686343,3.641998941,60,-8.593686343,3.653470271,0.523050144,3.741863763,60,0.851750542
675.634,-8.593686343,3.641807146,60,-8.5937683,3.653363151,0.522943518,3.741762917,60,0.851818837
675.733,-8.594339309,3.641998941,60,-8.594268387,3.65330782,0.522890999,3.741713244,60,0.851920108
675.738,-8.594339309,3.641998941,60,-8.594297162,3.653305006,0.522888347,3.741710736,60,0.85192574
675.933,-8.594339309,3.641807146,60,-8.594356773,3.653201152,0.522784896,3.741612892,60,0.851989374
676.133,-8.594992276,3.641615351,60,-8.594989181,3.653091443,0.522678789,3.741512537,60,0.852138714
676.233,-8.594992276,3.641615351,60,-8.595005225,3.653038247,0.522625734,3.741462357,60,0.852169338
676.238,-8.594992276,3.641615351,60,-8.595020361,3.653035508,0.522623081,3.741459848,60,0.852172975
676.433,-8.595645242,3.641423555,60,-8.59561281,3.65292863,0.522519619,3.741361993,60,0.852315348
676.634,-8.595645242,3.64123176,60,-8.595546331,3.652822233,0.522412969,3.741261124,60,0.852362524
676.733,-8.594992276,3.64123176,60,-8.595203564,3.6527716,0.522360442,3.741211444,60,0.852339809
676.737,-8.594992276,3.64123176,60,-8.595217659,3.6527694,0.52235832,3.741209437,60,0.852342992
676.933,-8.596298208,3.641039965,60,-8.596167039,3.652660072,0.522254323,3.741111076,60,0.852537546
677.134,-8.596298208,3.641039965,60,-8.596298208,3.65255258,0.522147665,3.7410102,60,0.852613652
677.233,-8.596298208,3.641039965,60,-8.596298208,3.652500014,0.522095133,3.740960514,60,0.852641504
677.238,-8.596298208,3.641039965,60,-8.596298208,3.652497359,0.522092479,3.740958005,60,0.852642907
677.434,-8.596298208,3.64084817,60,-8.596376769,3.652392888,0.521988475,3.740859637,60,0.852709272
677.634,-8.596951174,3.640656375,60,-8.596714042,3.652284852,0.521882344,3.740759259,60,0.852814813
677.733,-8.596298208,3.640656375,60,-8.596889195,3.652231326,0.521829808,3.74070957,60,0.852868233
677.739,-8.596951174,3.640656375,60,-8.596915186,3.652227996,0.521826624,3.740706559,60,0.85287373
677.934,-8.59760414,3.640656375,60,-8.597529409,3.652121018,0.521723138,3.740608683,60,0.853019023
678.134,-8.59760414,3.640464579,60,-8.59760414,3.652014376,0.521616995,3.740508292,60,0.853086408
678.233,-8.59760414,3.640464579,60,-8.597657442,3.651961513,0.521564454,3.740458599,60,0.853122033
678.237,-8.59760414,3.640464579,60,-8.597660458,3.651959373,0.521562331,3.740456591,60,0.853123599
678.434,-8.598257106,3.640272784,60,-8.598207818,3.651851703,0.521457776,3.740357703,60,0.853259575
678.634,-8.598257106,3.640080989,60,-8.598189204,3.651745586,0.521351625,3.740257306,60,0.853313118
678.733,-8.59760414,3.640080989,60,-8.598249598,3.651692692,0.521299081,3.740207609,60,0.853349688
678.738,-8.598257106,3.640080989,60,-8.598253594,3.651690015,0.521296427,3.740205099,60,0.853351673
678.934,-8.598257106,3.640080989,60,-8.598262726,3.651585941,0.521192399,3.740106709,60,0.853407568
679.134,-8.598910072,3.639889194,60,-8.598925527,3.651476085,0.521086243,3.740006307,60,0.853560901
679.233,-8.599563038,3.639697399,60,-8.599519044,3.651420183,0.521033692,3.739956605,60,0.853676191
679.238,-8.599563038,3.639697399,60,-8.599521502,3.651417512,0.521031038,3.739954095,60,0.853677976
679.434,-8.599563038,3.639697399,60,-8.599563038,3.651313128,0.520926994,3.73985569,60,0.853739609
679.634,-8.599563038,3.639697399,60,-8.599673268,3.651206283,0.520820826,3.739755276,60,0.853812117
679.733,-8.600216004,3.639505603,60,-8.600097641,3.651151324,0.520768272,3.73970557,60,0.85390251
679.736,-8.600216004,3.639505603,60,-8.600102514,3.651149703,0.520766679,3.739704064,60,0.85390408
679.934,-8.600216004,3.639313808,60,-8.600216004,3.651043861,0.520661566,3.739604647,60,0.853976775
680.133,-8.600216004,3.639122013,60,-8.600365278,3.65093733,0.52055592,3.739504728,60,0.854054675
680.233,-8.60086897,3.639122013,60,-8.600715395,3.650882253,0.520502831,3.739454516,60,0.854134406
680.238,-8.60086897,3.639122013,60,-8.600729041,3.650879521,0.520500176,3.739452005,60,0.854137832
680.433,-8.60086897,3.639122013,60,-8.60086897,3.650775128,0.520396648,3.739354088,60,0.854213493
680.634,-8.60086897,3.638930218,60,-8.601025633,3.650667493,0.520289933,3.739253157,60,0.854292979
680.733,-8.601521936,3.638930218,60,-8.601299196,3.650613378,0.52023737,3.739203444,60,0.854361114
680.738,-8.601521936,3.638930218,60,-8.60131264,3.650610646,0.520234715,3.739200933,60,0.854364504
680.933,-8.60086897,3.638738423,60,-8.601012421,3.650508767,0.520131183,3.739103012,60,0.85437478
681.134,-8.601521936,3.638738423,60,-8.601584593,3.650398875,0.520024463,3.739002077,60,0.854514964
681.233,-8.602174902,3.638546627,60,-8.602107183,3.650344191,0.519971897,3.738953154,60,0.854617455
681.237,-8.602174902,3.638546627,60,-8.602129885,3.650341984,0.519969773,3.738951189,60,0.8546218
681.434,-8.602827868,3.638354832,60,-8.602784898,3.650236335,0.519865162,3.738854901,60,0.854766633
681.633,-8.602827868,3.638354832,60,-8.602827868,3.650133106,0.519759486,3.738757688,60,0.854821737
681.733,-8.602827868,3.638354832,60,-8.602827868,3.650081372,0.519706382,3.738708837,60,0.8548461
681.739,-8.602827868,3.638354832,60,-8.602827868,3.650078268,0.519703196,3.738705906,60,0.854847562
681.934,-8.602827868,3.638163037,60,-8.602831663,3.649977404,0.519599643,3.738610647,60,0.854895262
682.134,-8.603480834,3.637971242,60,-8.603457376,3.649870471,0.519493431,3.738512942,60,0.85503594
682.233,-8.603480834,3.637971242,60,-8.603480834,3.649819123,0.519440854,3.738464576,60,0.855063474
682.238,-8.603480834,3.637971242,60,-8.603480834,3.649816537,0.519438199,3.738462133,60,0.855064683
682.434,-8.603480834,3.637971242,60,-8.603528203,3.649714905,0.519334107,3.738366378,60,0.855119032
682.634,-8.6041338,3.637779447,60,-8.604074213,3.64960841,0.519227888,3.738268666,60,0.855247974
682.734,-8.6041338,3.637779447,60,-8.6041338,3.649556341,0.519174776,3.738219808,60,0.855281062
682.737,-8.6041338,3.637779447,60,-8.6041338,3.649554789,0.519173182,3.738218342,60,0.855281789
682.934,-8.6041338,3.637587651,60,-8.60420613,3.649452492,0.519068552,3.738122091,60,0.855340074
683.134,-8.604786766,3.637587651,60,-8.604709665,3.649346225,0.518962324,3.738024371,60,0.855462783
683.234,-8.604786766,3.637395856,60,-8.605086239,3.64929237,0.518909207,3.737975509,60,0.855542695
683.239,-8.605439733,3.637395856,60,-8.605120009,3.649289593,0.518906551,3.737973066,60,0.855548896
683.434,-8.605439733,3.637395856,60,-8.605439733,3.649186833,0.518802968,3.737877779,60,0.855644132
683.634,-8.605439733,3.637204061,60,-8.605439733,3.649083303,0.518696728,3.737780047,60,0.855693096
683.734,-8.605439733,3.637204061,60,-8.605504612,3.649031192,0.518643608,3.737731182,60,0.855727008
683.739,-8.605439733,3.637204061,60,-8.605509935,3.649028575,0.518640952,3.737728738,60,0.855729009
683.934,-8.606092699,3.637012266,60,-8.60602459,3.648924773,0.518537364,3.737633447,60,0.855852562
684.134,-8.606092699,3.636820471,60,-8.606205271,3.648820226,0.518431116,3.737535708,60,0.855928165
684.234,-8.606745665,3.636628675,60,-8.606645445,3.648765988,0.51837799,3.737486837,60,0.856017675
684.237,-8.606745665,3.636628675,60,-8.606661157,3.648764347,0.518376396,3.737485371,60,0.856020731
684.434,-8.606745665,3.636628675,60,-8.606745665,3.64866184,0.518271734,3.737389091,60,0.856081815
684.634,-8.606745665,3.63643688,60,-8.606745665,3.648558298,0.518165478,3.737291345,60,0.856130817
684.734,-8.606745665,3.63643688,60,-8.606745665,3.648506545,0.51811235,3.737242472,60,0.856155142
684.739,-8.606745665,3.63643688,60,-8.606753711,3.648503913,0.518109693,3.737240029,60,0.856157545
684.934,-8.607398631,3.636245085,60,-8.607385465,3.648399442,0.51800609,3.737144723,60,0.856298409
685.134,-8.607398631,3.636245085,60,-8.607461004,3.648295466,0.517899826,3.737046969,60,0.856358506
685.234,-8.608051597,3.636245085,60,-8.607973107,3.648240818,0.517846691,3.736998091,60,0.856458658
685.239,-8.608051597,3.636245085,60,-8.607977858,3.648238201,0.517844035,3.736995647,60,0.856460605
685.434,-8.608051597,3.63605329,60,-8.608051597,3.648136773,0.517740419,3.73690033,60,0.85651965
685.634,-8.608051597,3.635861495,60,-8.608051597,3.648033211,0.517634147,3.736802569,60,0.856568697
685.734,-8.608051597,3.635861495,60,-8.608051597,3.647981448,0.517581011,3.736753689,60,0.856593048
685.737,-8.608051597,3.635861495,60,-8.608051597,3.647979896,0.517579417,3.736752222,60,0.856593777
685.934,-8.608051597,3.635861495,60,-8.608126399,3.647877537,0.517474739,3.736655928,60,0.856652513
686.134,-8.608704563,3.6356697,60,-8.608782823,3.647770354,0.517368462,3.736558163,60,0.856798007
686.234,-8.609357529,3.6356697,60,-8.609199785,3.647716225,0.51731532,3.736509277,60,0.856884195
686.239,-8.609357529,3.6356697,60,-8.609215748,3.647713546,0.517312663,3.736506833,60,0.856887791
686.434,-8.609357529,3.635477904,60,-8.609435391,3.647611274,0.517209032,3.736411502,60,0.85696847
686.634,-8.610010495,3.635286109,60,-8.60993662,3.647504819,0.517102739,3.736313722,60,0.857092179
686.734,-8.610010495,3.635286109,60,-8.610010495,3.647452568,0.517049591,3.736264831,60,0.857128005
686.739,-8.610010495,3.635286109,60,-8.610010495,3.647449976,0.517046934,3.736262386,60,0.857129249
686.934,-8.610010495,3.635094314,60,-8.610010495,3.647348919,0.516943295,3.736167048,60,0.857177567
687.134,-8.610010495,3.635094314,60,-8.610010495,3.647245318,0.516836999,3.736069265,60,0.857226742
687.234,-8.610010495,3.634902519,60,-8.61004693,3.64719333,0.51678385,3.736020373,60,0.857256565
687.237,-8.610010495,3.634902519,60,-8.610048288,3.647191769,0.516782256,3.736018906,60,0.857257499
687.434,-8.610663461,3.634710724,60,-8.610663032,3.647086293,0.51667755,3.735922586,60,0.857396674
687.634,-8.611316427,3.634710724,60,-8.611307167,3.646979016,0.516571241,3.735824792,60,0.857541531
687.734,-8.611316427,3.634710724,60,-8.611317678,3.646927101,0.516518085,3.735775893,60,0.857568091
687.739,-8.611316427,3.634710724,60,-8.611333486,3.646924419,0.516515427,3.735773448,60,0.857571677
687.934,-8.611969393,3.634518928,60,-8.611926247,3.646819963,0.516411769,3.735678092,60,0.857708178
688.134,-8.611316427,3.634518928,60,-8.611431434,3.646719031,0.516305452,3.73558029,60,0.857684934
688.234,-8.611969393,3.634518928,60,-8.61187792,3.646664708,0.516252293,3.735531389,60,0.857775635
688.239,-8.611969393,3.634518928,60,-8.61188366,3.646662084,0.516249635,3.735528944,60,0.857777727
688.434,-8.611969393,3.634327133,60,-8.612027698,3.646560187,0.516145973,3.735433584,60,0.857847441
688.634,-8.612622359,3.634135338,60,-8.612554465,3.646453539,0.516039648,3.735335775,60,0.857975179
688.734,-8.612622359,3.634135338,60,-8.612622359,3.646401295,0.515986484,3.735286869,60,0.858010226
688.737,-8.612622359,3.634135338,60,-8.612622359,3.646399739,0.515984889,3.735285402,60,0.858010974
688.934,-8.612622359,3.634135338,60,-8.612622359,3.646297594,0.515880155,3.735189056,60,0.858059994
689.134,-8.612622359,3.633943543,60,-8.612937714,3.646192163,0.515773826,3.735091242,60,0.858156067
689.234,-8.613928291,3.633751748,60,-8.613613116,3.646136515,0.515720657,3.735042332,60,0.858280941
689.239,-8.613928291,3.633751748,60,-8.613647021,3.64613373,0.515717999,3.735039887,60,0.858287221
689.434,-8.613928291,3.633559952,60,-8.613928291,3.646030921,0.515614314,3.734944506,60,0.858378374
689.634,-8.613928291,3.633559952,60,-8.614070628,3.64592632,0.515507968,3.734846678,60,0.85844996
689.734,-8.614581257,3.633559952,60,-8.614388896,3.645872631,0.515454794,3.734797762,60,0.858522354
689.739,-8.614581257,3.633559952,60,-8.614407147,3.645869934,0.515452135,3.734795316,60,0.858526322
689.934,-8.613928291,3.633368157,60,-8.614045031,3.645770764,0.515348445,3.734699931,60,0.858521939
690.134,-8.614581257,3.633368157,60,-8.614536374,3.645664273,0.515242096,3.7346021,60,0.858644638
690.234,-8.614581257,3.633176362,60,-8.614610641,3.645611971,0.51518892,3.734553182,60,0.858680711
690.237,-8.614581257,3.633176362,60,-8.614611698,3.645610409,0.515187325,3.734551715,60,0.858681619
690.434,-8.615234223,3.633176362,60,-8.615233916,3.645504683,0.515082563,3.734455344,60,0.858823327
690.634,-8.615887189,3.632984567,60,-8.615887173,3.645396977,0.514976198,3.734357277,60,0.858973701
690.734,-8.615887189,3.632792772,60,-8.615887189,3.645344642,0.514923014,3.734307859,60,0.859005406
690.739,-8.615887189,3.632792772,60,-8.615887189,3.645342026,0.514920355,3.734305389,60,0.859006985
690.934,-8.615887189,3.632792772,60,-8.615887189,3.645240013,0.514816645,3.734209024,60,0.859068467
691.134,-8.615887189,3.632600976,60,-8.615976999,3.645134928,0.514710276,3.734110189,60,0.859144406
691.234,-8.616540156,3.632600976,60,-8.616436858,3.645080055,0.514657089,3.734060769,60,0.859243822
691.239,-8.616540156,3.632600976,60,-8.616443587,3.645077402,0.51465443,3.734058298,60,0.859246395
691.434,-8.616540156,3.632600976,60,-8.616540156,3.644974846,0.514550712,3.733961927,60,0.859322092
691.634,-8.616540156,3.632217386,60,-8.616682513,3.644869457,0.514444335,3.733863084,60,0.859405877
691.734,-8.617193122,3.632409181,60,-8.617148288,3.644814541,0.514391144,3.733813661,60,0.859506253
691.737,-8.617846088,3.632409181,60,-8.617164195,3.644812882,0.514389548,3.733812178,60,0.859509557
691.934,-8.616540156,3.632217386,60,-8.616776555,3.644711993,0.51428476,3.733714812,60,0.859514169
692.134,-8.617193122,3.632025591,60,-8.617114284,3.644605566,0.514178379,3.733615965,60,0.859626327
692.234,-8.617193122,3.631833796,60,-8.617193122,3.644552847,0.514125186,3.73356654,60,0.859669153
692.239,-8.617193122,3.631833796,60,-8.617193122,3.644550233,0.514122527,3.733564069,60,0.85967071
692.434,-8.617193122,3.632025591,60,-8.61726762,3.644447895,0.514018801,3.73346769,60,0.859742304
692.634,-8.617846088,3.631833796,60,-8.617778206,3.644340488,0.513912412,3.733368836,60,0.859880105
692.734,-8.617846088,3.631833796,60,-8.617846088,3.644287818,0.513859216,3.733319407,60,0.859921381
692.739,-8.617846088,3.631833796,60,-8.617846088,3.644285204,0.513856556,3.733316936,60,0.859922943
692.934,-8.617846088,3.631642,60,-8.617898462,3.644182969,0.513752822,3.733220549,60,0.859991385
693.134,-8.618499054,3.631642,60,-8.618460742,3.64407525,0.513646425,3.733121688,60,0.860136986
693.234,-8.618499054,3.631450205,60,-8.618523633,3.644022595,0.513593225,3.733072256,60,0.860177617
693.236,-8.618499054,3.631450205,60,-8.618524202,3.644021545,0.513592161,3.733071267,60,0.860178328
693.434,-8.61915202,3.631450205,60,-8.619140267,3.643914506,0.513486819,3.732973387,60,0.860331779
693.634,-8.61915202,3.63125841,60,-8.619170602,3.643809673,0.51338041,3.732874514,60,0.860399322
693.734,-8.619804986,3.631066615,60,-8.619748277,3.643754098,0.513327203,3.732825076,60,0.860516459
693.739,-8.619804986,3.631066615,60,-8.619735595,3.643751551,0.513324543,3.732822604,60,0.860516168
693.934,-8.61915202,3.631066615,60,-8.619262416,3.643652152,0.51322079,3.732726199,60,0.860507565
694.134,-8.620457952,3.63087482,60,-8.620356163,3.643541355,0.513114373,3.732627319,60,0.860732664
694.234,-8.620457952,3.631066615,60,-8.620557841,3.643487838,0.51306116,3.732577876,60,0.860794486
694.239,-8.621110918,3.631066615,60,-8.620579692,3.643485096,0.513058499,3.732575403,60,0.860799323
694.434,-8.620457952,3.63087482,60,-8.62059351,3.643382849,0.512954732,3.732478985,60,0.860863777
694.634,-8.621110918,3.630683024,60,-8.621037035,3.643275605,0.512848302,3.732380094,60,0.86099323
694.734,-8.621110918,3.630683024,60,-8.621110918,3.6432228,0.512795085,3.732330646,60,0.861036135
694.737,-8.621110918,3.630683024,60,-8.621110918,3.643221228,0.512793489,3.732329163,60,0.861037093
694.934,-8.621110918,3.630491229,60,-8.621189659,3.6431176,0.512688652,3.732231751,60,0.861111506
695.134,-8.621763884,3.630299434,60,-8.621685627,3.64301005,0.512582214,3.732132852,60,0.861248792
695.234,-8.621763884,3.630299434,60,-8.621763884,3.642957213,0.512528994,3.732083401,60,0.861292386
695.239,-8.621763884,3.630299434,60,-8.621763884,3.642954593,0.512526333,3.732080929,60,0.861293985
695.434,-8.621763884,3.630107639,60,-8.62183583,3.642852034,0.512422552,3.731984499,60,0.861366833
695.634,-8.62241685,3.630107639,60,-8.622352834,3.64274435,0.512316106,3.731885592,60,0.861507341
695.734,-8.62241685,3.629915844,60,-8.62241685,3.642691583,0.512262882,3.731836137,60,0.86154888
695.739,-8.62241685,3.629915844,60,-8.62241685,3.642688962,0.512260221,3.731833665,60,0.861550483
695.934,-8.62241685,3.629724049,60,-8.62241685,3.642586792,0.512156432,3.731737227,60,0.861612739
696.134,-8.62241685,3.629724049,60,-8.622479172,3.642481695,0.512049982,3.731638317,60,0.861685477
696.234,-8.623069816,3.629724049,60,-8.623025104,3.642426252,0.511996756,3.73158886,60,0.861798221
696.236,-8.623069816,3.629724049,60,-8.623037161,3.642425136,0.511995691,3.731587871,60,0.861800645
696.434,-8.623069816,3.629724049,60,-8.623074842,3.642321162,0.511890298,3.731489943,60,0.861869575
696.634,-8.624375748,3.629340458,60,-8.624303805,3.64220939,0.511783832,3.731391018,60,0.862116421
696.734,-8.623722782,3.629340458,60,-8.623829547,3.642159575,0.511730598,3.731341553,60,0.86207862
696.739,-8.623722782,3.629340458,60,-8.623855018,3.64215681,0.511727936,3.73133908,60,0.862084005
696.934,-8.625028714,3.629340458,60,-8.624940077,3.642048402,0.511624124,3.731242621,60,0.862308384
697.134,-8.625028714,3.629148663,60,-8.625028714,3.641942866,0.511517642,3.731143681,60,0.862387253
697.234,-8.625028714,3.628956868,60,-8.625028714,3.641890363,0.511464401,3.731094211,60,0.862420011
697.239,-8.625028714,3.628956868,60,-8.625028714,3.641887738,0.511461739,3.731091738,60,0.862421644
697.434,-8.625028714,3.628956868,60,-8.625028714,3.641785394,0.511357919,3.730995271,60,0.862485182
697.634,-8.625028714,3.628956868,60,-8.625028714,3.641680473,0.511251438,3.730896331,60,0.862549939
697.734,-8.625028714,3.628765073,60,-8.625103253,3.641627608,0.511198196,3.730846861,60,0.862593247
697.737,-8.625028714,3.628765073,60,-8.625108528,3.641626006,0.511196599,3.730845377,60,0.862594997
697.934,-8.62568168,3.628573277,60,-8.625601584,3.641519902,0.511091711,3.730747917,60,0.862731856
698.134,-8.62568168,3.628573277,60,-8.625835873,3.641413646,0.51098522,3.730648969,60,0.86283148
698.234,-8.626334646,3.628381482,60,-8.626251275,3.641358831,0.510931973,3.730599494,60,0.862925674
698.239,-8.626334646,3.628573277,60,-8.626276857,3.641356063,0.510929311,3.73059702,60,0.862931103
698.434,-8.626987613,3.628381482,60,-8.626848219,3.641250432,0.510825472,3.730500536,60,0.863080027
698.634,-8.626334646,3.628381482,60,-8.626394217,3.641147952,0.51071897,3.730401577,60,0.863078129
698.734,-8.626334646,3.628189687,60,-8.626376768,3.641095584,0.510665721,3.730352099,60,0.863107906
698.739,-8.626334646,3.628189687,60,-8.626379554,3.641092946,0.510663059,3.730349625,60,0.863109936
698.934,-8.626987613,3.627997892,60,-8.626946464,3.640987443,0.510559219,3.730253141,60,0.863257331
699.134,-8.626987613,3.627997892,60,-8.626987613,3.640882236,0.510452713,3.730154178,60,0.863328463
699.234,-8.626987613,3.627997892,60,-8.626992312,3.640829737,0.51039946,3.730104697,60,0.86336157
699.237,-8.626987613,3.627997892,60,-8.626992464,3.640828162,0.510397863,3.730103212,60,0.863362565
699.434,-8.627640579,3.627806097,60,-8.627633598,3.64072117,0.51029295,3.730005731,60,0.863521778
699.634,-8.627640579,3.627614301,60,-8.62769278,3.640615834,0.510186436,3.729906761,60,0.863595762
699.734,-8.628293545,3.627614301,60,-8.628224351,3.640560341,0.510133177,3.729857274,60,0.863707374
699.739,-8.628293545,3.627614301,60,-8.628228442,3.640557691,0.510130514,3.729854799,60,0.863709632
699.934,-8.628293545,3.627422506,60,-8.628342899,3.640454613,0.510026655,3.72975829,60,0.863790131
700.134,-8.628946511,3.627422506,60,-8.628885377,3.640346583,0.509920129,3.72965914,60,0.863921279
700.234,-8.628946511,3.627230711,60,-8.628946511,3.64029375,0.509866864,3.729609531,60,0.863952818
700.239,-8.628946511,3.627230711,60,-8.628946511,3.640291126,0.509864201,3.729607051,60,0.863953938
700.434,-8.628946511,3.627230711,60,-8.62901973,3.640188388,0.509760333,3.729510313,60,0.864008363
700.634,-8.629599477,3.627038916,60,-8.629521924,3.640080613,0.509653799,3.72941109,60,0.864127664
700.734,-8.629599477,3.627038916,60,-8.629599477,3.640027686,0.50960053,3.729361478,60,0.864161633
700.736,-8.629599477,3.627038916,60,-8.629599477,3.640026636,0.509599465,3.729360485,60,0.864162082
700.934,-8.629599477,3.626847121,60,-8.629599477,3.63992273,0.509493992,3.729262252,60,0.864206286
701.134,-8.629599477,3.626847121,60,-8.629750189,3.639816971,0.509387453,3.729163025,60,0.864272954
701.234,-8.630252443,3.626655325,60,-8.630107076,3.639762504,0.509334182,3.729113411,60,0.864348175
701.239,-8.630252443,3.626655325,60,-8.630127986,3.639759763,0.509331518,3.72911093,60,0.864352395
701.434,-8.630252443,3.626655325,60,-8.630252443,3.639656728,0.509227636,3.729014178,60,0.864414408
701.634,-8.630252443,3.62646353,60,-8.630361534,3.639551189,0.50912109,3.728914944,60,0.864474951
701.734,-8.630905409,3.626271735,60,-8.63080911,3.639496206,0.509067814,3.728865325,60,0.86456368
701.739,-8.630905409,3.626271735,60,-8.630835626,3.639493434,0.509065151,3.728862844,60,0.864568733
701.934,-8.630905409,3.626271735,60,-8.630938368,3.6393905,0.50896126,3.728766085,60,0.864627634
702.135,-8.631558375,3.62607994,60,-8.631570832,3.639281428,0.508854169,3.728666344,60,0.864766723
702.234,-8.632211341,3.62607994,60,-8.632201238,3.639225873,0.508801418,3.728617214,60,0.864882954
702.238,-8.632211341,3.62607994,60,-8.632211341,3.639223714,0.508799287,3.728615229,60,0.864885373
702.434,-8.632211341,3.625888145,60,-8.632211341,3.639120687,0.508694848,3.728517958,60,0.864930356
702.634,-8.632211341,3.625888145,60,-8.632278614,3.639015228,0.508588277,3.728418702,60,0.864985856
702.734,-8.632864307,3.625696349,60,-8.632741424,3.638960084,0.50853499,3.728369072,60,0.865077426
702.739,-8.632864307,3.625696349,60,-8.632733233,3.638957502,0.508532326,3.728366591,60,0.865077355
702.934,-8.632211341,3.625696349,60,-8.632322587,3.638857357,0.508428416,3.728269812,60,0.865060579
703.134,-8.632864307,3.625696349,60,-8.632798923,3.638749663,0.508321841,3.728170553,60,0.865176351
703.234,-8.632864307,3.625504554,60,-8.632864307,3.638696771,0.508268552,3.728120921,60,0.865208643
703.239,-8.632864307,3.625504554,60,-8.632864307,3.638694145,0.508265887,3.728118439,60,0.865209769
703.434,-8.632864307,3.625312759,60,-8.633015303,3.638590895,0.508161973,3.728021657,60,0.865276048
703.634,-8.634170239,3.625312759,60,-8.633856169,3.638481084,0.508055387,3.727922387,60,0.865446555
703.734,-8.633517273,3.625312759,60,-8.633750244,3.63842911,0.508002092,3.72787275,60,0.865453703
703.737,-8.633517273,3.625312759,60,-8.633745141,3.638427562,0.508000493,3.72787126,60,0.865453627
703.934,-8.634170239,3.625120964,60,-8.634091597,3.638322085,0.5078955,3.727773474,60,0.865550029
704.134,-8.634170239,3.624929169,60,-8.634170239,3.638216523,0.507788906,3.727674196,60,0.865607366
704.234,-8.634170239,3.624737373,60,-8.634170239,3.638163977,0.507735609,3.727624557,60,0.865630062
704.239,-8.634170239,3.624737373,60,-8.634170239,3.63816135,0.507732944,3.727622075,60,0.865631196
704.434,-8.634170239,3.624737373,60,-8.634231052,3.638058576,0.507629014,3.727525278,60,0.865684224
704.634,-8.634823205,3.624545578,60,-8.634774265,3.637950452,0.507522415,3.727425996,60,0.865810238
704.734,-8.634823205,3.624545578,60,-8.634852061,3.63789746,0.507469114,3.727376353,60,0.865844559
704.739,-8.634823205,3.624545578,60,-8.634853832,3.637894822,0.507466449,3.727373871,60,0.86584596
704.934,-8.635476171,3.624353783,60,-8.635449969,3.637788964,0.507362507,3.727277064,60,0.865979212
705.134,-8.635476171,3.624353783,60,-8.635488631,3.637683578,0.507255896,3.72717777,60,0.866030876
705.234,-8.636129137,3.624353783,60,-8.636115954,3.637627464,0.507202589,3.727128122,60,0.866147212
705.237,-8.636129137,3.624353783,60,-8.636106739,3.637625938,0.50720099,3.727126632,60,0.866146539
705.434,-8.635476171,3.624161988,60,-8.63554852,3.637525473,0.507095974,3.727028824,60,0.866108754
705.634,-8.636782103,3.624161988,60,-8.63670092,3.637413827,0.506989355,3.726929523,60,0.866326216
705.734,-8.636782103,3.623970193,60,-8.636736218,3.637360991,0.506936042,3.726879869,60,0.866354824
705.739,-8.636782103,3.623970193,60,-8.636723454,3.637358432,0.506933376,3.726877387,60,0.866354086
705.934,-8.636129137,3.623970193,60,-8.636310383,3.637258182,0.506829419,3.726780564,60,0.866337527
706.134,-8.63743507,3.623778397,60,-8.63729696,3.637147443,0.506722791,3.726681256,60,0.866530463
706.234,-8.63743507,3.623586602,60,-8.637503454,3.637093635,0.506669474,3.726631598,60,0.866584615
706.239,-8.63743507,3.623586602,60,-8.637513344,3.637090947,0.506666808,3.726629115,60,0.866587257
706.434,-8.638088036,3.623586602,60,-8.638008859,3.636985464,0.506562835,3.726532278,60,0.866706963
706.634,-8.638088036,3.623586602,60,-8.638088036,3.636879665,0.506456192,3.726432955,60,0.866766032
706.734,-8.638088036,3.623394807,60,-8.638088036,3.636827003,0.506402871,3.726383293,60,0.866789543
706.736,-8.638088036,3.623394807,60,-8.638088036,3.63682595,0.506401804,3.7263823,60,0.866790013
706.934,-8.638088036,3.623394807,60,-8.638163912,3.636721286,0.506296227,3.726283969,60,0.866847578
707.134,-8.638741002,3.623011217,60,-8.638670865,3.636613136,0.50618958,3.726184642,60,0.866969878
707.234,-8.638741002,3.623203012,60,-8.638797109,3.636559758,0.506136255,3.726134977,60,0.867012213
707.239,-8.638741002,3.623203012,60,-8.638801248,3.636557101,0.506133589,3.726132493,60,0.867014007
707.434,-8.639393968,3.622819422,60,-8.639336592,3.636451362,0.5060296,3.726035642,60,0.86713984
707.634,-8.639393968,3.622819422,60,-8.639393968,3.636345648,0.505922941,3.725936304,60,0.867195849
707.734,-8.639393968,3.622819422,60,-8.639942538,3.636289868,0.50586961,3.725886633,60,0.867301272
707.739,-8.640046934,3.622819422,60,-8.639975044,3.63628705,0.505866943,3.725884149,60,0.8673073
707.934,-8.639393968,3.622627626,60,-8.639429197,3.636187354,0.505762946,3.725787291,60,0.867272318
708.134,-8.640046934,3.622627626,60,-8.640043759,3.636078564,0.505656283,3.725687948,60,0.867410926
708.234,-8.640046934,3.622435831,60,-8.640060118,3.636025782,0.50560295,3.725638275,60,0.867437005
708.237,-8.640046934,3.622435831,60,-8.640069311,3.63602415,0.505601349,3.725636785,60,0.867439082
708.434,-8.6406999,3.622435831,60,-8.640667733,3.635916965,0.505496278,3.725538925,60,0.867575005
708.634,-8.6406999,3.622052241,60,-8.640793835,3.635810821,0.505389603,3.725439572,60,0.867641493
708.734,-8.641352866,3.622244036,60,-8.641245881,3.635755554,0.505336263,3.725389893,60,0.867732769
708.739,-8.641352866,3.622244036,60,-8.641252941,3.635752877,0.505333596,3.725387409,60,0.867735032
708.934,-8.641352866,3.622052241,60,-8.641352866,3.635649461,0.50522958,3.725290532,60,0.867796881
709.134,-8.641352866,3.622052241,60,-8.641497157,3.635543193,0.505122896,3.725191171,60,0.867866253
709.234,-8.642005832,3.621860446,60,-8.641855938,3.63548844,0.505069553,3.725141489,60,0.867943712
709.239,-8.642005832,3.621860446,60,-8.641868603,3.635485731,0.505066885,3.725139004,60,0.867946809
709.434,-8.642005832,3.621860446,60,-8.642005832,3.635381982,0.504962862,3.72504184,60,0.868021388
709.634,-8.642005832,3.62166865,60,-8.642163249,3.635275315,0.50485617,3.724941665,60,0.868113146
709.734,-8.642658798,3.62166865,60,-8.642211192,3.635222159,0.504802823,3.724891577,60,0.868154396
709.737,-8.642005832,3.62166865,60,-8.642205964,3.635220602,0.504801222,3.724890074,60,0.86815464
709.934,-8.642658798,3.621476855,60,-8.642657676,3.635113883,0.504696127,3.724791398,60,0.86828908
710.134,-8.643311764,3.621476855,60,-8.643111794,3.635005502,0.504589424,3.724691212,60,0.868425387
710.234,-8.642658798,3.62128506,60,-8.642834181,3.634954156,0.504536072,3.72464112,60,0.868418249
710.239,-8.642658798,3.62128506,60,-8.642813935,3.634951625,0.504533405,3.724638615,60,0.86841694
710.434,-8.643311764,3.621093265,60,-8.643310469,3.634845712,0.504429368,3.724540933,60,0.868557329
710.634,-8.64396473,3.621093265,60,-8.643856758,3.634736807,0.504322657,3.72444074,60,0.868707384
710.734,-8.643311764,3.621093265,60,-8.173434237,3.637321395,0.504269345,3.724390684,60,0.800230091
710.739,-3.8884129,3.648519978,60,-4.102398295,3.660149585,0.504267411,3.724388869,60,0.308640027
710.934,-3.862947223,3.65082152,60,-3.865578911,3.662314816,0.504220752,3.72434506,60,0.281525238
711.134,-3.860335359,3.651972291,60,-3.860627769,3.663169234,0.504173068,3.724300289,60,0.277696257
711.234,-3.860335359,3.652355881,60,-3.860267722,3.663571323,0.504149238,3.724277914,60,0.276038991
711.237,-3.860335359,3.652355881,60,-3.860264654,3.663583253,0.504148524,3.724277243,60,0.275990426
711.434,-3.859682393,3.652931267,60,-3.859683506,3.664348824,0.504101584,3.724233171,60,0.272816572
711.634,-3.859029427,3.653506653,60,-3.858956325,3.665093765,0.504053938,3.724188435,60,0.269724713
711.734,-3.858376461,3.653698448,60,-3.858522666,3.665454557,0.504030119,3.724166071,60,0.26822099
711.739,-3.858376461,3.653698448,60,-3.858501068,3.665472462,0.504028928,3.724164952,60,0.268146493
711.934,-3.858376461,3.654082038,60,-3.858303359,3.66614914,0.503982484,3.724121346,60,0.265357015
712.134,-3.857723495,3.654465629,60,-3.857796597,3.666815216,0.503934854,3.724076625,60,0.262584015
712.234,-3.857723495,3.654657424,60,-3.85765992,3.667136699,0.503911041,3.724054266,60,0.261250255
712.239,-3.857723495,3.654657424,60,-3.857655115,3.667152641,0.50390985,3.724053148,60,0.261184219
712.435,-3.857070529,3.655041014,60,-3.857071637,3.667763423,0.503863181,3.724009329,60,0.258623763
712.634,-3.856417563,3.655232809,60,-3.856637237,3.668356111,0.503815804,3.723964847,60,0.256141208
712.734,-3.857070529,3.655424605,60,-3.856789049,3.668642064,0.503791997,3.723942494,60,0.254964181
712.737,-3.857070529,3.655424605,60,-3.856795873,3.668650564,0.503791283,3.723941823,60,0.254929323
712.934,-3.855764597,3.655808195,60,-3.855913028,3.669201614,0.503744387,3.723897792,60,0.252580326
713.134,-3.855764597,3.65599999,60,-3.855910802,3.669731863,0.503696784,3.723853097,60,0.250367148
713.234,-3.856417563,3.656191785,60,-3.856207457,3.669986416,0.503672982,3.723830748,60,0.249320587
713.239,-3.856417563,3.656191785,60,-3.856224225,3.669999034,0.503671791,3.723829631,60,0.249268807
713.434,-3.855764597,3.65638358,60,-3.855766471,3.670484172,0.503625376,3.72378605,60,0.247204497
713.634,-3.855111631,3.656575376,60,-3.855330938,3.670959921,0.503577777,3.723741359,60,0.245174033
713.734,-3.855764597,3.656575376,60,-3.855554491,3.671187326,0.503553978,3.723719014,60,0.244227279
713.739,-3.855764597,3.656575376,60,-3.855571259,3.671198576,0.503552788,3.723717896,60,0.24418076
713.934,-3.855111631,3.656958966,60,-3.855186608,3.671631257,0.503506381,3.723674323,60,0.242324231
714.134,-3.855111631,3.657150761,60,-3.854965426,3.672054526,0.503458787,3.723629637,60,0.240510315
714.234,-3.854458665,3.657150761,60,-3.854604869,3.672260384,0.503434992,3.723607295,60,0.239610187
714.237,-3.854458665,3.657150761,60,-3.854591911,3.672266524,0.503434278,3.723606625,60,0.239583189
714.434,-3.854458665,3.657342556,60,-3.854385562,3.672655424,0.503387406,3.723562616,60,0.23790564
714.634,-3.853805699,3.657534352,60,-3.853878801,3.673034206,0.503339824,3.72351794,60,0.236246364
714.734,-3.853805699,3.657726147,60,-3.853805699,3.673216119,0.503316035,3.723495604,60,0.23545671
714.739,-3.853805699,3.657726147,60,-3.853805699,3.673225122,0.503314845,3.723494487,60,0.235417808
714.934,-3.853805699,3.657917942,60,-3.853805699,3.673566581,0.503268457,3.723450933,60,0.233937882
715.134,-3.853805699,3.658109737,60,-3.853805699,3.673900877,0.503220879,3.723406261,60,0.232481361
715.234,-3.853805699,3.658109737,60,-3.8538696,3.67406181,0.50319709,3.723383925,60,0.231780894
715.239,-3.853805699,3.658109737,60,-3.853874429,3.674069782,0.503195901,3.723382808,60,0.231746256
715.434,-3.854458665,3.658301532,60,-3.854310585,3.674370556,0.503149508,3.72333925,60,0.230449161
715.634,-3.853805699,3.658493328,60,-3.853878801,3.674669633,0.503101927,3.723294574,60,0.229102536
715.734,-3.853805699,3.658493328,60,-3.853873336,3.674812743,0.503078137,3.723272238,60,0.228466565
715.737,-3.853805699,3.658493328,60,-3.853876404,3.674816983,0.503077424,3.723271568,60,0.228447883
715.934,-3.854458665,3.658685123,60,-3.854311347,3.67508621,0.503030556,3.723227563,60,0.227270241
716.134,-3.853805699,3.658876918,60,-3.853732596,3.675352268,0.502982975,3.723182888,60,0.226042613
716.234,-3.853152732,3.658876918,60,-3.853235036,3.675481773,0.502959188,3.723160554,60,0.22543033
716.239,-3.853152732,3.658876918,60,-3.853208609,3.675488205,0.502957998,3.723159437,60,0.225399794
716.434,-3.852499766,3.659068713,60,-3.852647846,3.675729438,0.502911621,3.723115893,60,0.224273678
716.634,-3.853152732,3.659068713,60,-3.852933425,3.675960399,0.502864056,3.723071233,60,0.223232279
716.734,-3.852499766,3.659260508,60,-3.852709872,3.676073648,0.502840273,3.723048903,60,0.222698966
716.739,-3.852499766,3.659260508,60,-3.852693104,3.676079294,0.502839084,3.723047786,60,0.22267204
716.934,-3.853152732,3.659260508,60,-3.853004653,3.676287709,0.502792707,3.723004242,60,0.221723082
717.134,-3.852499766,3.659452304,60,-3.852572869,3.676495195,0.502745141,3.722959582,60,0.220730794
717.234,-3.852499766,3.659452304,60,-3.852433988,3.676594678,0.50272136,3.722937254,60,0.220255532
717.238,-3.852499766,3.659452304,60,-3.85243001,3.676598614,0.502720409,3.722936361,60,0.220236778
717.434,-3.8518468,3.659644099,60,-3.851994133,3.676787159,0.502673802,3.722892601,60,0.219320889
717.635,-3.852499766,3.659644099,60,-3.85242811,3.676966019,0.502626007,3.722847724,60,0.218487609
717.734,-3.852499766,3.659644099,60,-3.852435865,3.677051796,0.502602464,3.72282562,60,0.218074401
717.739,-3.852499766,3.659644099,60,-3.852431036,3.677056119,0.502601275,3.722824503,60,0.21805327
717.934,-3.8518468,3.659835894,60,-3.85199488,3.677221003,0.502554906,3.722780967,60,0.217229614
718.134,-3.852499766,3.659835894,60,-3.852426664,3.677376665,0.502507348,3.722736314,60,0.216486181
718.234,-3.852499766,3.660027689,60,-3.852371964,3.677452858,0.502483568,3.722713986,60,0.216105545
718.239,-3.852499766,3.660027689,60,-3.852362305,3.677456672,0.502482379,3.72271287,60,0.21608611
718.434,-3.851193834,3.660027689,60,-3.85141689,3.67760404,0.502436014,3.722669337,60,0.215301719
718.634,-3.8518468,3.660027689,60,-3.851773698,3.677740133,0.502388464,3.722624691,60,0.214629398
718.734,-3.8518468,3.660219484,60,-3.8518468,3.677805918,0.502364687,3.722602367,60,0.214296063
718.737,-3.8518468,3.660219484,60,-3.8518468,3.677807885,0.502363974,3.722601697,60,0.214285966
718.934,-3.8518468,3.660219484,60,-3.851919903,3.677932433,0.502317133,3.722557717,60,0.213644777
719.134,-3.852499766,3.66041128,60,-3.852134254,3.678051083,0.502269577,3.722513065,60,0.213031534
719.234,-3.851193834,3.66041128,60,-3.851550145,3.678111767,0.5022458,3.722490741,60,0.21268151
719.239,-3.851193834,3.66041128,60,-3.851511779,3.678114825,0.502244611,3.722489625,60,0.212663412
719.434,-3.8518468,3.66041128,60,-3.851698721,3.678220891,0.502198249,3.722446095,60,0.212101361
719.634,-3.851193834,3.660603075,60,-3.851266937,3.678326952,0.5021507,3.72240145,60,0.211501145
719.734,-3.851193834,3.660603075,60,-3.851497987,3.678375195,0.502126926,3.722379128,60,0.211244024
719.739,-3.8518468,3.660603075,60,-3.851520976,3.678377517,0.502125737,3.722378012,60,0.211232141
719.934,-3.850540868,3.660603075,60,-3.850837027,3.678473587,0.502079381,3.722334487,60,0.21066092
720.134,-3.8518468,3.66079487,60,-3.851700596,3.678557714,0.502031835,3.722289845,60,0.210216076
720.234,-3.8518468,3.660603075,60,-3.851711525,3.678600023,0.502008059,3.722267521,60,0.209969706
720.237,-3.8518468,3.660603075,60,-3.85170539,3.678601314,0.502007345,3.722266852,60,0.209961877
720.434,-3.850540868,3.66079487,60,-3.8506893,3.678686607,0.501960513,3.72222288,60,0.209412662
720.634,-3.850540868,3.66079487,60,-3.850687073,3.678762448,0.501912974,3.722178245,60,0.208952532
720.734,-3.851193834,3.66079487,60,-3.851111531,3.678796089,0.501889203,3.722155926,60,0.208762025
720.739,-3.851193834,3.66079487,60,-3.851137958,3.67879772,0.501888015,3.72215481,60,0.208752977
720.934,-3.8518468,3.66079487,60,-3.851771824,3.678860712,0.501841654,3.722111282,60,0.208380885
721.134,-3.8518468,3.660986665,60,-3.851700596,3.678924744,0.501794101,3.722066633,60,0.207962379
721.234,-3.851193834,3.660986665,60,-3.851340039,3.678956934,0.501770327,3.722044311,60,0.20773494
721.239,-3.851193834,3.660986665,60,-3.851318441,3.678958545,0.501769138,3.722043194,60,0.207723369
721.434,-3.851193834,3.660986665,60,-3.851193834,3.679014909,0.50172278,3.721999669,60,0.207335787
721.634,-3.851193834,3.66117846,60,-3.851193834,3.679067899,0.501675235,3.721955027,60,0.206963735
721.734,-3.851193834,3.66117846,60,-3.850829517,3.679094944,0.501651463,3.721932708,60,0.206756023
721.737,-3.850540868,3.66117846,60,-3.850812995,3.679095777,0.50165075,3.721932038,60,0.206749408
721.934,-3.851193834,3.66117846,60,-3.851119619,3.679140418,0.501603921,3.721888069,60,0.206428507
722.134,-3.851193834,3.66117846,60,-3.851047629,3.679184116,0.501556376,3.721843429,60,0.206088401
722.234,-3.850540868,3.66117846,60,-3.850687073,3.679206451,0.501532605,3.72182111,60,0.205899133
722.239,-3.850540868,3.66117846,60,-3.850665475,3.679207573,0.501531417,3.721819994,60,0.205889458
722.434,-3.850540868,3.661370256,60,-3.850540868,3.679245323,0.501485067,3.721776475,60,0.205573704
722.634,-3.850540868,3.661370256,60,-3.850540868,3.679279989,0.50143753,3.721731842,60,0.205272297
722.734,-3.850540868,3.661370256,60,-3.850540868,3.679296094,0.501413761,3.721709525,60,0.205126323
722.739,-3.850540868,3.661370256,60,-3.850540868,3.679296885,0.501412573,3.721708409,60,0.205119077
722.934,-3.850540868,3.661370256,60,-3.850540868,3.679325929,0.501366223,3.721664891,60,0.204843517
723.134,-3.850540868,3.661370256,60,-3.850540868,3.679352707,0.501318686,3.721620257,60,0.204572481
723.234,-3.850540868,3.661370256,60,-3.850540868,3.679364989,0.501294917,3.72159794,60,0.204441226
723.237,-3.850540868,3.661370256,60,-3.850540868,3.67936535,0.501294204,3.72159727,60,0.204437317
723.434,-3.850540868,3.661562051,60,-3.850540868,3.679387415,0.50124738,3.721553306,60,0.204186951
723.634,-3.850540868,3.661562051,60,-3.850687073,3.679406258,0.501199842,3.721508672,60,0.203954215
723.734,-3.851193834,3.661562051,60,-3.851047629,3.679413041,0.501176071,3.721486353,60,0.203863207
723.739,-3.851193834,3.661562051,60,-3.851069227,3.679413348,0.501174882,3.721485237,60,0.203858967
723.934,-3.851193834,3.661562051,60,-3.851120732,3.67942826,0.501128526,3.721441712,60,0.203640489
724.134,-3.850540868,3.661753846,60,-3.850613971,3.67944431,0.501080984,3.721397075,60,0.203383957
724.234,-3.850540868,3.661562051,60,-3.850540868,3.679450456,0.501057215,3.721374757,60,0.203272467
724.239,-3.850540868,3.661562051,60,-3.850540868,3.679450733,0.501056027,3.721373642,60,0.203267202
724.434,-3.850540868,3.661753846,60,-3.850613971,3.679459785,0.501009678,3.721330123,60,0.203072467
724.634,-3.851193834,3.661753846,60,-3.850974527,3.67946521,0.500962136,3.721285486,60,0.20290262
724.734,-3.850540868,3.661753846,60,-3.850983753,3.679468058,0.500938365,3.721263167,60,0.202808173
724.737,-3.851193834,3.661753846,60,-3.850984249,3.679468137,0.500937652,3.721262497,60,0.202805377
724.934,-3.849887902,3.661753846,60,-3.850109436,3.679477287,0.500890827,3.721218533,60,0.202558711
725.134,-3.850540868,3.661753846,60,-3.850467766,3.679477647,0.500843293,3.721173902,60,0.202408227
725.234,-3.850540868,3.661753846,60,-3.850172814,3.679479748,0.500819526,3.721151587,60,0.20230067
725.239,-3.849887902,3.661753846,60,-3.850144996,3.679479919,0.500818338,3.721150471,60,0.202294354
725.434,-3.850540868,3.661753846,60,-3.850319687,3.679478427,0.500771992,3.721106956,60,0.202145591
725.634,-3.849234936,3.661945641,60,-3.849527346,3.679480621,0.500724463,3.72106233,60,0.201927736
725.734,-3.849887902,3.661945641,60,-3.849805598,3.6794773,0.500700699,3.721040018,60,0.201871183
725.739,-3.849887902,3.661945641,60,-3.849832026,3.679477057,0.500699511,3.721038902,60,0.201869309
725.934,-3.850540868,3.661945641,60,-3.850393153,3.679469111,0.500653166,3.720995389,60,0.201765582
726.135,-3.849887902,3.661945641,60,-3.849959559,3.679464966,0.500605395,3.720950536,60,0.201590125
726.234,-3.849887902,3.661945641,60,-3.849887902,3.679461568,0.500581868,3.720928445,60,0.201516358
726.237,-3.849887902,3.661945641,60,-3.849887902,3.679461449,0.500581155,3.720927776,60,0.201514297
726.434,-3.849887902,3.661945641,60,-3.849961005,3.679452342,0.500534338,3.720883819,60,0.201387819
726.634,-3.850540868,3.661945641,60,-3.850321561,3.67943997,0.500486805,3.720839189,60,0.201286401
726.734,-3.849887902,3.661945641,60,-3.850034107,3.679435873,0.500463039,3.720816874,60,0.201203207
726.739,-3.849887902,3.661945641,60,-3.850012509,3.679435704,0.500461851,3.720815759,60,0.201198537
726.934,-3.849887902,3.661945641,60,-3.849961005,3.67942388,0.500415509,3.720772247,60,0.201077701
727.134,-3.850540868,3.661945641,60,-3.850321561,3.679408075,0.500367976,3.720727618,60,0.20098947
727.234,-3.849887902,3.661945641,60,-3.850034107,3.679402314,0.500344209,3.720705303,60,0.200912705
727.239,-3.849887902,3.661945641,60,-3.850012509,3.679402062,0.500343021,3.720704187,60,0.200908354
727.434,-3.849887902,3.661945641,60,-3.849961005,3.679387095,0.500296679,3.720660676,60,0.200799622
727.634,-3.850540868,3.661945641,60,-3.850467766,3.679367368,0.500249145,3.720616046,60,0.200734092
727.734,-3.850540868,3.661945641,60,-3.850473231,3.679358435,0.500225377,3.720593729,60,0.200684811
727.737,-3.850540868,3.661945641,60,-3.850470163,3.679358182,0.500224664,3.72059306,60,0.200683106
727.934,-3.849887902,3.661945641,60,-3.85003522,3.679342299,0.500177843,3.720549099,60,0.200556246
728.134,-3.850540868,3.661945641,60,-3.850321561,3.679321027,0.50013031,3.720504469,60,0.200485129
728.234,-3.849887902,3.661945641,60,-3.850034107,3.679312418,0.500106544,3.720482154,60,0.200419369
728.239,-3.849887902,3.661945641,60,-3.850012509,3.679312024,0.500105355,3.720481039,60,0.200415566
728.434,-3.849887902,3.661945641,60,-3.849887902,3.679292091,0.500059014,3.720437528,60,0.200322161
728.634,-3.849887902,3.661945641,60,-3.849887902,3.679269975,0.500011484,3.720392901,60,0.200239434
728.734,-3.849887902,3.661945641,60,-3.849951803,3.679258293,0.499987719,3.720370661,60,0.200202915
728.739,-3.849887902,3.661945641,60,-3.849956633,3.679257698,0.499986531,3.720369551,60,0.200201193
728.934,-3.850540868,3.662137436,60,-3.850392789,3.679232565,0.499940186,3.720326282,60,0.200153949
729.134,-3.849887902,3.662137436,60,-3.850107209,3.679210037,0.499892652,3.720281909,60,0.200054853
729.234,-3.850540868,3.662137436,60,-3.850327026,3.679196423,0.499868885,3.720259722,60,0.200033169
729.237,-3.850540868,3.662137436,60,-3.850336917,3.679195994,0.499868172,3.720259057,60,0.200032769
729.434,-3.849887902,3.662137436,60,-3.849962118,3.679173105,0.499821352,3.72021535,60,0.199932975
729.634,-3.849887902,3.662137436,60,-3.850034107,3.679146596,0.499773822,3.72017098,60,0.199867767
729.734,-3.850540868,3.662137436,60,-3.850330762,3.679131568,0.499750056,3.720148794,60,0.199855512
729.739,-3.850540868,3.662137436,60,-3.85034753,3.679130802,0.499748867,3.720147684,60,0.199855056
729.934,-3.849887902,3.662137436,60,-3.850035981,3.679105939,0.499702522,3.720104421,60,0.199767892
730.134,-3.850540868,3.661945641,60,-3.850467766,3.679075517,0.499654989,3.720060048,60,0.199736375
730.234,-3.850540868,3.661945641,60,-3.850476967,3.679061183,0.49963122,3.72003786,60,0.199706519
730.239,-3.850540868,3.661945641,60,-3.850472137,3.679060494,0.499630032,3.720036751,60,0.19970465
730.434,-3.849887902,3.662137436,60,-3.849962879,3.67903506,0.499583687,3.719993487,60,0.199609448
730.635,-3.849887902,3.662137436,60,-3.849887902,3.679005747,0.499535919,3.719948896,60,0.199546547
730.734,-3.849887902,3.662137436,60,-3.84995554,3.67899049,0.499512392,3.719926933,60,0.199524153
730.737,-3.849887902,3.662137436,60,-3.849958607,3.678990021,0.499511679,3.719926267,60,0.199523555
730.934,-3.850540868,3.662137436,60,-3.850466653,3.678957061,0.499464858,3.71988256,60,0.199508319
731.134,-3.850540868,3.662137436,60,-3.850540868,3.678925443,0.499417321,3.719838184,60,0.199462876
731.234,-3.850540868,3.661945641,60,-3.850476967,3.678909994,0.499393553,3.719815995,60,0.199433526
731.239,-3.850540868,3.661945641,60,-3.850472137,3.678909228,0.499392364,3.719814886,60,0.199431946
731.434,-3.849887902,3.662137436,60,-3.849962879,3.678880919,0.499346019,3.719771622,60,0.199347834
731.634,-3.849887902,3.662137436,60,-3.849887902,3.678848925,0.499298489,3.719727253,60,0.199296121
731.734,-3.849887902,3.661945641,60,-3.849887902,3.67883253,0.499274725,3.719705069,60,0.199273746
731.739,-3.849887902,3.661945641,60,-3.849887902,3.678831708,0.499273536,3.719703959,60,0.199272636
731.934,-3.849887902,3.662137436,60,-3.849887902,3.678799373,0.499227195,3.719660699,60,0.199230405
732.134,-3.849887902,3.662137436,60,-3.849887902,3.678765746,0.499179666,3.71961633,60,0.199188875
732.234,-3.849887902,3.661945641,60,-3.849887902,3.678748762,0.499155901,3.719594146,60,0.199168768
732.237,-3.849887902,3.661945641,60,-3.849887902,3.678748251,0.499155188,3.71959348,60,0.199168169
732.434,-3.849887902,3.661945641,60,-3.849887902,3.678714463,0.499108371,3.719549777,60,0.199129823
732.634,-3.849887902,3.661945641,60,-3.849887902,3.678679739,0.499060842,3.719505407,60,0.199092514
732.734,-3.849887902,3.661945641,60,-3.849951803,3.678661861,0.499037077,3.719483223,60,0.199079152
732.739,-3.849887902,3.661945641,60,-3.849956633,3.678660957,0.499035889,3.719482113,60,0.199078611
732.934,-3.850540868,3.661945641,60,-3.850319687,3.678624411,0.498989544,3.71943885,60,0.19907133
733.134,-3.849234936,3.661945641,60,-3.849527346,3.678593143,0.498942014,3.719394481,60,0.198979799
733.234,-3.849887902,3.661945641,60,-3.849741697,3.678573973,0.498918251,3.719372298,60,0.198979187
733.239,-3.849887902,3.662137436,60,-3.849763295,3.678572952,0.498917063,3.719371189,60,0.198979959
733.434,-3.849887902,3.661945641,60,-3.849887902,3.678536904,0.498870722,3.719327929,60,0.198958437
733.634,-3.849887902,3.661945641,60,-3.849887902,3.678500302,0.498823193,3.71928356,60,0.198928365
733.734,-3.849887902,3.661945641,60,-3.850319857,3.67847943,0.498799426,3.719261374,60,0.198945557
733.737,-3.850540868,3.661945641,60,-3.850339446,3.678478765,0.498798713,3.719260709,60,0.198946563
733.935,-3.850540868,3.661945641,60,-3.850540868,3.678440788,0.498751652,3.719216776,60,0.198933846
734.134,-3.850540868,3.661945641,60,-3.850248459,3.678405097,0.498704353,3.719172622,60,0.198885965
734.234,-3.849234936,3.661945641,60,-3.849591247,3.678389971,0.498680588,3.719150438,60,0.19882477
734.239,-3.849234936,3.661945641,60,-3.849552881,3.678389245,0.4986794,3.719149328,60,0.198821309
734.434,-3.849887902,3.661945641,60,-3.849886028,3.678350526,0.498633062,3.719106071,60,0.198820864
734.634,-3.850540868,3.661945641,60,-3.850321561,3.678309904,0.498585529,3.719061699,60,0.19882874
734.734,-3.849887902,3.661945641,60,-3.850098008,3.678291963,0.498561762,3.719039513,60,0.198800768
734.739,-3.849887902,3.661945641,60,-3.85008124,3.678291097,0.498560574,3.719038403,60,0.198798963
734.934,-3.850540868,3.661945641,60,-3.850465891,3.678251307,0.498514228,3.718995139,60,0.198805276
735.134,-3.850540868,3.661753846,60,-3.850407864,3.678212738,0.498466691,3.718950763,60,0.198779748
735.234,-3.849234936,3.661945641,60,-3.849400792,3.678198912,0.498442926,3.718928578,60,0.198695498
735.237,-3.849234936,3.661945641,60,-3.849412535,3.678198261,0.498442213,3.718927913,60,0.198696044
735.434,-3.850540868,3.661945641,60,-3.850397631,3.678154182,0.498395397,3.718884209,60,0.198748153
735.634,-3.850540868,3.661945641,60,-3.850540868,3.678113896,0.49834786,3.718839833,60,0.198739643
735.734,-3.850540868,3.661945641,60,-3.850473803,3.678094449,0.498324091,3.718817645,60,0.19872553
735.739,-3.850540868,3.661945641,60,-3.850463185,3.678093516,0.498322903,3.718816535,60,0.198724297
735.934,-3.849887902,3.661945641,60,-3.849960255,3.678057587,0.498276557,3.718773272,60,0.198669938
736.134,-3.849887902,3.661945641,60,-3.850028991,3.67801731,0.498229027,3.718728902,60,0.198657543
736.234,-3.850540868,3.661753846,60,-3.850265649,3.67799594,0.498205261,3.718706716,60,0.198666528
736.239,-3.850540868,3.661753846,60,-3.850254723,3.677994997,0.498204073,3.718705607,60,0.198665319
736.434,-3.849234936,3.661753846,60,-3.849379642,3.677960742,0.498157732,3.718662347,60,0.19858534
736.634,-3.849234936,3.661753846,60,-3.849517113,3.67791972,0.498110209,3.718617984,60,0.198579383
736.734,-3.850540868,3.661753846,60,-3.850190213,3.677895696,0.498086444,3.7185958,60,0.198621109
736.737,-3.850540868,3.661753846,60,-3.850196081,3.677895053,0.498085731,3.718595134,60,0.19862132
736.934,-3.849887902,3.661945641,60,-3.850030065,3.677855906,0.498038912,3.718551428,60,0.198595035
737.134,-3.850540868,3.661753846,60,-3.850470324,3.677812566,0.497991378,3.718507054,60,0.198613572
737.234,-3.850540868,3.661753846,60,-3.850540868,3.677791648,0.497967609,3.718484866,60,0.198612236
737.239,-3.850540868,3.661753846,60,-3.850540868,3.67779062,0.497966421,3.718483757,60,0.198611918
737.434,-3.850540868,3.661753846,60,-3.850611412,3.677750082,0.497920071,3.71844049,60,0.198604894
737.634,-3.851193834,3.661753846,60,-3.850982202,3.677706628,0.49787253,3.718396109,60,0.198620256
737.734,-3.850540868,3.661753846,60,-3.850614891,3.677687953,0.49784876,3.71837392,60,0.198587687
737.739,-3.850540868,3.661753846,60,-3.850593962,3.677687034,0.497847572,3.71837281,60,0.198585874
737.934,-3.849887902,3.661753846,60,-3.849960255,3.677650165,0.497801226,3.718329546,60,0.198528421
738.134,-3.849887902,3.661753846,60,-3.850170079,3.677607446,0.497753695,3.718285176,60,0.198532708
738.234,-3.851193834,3.661562051,60,-3.850843179,3.677582794,0.497729927,3.718262988,60,0.198576832
738.237,-3.851193834,3.661562051,60,-3.850849047,3.677582133,0.497729214,3.718262322,60,0.198577112
738.434,-3.850540868,3.661562051,60,-3.850541943,3.677542586,0.497682386,3.718218609,60,0.19854505
738.634,-3.849887902,3.661562051,60,-3.850099535,3.677503156,0.497634852,3.718174235,60,0.198503026
738.734,-3.850540868,3.661562051,60,-3.85039978,3.677480473,0.497611085,3.718152048,60,0.198520331
738.739,-3.850540868,3.661562051,60,-3.85041009,3.677479363,0.497609897,3.718150939,60,0.198520857
738.934,-3.850540868,3.661562051,60,-3.850470324,3.677437945,0.497563548,3.718107672,60,0.198516662
739.134,-3.849887902,3.661562051,60,-3.849958446,3.677398634,0.497516015,3.718063299,60,0.198470617
739.234,-3.849887902,3.661562051,60,-3.849887902,3.677377927,0.49749225,3.718041115,60,0.198461199
739.239,-3.849887902,3.661562051,60,-3.849887902,3.677376871,0.497491062,3.718040005,60,0.198460989
739.435,-3.849887902,3.661562051,60,-3.849887902,3.677335438,0.497444483,3.717996524,60,0.198452927
739.634,-3.849887902,3.661562051,60,-3.850028991,3.677292471,0.49739719,3.717952376,60,0.19845549
739.734,-3.850540868,3.661562051,60,-3.85039978,3.677269129,0.497373424,3.71793019,60,0.19847897
739.737,-3.850540868,3.661562051,60,-3.850405966,3.677268456,0.497372711,3.717929524,60,0.198479317
739.934,-3.850540868,3.661370256,60,-3.850540868,3.677225687,0.497325887,3.717885813,60,0.19848246
740.134,-3.850540868,3.661370256,60,-3.850540868,3.677182942,0.497278349,3.717841437,60,0.198476
740.234,-3.850540868,3.661370256,60,-3.850540868,3.677161537,0.49725458,3.717819248,60,0.198472894
740.239,-3.850540868,3.661370256,60,-3.850540868,3.677160467,0.497253392,3.717818139,60,0.198472741
740.434,-3.850540868,3.661370256,60,-3.850540868,3.677118667,0.497207043,3.717774872,60,0.198466919
740.634,-3.850540868,3.661370256,60,-3.850540868,3.677075717,0.497159505,3.717730495,60,0.198461249
740.734,-3.850540868,3.661370256,60,-3.850540868,3.677054214,0.497135736,3.717708307,60,0.198458524
740.739,-3.850540868,3.661370256,60,-3.850540868,3.677053138,0.497134548,3.717707197,60,0.198458391
740.934,-3.850540868,3.661370256,60,-3.850611412,3.677010752,0.497088199,3.71766393,60,0.198458466
741.134,-3.851193834,3.661370256,60,-3.850982202,3.676965477,0.497040658,3.71761955,60,0.198480839
741.234,-3.850540868,3.661370256,60,-3.850750435,3.676945152,0.497016887,3.71759736,60,0.198461626
741.237,-3.850540868,3.661370256,60,-3.850750754,3.676944502,0.497016174,3.717596694,60,0.198461581
741.434,-3.851193834,3.66117846,60,-3.851051672,3.67690016,0.496969345,3.717552979,60,0.198479333
741.634,-3.850540868,3.66117846,60,-3.850752501,3.676858474,0.496921803,3.717508598,60,0.19845337
741.734,-3.851193834,3.66117846,60,-3.85098568,3.676835461,0.496898032,3.717486408,60,0.198468458
741.739,-3.851193834,3.66117846,60,-3.850985373,3.676834377,0.496896844,3.717485299,60,0.198468342
741.934,-3.850540868,3.66117846,60,-3.850613221,3.676794107,0.496850491,3.717442028,60,0.198437443
742.134,-3.850540868,3.66117846,60,-3.850681957,3.67675027,0.496802953,3.717397651,60,0.198438725
742.234,-3.851193834,3.66117846,60,-3.85098568,3.676726793,0.496779182,3.717375461,60,0.198459252
742.239,-3.851193834,3.66117846,60,-3.850985373,3.676725705,0.496777994,3.717374351,60,0.198459148
742.434,-3.850540868,3.66117846,60,-3.850683765,3.6766849,0.496731641,3.717331081,60,0.198433944
742.634,-3.851193834,3.66117846,60,-3.85112329,3.676638788,0.496684099,3.7172867,60,0.19846306
742.734,-3.851193834,3.66117846,60,-3.851125356,3.676616911,0.496660327,3.717264508,60,0.198461866
742.737,-3.851193834,3.66117846,60,-3.851118851,3.676616292,0.496659614,3.717263842,60,0.198461351
742.934,-3.850540868,3.660986665,60,-3.850824119,3.676574877,0.496612785,3.717220127,60,0.198437147
743.134,-3.852499766,3.660986665,60,-3.852005957,3.676524363,0.496565236,3.71717574,60,0.198521458
743.234,-3.851193834,3.66117846,60,-3.851476011,3.676505354,0.496541459,3.717153545,60,0.198481798
743.239,-3.851193834,3.66117846,60,-3.85145539,3.676504372,0.496540271,3.717152435,60,0.198480239
743.434,-3.851193834,3.660986665,60,-3.851264378,3.67646264,0.496493913,3.717109159,60,0.198464282
743.634,-3.8518468,3.660986665,60,-3.851635168,3.676416578,0.496446364,3.717064772,60,0.19848965
743.734,-3.851193834,3.660986665,60,-3.851334923,3.676396258,0.496422589,3.717042578,60,0.198466872
743.739,-3.851193834,3.660986665,60,-3.851324612,3.676395217,0.4964214,3.717041468,60,0.198466078
743.934,-3.851193834,3.660986665,60,-3.851193834,3.676353067,0.496375043,3.716998193,60,0.19845484
744.135,-3.851193834,3.660986665,60,-3.851048957,3.676309656,0.49632726,3.716953588,60,0.198442594
744.234,-3.850540868,3.660986665,60,-3.85075186,3.676289554,0.496303727,3.716931619,60,0.198420015
744.237,-3.850540868,3.660986665,60,-3.850752116,3.676288893,0.496303014,3.716930954,60,0.198420009
744.434,-3.851193834,3.66079487,60,-3.851263304,3.67624267,0.496256184,3.716887238,60,0.198455826
744.634,-3.852499766,3.66079487,60,-3.851935413,3.67619469,0.496208632,3.716842848,60,0.198504116
744.734,-3.850540868,3.66079487,60,-3.851030857,3.676177678,0.496184858,3.716820654,60,0.198437461
744.739,-3.850540868,3.66079487,60,-3.851010489,3.67617669,0.496183669,3.716819544,60,0.198435938
744.935,-3.851193834,3.66079487,60,-3.851192731,3.676132449,0.496137077,3.71677605,60,0.198448023
745.134,-3.8518468,3.66079487,60,-3.851493725,3.676086759,0.496089766,3.716731885,60,0.198469226
745.234,-3.850540868,3.66079487,60,-3.851029256,3.676067263,0.496065993,3.716709693,60,0.198434804
745.239,-3.851193834,3.66079487,60,-3.851041284,3.676066091,0.496064804,3.716708583,60,0.198435662
745.435,-3.851193834,3.66079487,60,-3.851193834,3.676021912,0.49601821,3.716665087,60,0.198445979
745.634,-3.851193834,3.66079487,60,-3.851193834,3.675977892,0.495970902,3.716620925,60,0.198445289
745.734,-3.851193834,3.66079487,60,-3.851193834,3.675955761,0.495947129,3.716598733,60,0.198444965
745.737,-3.851193834,3.66079487,60,-3.851193834,3.675955097,0.495946416,3.716598067,60,0.198444956
745.934,-3.851193834,3.660603075,60,-3.851264378,3.675911081,0.495899583,3.716554348,60,0.198449567
746.134,-3.8518468,3.66079487,60,-3.851776256,3.675863836,0.495852034,3.71650996,60,0.198486764
746.234,-3.8518468,3.660603075,60,-3.851779735,3.675841596,0.495828257,3.716487765,60,0.198487024
746.239,-3.8518468,3.660603075,60,-3.851769117,3.675840544,0.495827069,3.716486655,60,0.198486248
746.434,-3.851193834,3.660603075,60,-3.851336732,3.675799675,0.495780708,3.716443377,60,0.198454524
746.634,-3.8518468,3.660603075,60,-3.851635168,3.675753581,0.495733158,3.716398989,60,0.1984763
746.734,-3.851193834,3.660603075,60,-3.851334923,3.675733051,0.495709384,3.716376795,60,0.198454332
746.739,-3.851193834,3.660603075,60,-3.851324612,3.675731999,0.495708195,3.716375686,60,0.198453575
746.934,-3.851193834,3.660603075,60,-3.851264378,3.675689051,0.495661837,3.716332411,60,0.198449043
747.134,-3.8518468,3.660603075,60,-3.851494079,3.675643304,0.495614288,3.716288023,60,0.198465939
747.234,-3.850540868,3.660603075,60,-3.851029256,3.675623696,0.495590515,3.716265831,60,0.198431946
747.237,-3.851193834,3.660603075,60,-3.851036473,3.67562299,0.495589802,3.716265165,60,0.198432472
747.434,-3.851193834,3.660603075,60,-3.85112329,3.675578746,0.49554297,3.716221447,60,0.198438798
747.634,-3.850540868,3.66041128,60,-3.850752501,3.675536433,0.495495428,3.716177067,60,0.198411558
747.734,-3.851193834,3.66041128,60,-3.851119811,3.675512162,0.495471657,3.716154876,60,0.198438396
747.739,-3.851193834,3.66041128,60,-3.85114074,3.675510933,0.495470469,3.716153766,60,0.19843993
747.934,-3.8518468,3.66041128,60,-3.851844992,3.675463545,0.495424108,3.716110488,60,0.198491883
748.134,-3.852499766,3.66041128,60,-3.852429222,3.67541557,0.49537655,3.716066093,60,0.198535606
748.234,-3.852499766,3.66041128,60,-3.852293555,3.675393959,0.49535277,3.716043894,60,0.198526253
748.239,-3.8518468,3.66041128,60,-3.852260907,3.675393024,0.495351581,3.716042784,60,0.19852389
748.434,-3.8518468,3.66041128,60,-3.851776256,3.675352198,0.495305216,3.715999501,60,0.198489293
748.634,-3.851193834,3.66041128,60,-3.851264378,3.675310481,0.495257666,3.715955113,60,0.198452459
748.734,-3.851193834,3.660219484,60,-3.851262312,3.675288219,0.495233893,3.715932921,60,0.198452537
748.737,-3.851193834,3.660219484,60,-3.851268818,3.675287514,0.495233179,3.715932255,60,0.198453021
748.934,-3.8518468,3.660219484,60,-3.851775182,3.675240729,0.495186343,3.715888533,60,0.19849072
749.134,-3.8518468,3.660219484,60,-3.8518468,3.675195639,0.49513879,3.715844142,60,0.198496933
749.234,-3.8518468,3.660219484,60,-3.8518468,3.67517329,0.495115013,3.715821946,60,0.198497436
749.239,-3.8518468,3.660219484,60,-3.8518468,3.675172172,0.495113824,3.715820836,60,0.198497462
749.434,-3.8518468,3.660219484,60,-3.851776607,3.675128981,0.495067459,3.715777554,60,0.198493321
749.635,-3.851193834,3.660219484,60,-3.851410069,3.675086159,0.495019672,3.715732944,60,0.198467376
749.734,-3.8518468,3.660027689,60,-3.851704287,3.67506242,0.494996134,3.715710993,60,0.19849005
749.739,-3.8518468,3.660027689,60,-3.851714702,3.675061247,0.494994945,3.715709886,60,0.198490951
749.934,-3.8518468,3.660027689,60,-3.8518468,3.675017049,0.494948581,3.71566675,60,0.19850664
750.134,-3.8518468,3.660027689,60,-3.851705712,3.674973272,0.494901028,3.715622515,60,0.198502785
750.234,-3.851193834,3.660027689,60,-3.851403401,3.674952708,0.494877253,3.715600399,60,0.198483816
750.237,-3.851193834,3.660027689,60,-3.85140372,3.674952039,0.49487654,3.715599736,60,0.198483932
750.434,-3.8518468,3.660027689,60,-3.851704638,3.674906494,0.494829703,3.715556168,60,0.198512157
750.634,-3.851193834,3.660027689,60,-3.851405467,3.674863642,0.494782153,3.715511936,60,0.198496607
750.734,-3.8518468,3.660027689,60,-3.851772778,3.674839306,0.494758378,3.71548982,60,0.198526679
750.739,-3.8518468,3.660027689,60,-3.851793706,3.674838073,0.494757189,3.715488714,60,0.198528375
750.934,-3.852499766,3.659835894,60,-3.852427413,3.674790966,0.494710821,3.715445582,60,0.198581401
751.134,-3.852499766,3.659835894,60,-3.852499766,3.674745822,0.494663259,3.71540134,60,0.198593786
751.234,-3.852499766,3.659835894,60,-3.852432701,3.674723831,0.494639478,3.715379219,60,0.198592419
751.239,-3.852499766,3.659835894,60,-3.852422083,3.674722772,0.494638289,3.715378113,60,0.198591818
751.434,-3.8518468,3.659835894,60,-3.851989698,3.674681638,0.494591921,3.71533498,60,0.198566882
751.634,-3.852499766,3.659835894,60,-3.852288134,3.674635288,0.494544363,3.715290741,60,0.198595583
751.734,-3.8518468,3.659835894,60,-3.851918634,3.674615029,0.494520585,3.715268622,60,0.198571958
751.737,-3.851193834,3.659835894,60,-3.851905868,3.674614432,0.494519871,3.715267958,60,0.198571124
751.934,-3.852499766,3.659835894,60,-3.85235653,3.674567926,0.494473029,3.715224385,60,0.198610755
752.134,-3.852499766,3.659644099,60,-3.852499766,3.674522376,0.494425468,3.715180143,60,0.198628359
752.234,-3.852499766,3.659644099,60,-3.852432701,3.67450038,0.494401687,3.715158022,60,0.198627013
752.239,-3.852499766,3.659644099,60,-3.852422083,3.674499321,0.494400498,3.715156916,60,0.198626413
752.434,-3.8518468,3.659644099,60,-3.851989698,3.674458176,0.494354129,3.715113783,60,0.198601515
752.634,-3.852499766,3.659644099,60,-3.852429222,3.674411015,0.494306571,3.715069544,60,0.198640614
752.734,-3.852499766,3.659644099,60,-3.852499766,3.674388243,0.494282791,3.715047423,60,0.198649348
752.739,-3.852499766,3.659644099,60,-3.852499766,3.674387125,0.494281602,3.715046317,60,0.198649527
752.934,-3.852499766,3.659452304,60,-3.852499766,3.674343485,0.494235229,3.71500318,60,0.198656515
753.134,-3.852499766,3.659452304,60,-3.852499766,3.674298727,0.494187667,3.714958938,60,0.198663684
753.234,-3.852499766,3.659452304,60,-3.852293555,3.674277516,0.494163887,3.714936817,60,0.198652137
753.237,-3.8518468,3.659452304,60,-3.852273966,3.674276956,0.494163174,3.714936154,60,0.198650807
753.434,-3.8518468,3.659452304,60,-3.851917345,3.674234976,0.494116332,3.714892581,60,0.198631382
753.634,-3.852499766,3.659452304,60,-3.852429222,3.674187405,0.494068774,3.714848342,60,0.198675797
753.734,-3.852499766,3.659452304,60,-3.852499766,3.67416463,0.494044993,3.714826221,60,0.198684547
753.739,-3.852499766,3.659452304,60,-3.852499766,3.674163511,0.494043804,3.714825115,60,0.198684727
753.934,-3.852499766,3.659452304,60,-3.852570311,3.674119464,0.493997432,3.714781978,60,0.198696922
754.134,-3.853152732,3.659260508,60,-3.8529411,3.674072557,0.493949866,3.714737732,60,0.198731485
754.234,-3.852499766,3.659452304,60,-3.85270792,3.674051451,0.493926083,3.714715609,60,0.19871813
754.239,-3.852499766,3.659452304,60,-3.852708228,3.674050329,0.493924894,3.714714503,60,0.198718336
754.434,-3.853152732,3.659260508,60,-3.853150924,3.674004125,0.493878517,3.714671362,60,0.198758029
754.634,-3.853805699,3.659260508,60,-3.853452978,3.673957487,0.493830944,3.71462711,60,0.198787986
754.734,-3.852499766,3.659260508,60,-3.852850421,3.673938426,0.493807159,3.714604985,60,0.198747687
754.737,-3.852499766,3.659260508,60,-3.852844554,3.673937787,0.493806446,3.714604321,60,0.198747368
754.934,-3.853152732,3.659260508,60,-3.85301057,3.673892698,0.493759593,3.714560738,60,0.198766838
755.134,-3.852499766,3.659260508,60,-3.852570311,3.673850357,0.493712027,3.714516492,60,0.198741966
755.234,-3.852499766,3.659260508,60,-3.852566832,3.673827996,0.493688246,3.71449437,60,0.198745303
755.239,-3.852499766,3.659260508,60,-3.85257745,3.673826817,0.493687057,3.714493264,60,0.198746261
755.434,-3.853152732,3.659068713,60,-3.853150924,3.673779897,0.49364068,3.714450124,60,0.198795463
755.634,-3.853805699,3.659068713,60,-3.853594066,3.673732472,0.493593107,3.71440587,60,0.198835734
755.734,-3.853152732,3.659068713,60,-3.853293821,3.67371169,0.49356932,3.714383744,60,0.198817654
755.739,-3.853152732,3.659068713,60,-3.85328351,3.673710626,0.493568131,3.714382637,60,0.19881709
755.934,-3.853152732,3.659068713,60,-3.853152732,3.673667603,0.49352175,3.714339493,60,0.198814929
756.135,-3.853152732,3.659068713,60,-3.853152732,3.673622509,0.493473943,3.714295022,60,0.198822536
756.234,-3.853152732,3.659068713,60,-3.853152732,3.6736003,0.493450396,3.714273118,60,0.198826279
756.237,-3.853152732,3.659068713,60,-3.853152732,3.673599627,0.493449682,3.714272454,60,0.198826393
756.434,-3.853152732,3.658876918,60,-3.853152732,3.673555435,0.493402826,3.714228868,60,0.198833833
756.634,-3.853152732,3.658876918,60,-3.853152732,3.673510572,0.493355256,3.714184618,60,0.198841377
756.734,-3.853152732,3.658876918,60,-3.853085667,3.673488522,0.493331471,3.714162493,60,0.198840221
756.739,-3.853152732,3.658876918,60,-3.853075049,3.67348746,0.493330282,3.714161387,60,0.19883963
756.934,-3.852499766,3.658876918,60,-3.852572119,3.673446612,0.493283905,3.714118247,60,0.198809901
757.134,-3.852499766,3.658876918,60,-3.852640855,3.673401488,0.493236343,3.714074004,60,0.198822023
757.234,-3.853152732,3.658876918,60,-3.85307871,3.673376628,0.49321256,3.714051881,60,0.198857755
757.239,-3.853152732,3.658876918,60,-3.853099638,3.673375389,0.493211371,3.714050774,60,0.198859477
757.434,-3.853805699,3.658876918,60,-3.853662801,3.673328431,0.493164987,3.714007627,60,0.198908284
757.634,-3.853152732,3.658685123,60,-3.853364365,3.673285179,0.493117413,3.713963373,60,0.198894199
757.734,-3.853805699,3.658685123,60,-3.85366461,3.673261029,0.493093626,3.713941246,60,0.198920085
757.737,-3.853805699,3.658685123,60,-3.853670797,3.67326032,0.493092912,3.713940583,60,0.198920658
757.934,-3.853805699,3.658685123,60,-3.853805699,3.67321526,0.493046048,3.713896989,60,0.198938384
758.134,-3.853805699,3.658685123,60,-3.853805699,3.673170282,0.49299847,3.713852732,60,0.198946346
758.234,-3.853805699,3.658685123,60,-3.853738633,3.673148175,0.492974682,3.713830603,60,0.198945393
758.239,-3.853805699,3.658685123,60,-3.853728015,3.673147111,0.492973492,3.713829497,60,0.198944812
758.434,-3.853152732,3.658493328,60,-3.85329563,3.673105756,0.492927108,3.713786349,60,0.198920636
758.634,-3.853805699,3.658685123,60,-3.853735154,3.673058385,0.492879534,3.713742095,60,0.198960529
758.734,-3.853805699,3.658493328,60,-3.853872764,3.67303513,0.492855745,3.713719966,60,0.198974564
758.739,-3.853805699,3.658493328,60,-3.853883382,3.673033946,0.492854555,3.71371886,60,0.198975541
758.934,-3.854458665,3.658493328,60,-3.854245223,3.67298802,0.492808163,3.713675706,60,0.199009961
759.134,-3.853152732,3.658493328,60,-3.853434909,3.672947615,0.492760585,3.713631448,60,0.198958454
759.234,-3.853805699,3.658493328,60,-3.853802343,3.672923097,0.492736797,3.71360932,60,0.198989231
759.237,-3.854458665,3.658493328,60,-3.853821614,3.672922314,0.492736084,3.713608656,60,0.198990763
759.434,-3.853805699,3.658301532,60,-3.853877317,3.672877692,0.492689217,3.71356506,60,0.199002712
759.634,-3.853805699,3.658301532,60,-3.853946787,3.672832351,0.492641639,3.713520802,60,0.199015653
759.734,-3.854458665,3.658301532,60,-3.854384642,3.672807387,0.492617848,3.713498672,60,0.199051777
759.739,-3.854458665,3.658301532,60,-3.85440557,3.672806143,0.492616658,3.713497565,60,0.199053518
759.934,-3.855111631,3.658301532,60,-3.854828698,3.67275978,0.492570259,3.713454404,60,0.199092773
760.135,-3.853152732,3.658301532,60,-3.853656559,3.672721139,0.492522438,3.713409921,60,0.19901492
760.234,-3.854458665,3.658109737,60,-3.854039507,3.672696751,0.492498887,3.713388013,60,0.199046826
760.239,-3.854458665,3.658109737,60,-3.8540391,3.672695629,0.492497698,3.713386906,60,0.199046996
760.434,-3.853152732,3.658109737,60,-3.853367983,3.672655616,0.49245131,3.713343756,60,0.199005301
760.634,-3.853805699,3.658109737,60,-3.853594066,3.672609501,0.492403736,3.713299502,60,0.199029344
760.734,-3.853152732,3.658109737,60,-3.853362299,3.67258838,0.492379949,3.713277375,60,0.199016088
760.737,-3.853152732,3.658109737,60,-3.853362618,3.672587706,0.492379236,3.713276711,60,0.199016221
760.934,-3.853805699,3.658109737,60,-3.85373408,3.67254144,0.492332375,3.713233121,60,0.199050824
761.134,-3.853805699,3.657917942,60,-3.853805699,3.67249613,0.492284797,3.713188864,60,0.199063764
761.234,-3.853805699,3.658109737,60,-3.853805699,3.672473674,0.492261008,3.713166735,60,0.199067615
761.239,-3.853805699,3.657917942,60,-3.853805699,3.672472552,0.492259819,3.713165629,60,0.199067807
761.434,-3.853805699,3.657917942,60,-3.853876243,3.672428366,0.49221343,3.713122477,60,0.199080493
761.634,-3.854458665,3.657917942,60,-3.854247032,3.672381318,0.492165849,3.713078216,60,0.199115581
761.734,-3.853805699,3.657917942,60,-3.853946787,3.672360523,0.492142058,3.713056086,60,0.199097516
761.739,-3.853805699,3.657917942,60,-3.853936476,3.672359458,0.492140869,3.713054979,60,0.199096953
761.934,-3.853805699,3.657917942,60,-3.853805699,3.672316408,0.49209448,3.713011828,60,0.199094858
762.134,-3.853805699,3.657917942,60,-3.853805699,3.67227151,0.492046902,3.71296757,60,0.199102513
762.234,-3.853805699,3.657917942,60,-3.853874177,3.672248673,0.492023113,3.712945441,60,0.19911137
762.237,-3.853805699,3.657917942,60,-3.853880682,3.672247963,0.492022399,3.712944778,60,0.199111963
762.434,-3.854458665,3.657726147,60,-3.854245958,3.672201631,0.491975531,3.712901181,60,0.199146492
762.634,-3.853152732,3.657726147,60,-3.853434909,3.67216129,0.491927953,3.712856923,60,0.199094668
762.734,-3.853805699,3.657726147,60,-3.85366461,3.67213758,0.491904166,3.712834796,60,0.199115226
762.739,-3.853805699,3.657726147,60,-3.853674921,3.6721364,0.491902977,3.712833689,60,0.199116172
762.934,-3.853805699,3.657726147,60,-3.853876243,3.672091503,0.491856588,3.712790538,60,0.199138364
763.134,-3.854458665,3.657726147,60,-3.85438812,3.67204367,0.491809007,3.712746277,60,0.19918377
763.234,-3.854458665,3.657534352,60,-3.854597811,3.672019978,0.491785213,3.712724144,60,0.199203209
763.239,-3.855111631,3.657726147,60,-3.854619841,3.672018728,0.491784024,3.712723038,60,0.199205031
763.434,-3.854458665,3.657726147,60,-3.854460473,3.67197569,0.491737625,3.712679877,60,0.199201386
763.634,-3.853805699,3.657534352,60,-3.854017331,3.671933224,0.491690042,3.712635615,60,0.199176739
763.734,-3.854458665,3.657534352,60,-3.854936988,3.671905553,0.491666249,3.712613482,60,0.199248205
763.737,-3.857070529,3.657534352,60,-3.855002015,3.67190451,0.491665535,3.712612818,60,0.199253104
763.934,-3.855111631,3.657534352,60,-3.855326486,3.671858124,0.491618649,3.712569204,60,0.199285729
764.134,-3.855111631,3.657534352,60,-3.854970542,3.671814995,0.491571055,3.712524931,60,0.199268071
764.234,-3.854458665,3.657534352,60,-3.854599753,3.671794553,0.49154726,3.712502797,60,0.199244974
764.239,-3.854458665,3.657534352,60,-3.854589442,3.671793486,0.49154607,3.71250169,60,0.199244417
764.434,-3.854458665,3.657342556,60,-3.854529209,3.671749959,0.491499673,3.712458531,60,0.199247773
764.634,-3.855111631,3.657342556,60,-3.855041086,3.671702043,0.491452083,3.712414263,60,0.199293486
764.734,-3.855111631,3.657342556,60,-3.855111631,3.671679099,0.491428287,3.712392126,60,0.199302844
764.739,-3.855111631,3.657342556,60,-3.855111631,3.671677971,0.491427097,3.71239102,60,0.199303053
764.934,-3.855111631,3.657342556,60,-3.855111631,3.671634001,0.491380693,3.712347854,60,0.19931121
765.134,-3.855111631,3.657342556,60,-3.854829454,3.67159051,0.4913331,3.712303582,60,0.199298805
765.234,-3.853805699,3.657342556,60,-3.854294087,3.671571031,0.491309306,3.712281449,60,0.199263485
765.237,-3.854458665,3.657342556,60,-3.854301303,3.671570317,0.491308592,3.712280785,60,0.199264129
765.434,-3.854458665,3.657342556,60,-3.854529209,3.671524767,0.49126172,3.712237184,60,0.199288548
765.634,-3.855111631,3.657150761,60,-3.855041086,3.671476878,0.49121413,3.712192916,60,0.199334148
765.734,-3.855111631,3.657150761,60,-3.855111631,3.671453947,0.491190334,3.71217078,60,0.199343455
765.739,-3.855111631,3.657150761,60,-3.855111631,3.67145282,0.491189144,3.712169673,60,0.199343662
765.934,-3.855111631,3.657150761,60,-3.855111631,3.671408875,0.49114274,3.712126507,60,0.199351723
766.134,-3.855111631,3.656958966,60,-3.855111631,3.671363809,0.491095146,3.712082234,60,0.199359971
766.234,-3.855111631,3.656958966,60,-3.855111631,3.671341279,0.491071349,3.712060098,60,0.199364085
766.239,-3.855111631,3.656958966,60,-3.855111631,3.671340152,0.491070159,3.712058991,60,0.199364291
766.434,-3.855111631,3.656958966,60,-3.855111631,3.671296222,0.491023755,3.712015826,60,0.199372297
766.634,-3.855111631,3.656958966,60,-3.855111631,3.671251171,0.490976161,3.711971553,60,0.199380486
766.734,-3.855111631,3.656958966,60,-3.855111631,3.671228648,0.490952364,3.711949417,60,0.199384573
766.737,-3.855111631,3.656958966,60,-3.855111631,3.671227972,0.49095165,3.711948753,60,0.199384696
766.935,-3.855111631,3.656767171,60,-3.855111631,3.67118338,0.490904532,3.711904923,60,0.199392773
767.134,-3.855111631,3.656958966,60,-3.855111631,3.671138567,0.490857176,3.711860872,60,0.199400872
767.234,-3.855111631,3.656767171,60,-3.855111631,3.67111605,0.490833379,3.711838736,60,0.199404935
767.239,-3.855111631,3.656767171,60,-3.855111631,3.671114924,0.490832189,3.711837629,60,0.199405138
767.434,-3.855111631,3.656767171,60,-3.855182175,3.671070619,0.490785785,3.711794463,60,0.199418237
767.634,-3.855764597,3.656575376,60,-3.855411876,3.67102425,0.490738188,3.711750187,60,0.19944339
767.734,-3.854458665,3.656767171,60,-3.854807907,3.671005132,0.490714391,3.711728051,60,0.199403103
767.739,-3.854458665,3.656767171,60,-3.854797904,3.671004064,0.490713201,3.711726944,60,0.199402562
767.934,-3.855111631,3.656575376,60,-3.855109822,3.670958467,0.4906668,3.711683781,60,0.199433142
768.134,-3.855764597,3.656575376,60,-3.855411876,3.670911705,0.490619203,3.711639506,60,0.199463548
768.234,-3.854458665,3.656575376,60,-3.85480932,3.670892583,0.490595406,3.71161737,60,0.199423346
768.237,-3.854458665,3.656575376,60,-3.854803452,3.670891942,0.490594692,3.711616706,60,0.19942303
768.434,-3.855111631,3.656575376,60,-3.855040012,3.67084633,0.490547815,3.7115731,60,0.199448116
768.634,-3.855111631,3.656575376,60,-3.855111631,3.670800923,0.490500221,3.711528828,60,0.19946138
768.734,-3.855111631,3.656575376,60,-3.855245762,3.670777659,0.490476424,3.711506691,60,0.199475258
768.739,-3.855111631,3.65638358,60,-3.855266998,3.670776413,0.490475234,3.711505585,60,0.199477021
768.934,-3.856417563,3.65638358,60,-3.856272857,3.670726754,0.490428822,3.711462411,60,0.199559153
769.135,-3.856417563,3.65638358,60,-3.856127808,3.670682102,0.490380975,3.711417904,60,0.199557413
769.234,-3.855111631,3.65638358,60,-3.855463723,3.670663495,0.490357412,3.711395985,60,0.199512847
769.239,-3.855111631,3.65638358,60,-3.855453512,3.670662426,0.490356222,3.711394878,60,0.1995123
769.434,-3.855764597,3.65638358,60,-3.855692244,3.67061715,0.490309813,3.711351708,60,0.199537844
769.634,-3.855764597,3.65638358,60,-3.855764597,3.670571638,0.490262211,3.711307428,60,0.199551521
769.734,-3.855764597,3.65638358,60,-3.855764597,3.670549085,0.49023841,3.711285288,60,0.199555708
769.737,-3.855764597,3.65638358,60,-3.855764597,3.670548409,0.490237696,3.711284624,60,0.199555834
769.935,-3.855764597,3.656191785,60,-3.855836671,3.670503351,0.49019057,3.711240786,60,0.199569408
770.134,-3.856417563,3.656191785,60,-3.856346664,3.670455551,0.490143202,3.711196724,60,0.199615389
770.234,-3.856417563,3.656191785,60,-3.856350497,3.670432926,0.490119397,3.711174581,60,0.199620044
770.239,-3.856417563,3.656191785,60,-3.856339879,3.670431856,0.490118207,3.711173474,60,0.199619482
770.434,-3.855764597,3.656191785,60,-3.855907494,3.670390262,0.490071791,3.711130297,60,0.199596042
770.634,-3.856417563,3.65599999,60,-3.856488107,3.67034185,0.490024184,3.711086012,60,0.19964722
770.734,-3.857070529,3.65599999,60,-3.856862375,3.670317173,0.490000378,3.711063919,60,0.199678897
770.739,-3.857070529,3.65599999,60,-3.856862067,3.670316051,0.489999187,3.71106282,60,0.19967906
770.934,-3.856417563,3.65599999,60,-3.85656046,3.670274054,0.489952764,3.711020061,60,0.199663406
771.134,-3.857070529,3.65599999,60,-3.856717808,3.670228434,0.48990515,3.71097626,60,0.199681307
771.234,-3.855764597,3.65599999,60,-3.856321463,3.670208316,0.489881345,3.71095436,60,0.199655276
771.237,-3.856417563,3.65599999,60,-3.856335184,3.670207569,0.48988063,3.710953703,60,0.199656375
771.434,-3.857070529,3.65599999,60,-3.85699891,3.670159792,0.489833731,3.710910558,60,0.199711288
771.635,-3.857070529,3.655808195,60,-3.856780774,3.670116032,0.489785876,3.710866534,60,0.199701716
771.734,-3.855764597,3.655808195,60,-3.856322901,3.670096495,0.489762308,3.710844853,60,0.199671086
771.739,-3.856417563,3.655808195,60,-3.856345338,3.670095253,0.489761118,3.710843759,60,0.199672883
771.934,-3.857070529,3.655808195,60,-3.856927632,3.670048417,0.489714695,3.710801052,60,0.199721621
772.134,-3.856417563,3.655808195,60,-3.856347019,3.670007007,0.489667081,3.710757251,60,0.199685059
772.234,-3.855764597,3.655808195,60,-3.856039132,3.669986455,0.489643278,3.710735353,60,0.199665286
772.239,-3.855764597,3.655808195,60,-3.856049949,3.669985281,0.489642087,3.710734258,60,0.19966622
772.435,-3.857070529,3.655808195,60,-3.856924173,3.669936653,0.489595429,3.710691335,60,0.199736163
772.634,-3.857070529,3.655808195,60,-3.857070529,3.669891335,0.48954805,3.710647749,60,0.199753133
772.734,-3.857070529,3.6556164,60,-3.856933572,3.669869753,0.489524241,3.710625846,60,0.199746168
772.737,-3.857070529,3.6556164,60,-3.856920562,3.669869156,0.489523527,3.710625189,60,0.199745303
772.934,-3.855764597,3.6556164,60,-3.855978027,3.669830541,0.48947663,3.710582047,60,0.199681722
773.135,-3.856417563,3.6556164,60,-3.856346205,3.669783741,0.489428786,3.710538033,60,0.199714268
773.234,-3.856417563,3.6556164,60,-3.856484286,3.669760905,0.489405219,3.710516353,60,0.199727224
773.239,-3.856417563,3.6556164,60,-3.85649485,3.669759731,0.489404029,3.710515258,60,0.199728144
773.435,-3.857070529,3.655424605,60,-3.856997351,3.669713173,0.489357367,3.710472332,60,0.199770849
773.635,-3.857070529,3.655424605,60,-3.857070529,3.669668081,0.489309749,3.710428526,60,0.199782328
773.734,-3.857070529,3.655424605,60,-3.856937082,3.669646722,0.489286178,3.710406843,60,0.199775512
773.739,-3.857070529,3.655424605,60,-3.856915954,3.669645725,0.489284988,3.710405748,60,0.199774108
773.935,-3.855764597,3.655424605,60,-3.856055102,3.669606909,0.48923833,3.710362825,60,0.199716357
774.134,-3.857070529,3.655232809,60,-3.85706982,3.669556885,0.489190957,3.710319245,60,0.199796478
774.234,-3.857723495,3.655424605,60,-3.857513928,3.669532036,0.489167146,3.710297341,60,0.199832203
774.237,-3.857723495,3.655424605,60,-3.85751361,3.669531367,0.489166432,3.710296683,60,0.199832275
774.434,-3.857070529,3.655232809,60,-3.857001059,3.669490212,0.489119525,3.710253532,60,0.199800704
774.634,-3.855764597,3.655232809,60,-3.856187862,3.669450255,0.489071914,3.710209732,60,0.199746491
774.734,-3.857070529,3.655232809,60,-3.856855075,3.669424243,0.489048108,3.710187833,60,0.199798274
774.739,-3.857070529,3.655232809,60,-3.856886261,3.669422953,0.489046918,3.710186737,60,0.199800712
774.935,-3.857723495,3.655041014,60,-3.857506168,3.669375683,0.489000249,3.710143805,60,0.199852226
775.134,-3.856417563,3.655232809,60,-3.856700449,3.669335806,0.488952869,3.710100218,60,0.199798889
775.234,-3.857070529,3.655041014,60,-3.856862375,3.669312617,0.488929062,3.710078317,60,0.199813607
775.239,-3.857070529,3.655041014,60,-3.856862067,3.669311504,0.488927871,3.710077222,60,0.199813727
775.434,-3.856417563,3.655041014,60,-3.856631004,3.669269368,0.488881447,3.710034515,60,0.19980221
775.634,-3.857723495,3.655041014,60,-3.857441318,3.669220211,0.488833829,3.709990709,60,0.199867563
775.734,-3.857070529,3.655041014,60,-3.857211617,3.669199173,0.488810019,3.709968805,60,0.19985368
775.737,-3.857070529,3.655041014,60,-3.857205431,3.669198539,0.488809304,3.709968148,60,0.199853313
775.934,-3.857070529,3.654849219,60,-3.856999985,3.669155762,0.4887624,3.709924999,60,0.199843916
776.134,-3.856417563,3.654849219,60,-3.856629195,3.669113315,0.488714786,3.709881196,60,0.199822203
776.234,-3.857070529,3.654849219,60,-3.856862717,3.669089743,0.488690979,3.709859295,60,0.199842111
776.239,-3.857070529,3.654849219,60,-3.856862464,3.669088631,0.488689788,3.7098582,60,0.199842231
776.435,-3.856417563,3.654849219,60,-3.856562815,3.669046691,0.488643127,3.709815274,60,0.199825575
776.634,-3.857070529,3.654849219,60,-3.856858542,3.669000741,0.488595751,3.709771691,60,0.199852736
776.734,-3.856417563,3.654657424,60,-3.856831928,3.668978625,0.488571943,3.70974979,60,0.199853548
776.739,-3.857070529,3.654657424,60,-3.856864884,3.668977326,0.488570753,3.709748695,60,0.19985611
776.934,-3.857723495,3.654657424,60,-3.857651142,3.668929397,0.488524322,3.709705981,60,0.199919634
777.134,-3.857723495,3.654657424,60,-3.857582407,3.668885094,0.488476696,3.709662168,60,0.199920688
777.234,-3.857070529,3.654657424,60,-3.857280095,3.668864476,0.488452885,3.709640263,60,0.199901418
777.237,-3.857070529,3.654657424,60,-3.857280414,3.668863806,0.488452171,3.709639606,60,0.199901528
777.434,-3.857723495,3.654657424,60,-3.857581332,3.668818161,0.488405263,3.709596454,60,0.199929423
777.634,-3.857070529,3.654657424,60,-3.85742325,3.668774426,0.48835764,3.709552644,60,0.199923664
777.734,-3.858376461,3.654465629,60,-3.857960153,3.668749076,0.488333827,3.709530737,60,0.19996614
777.739,-3.858376461,3.654465629,60,-3.857959538,3.668747961,0.488332636,3.709529642,60,0.199966251
777.934,-3.857070529,3.654465629,60,-3.857285779,3.668708207,0.488286201,3.709486924,60,0.199922559
778.134,-3.857723495,3.654465629,60,-3.857652951,3.668661544,0.488238579,3.709443114,60,0.199955323
778.234,-3.857723495,3.654465629,60,-3.857723495,3.668638825,0.488214766,3.709421208,60,0.19996348
778.239,-3.857723495,3.654465629,60,-3.857723495,3.668637708,0.488213575,3.709420113,60,0.199963629
778.434,-3.857723495,3.654465629,60,-3.857723495,3.668594177,0.48816714,3.709377395,60,0.199969427
778.634,-3.857723495,3.654273833,60,-3.857723495,3.668549536,0.488119513,3.709333582,60,0.199975343
778.734,-3.857723495,3.654273833,60,-3.857723495,3.668527219,0.4880957,3.709311675,60,0.199978291
778.737,-3.857723495,3.654273833,60,-3.857723495,3.66852655,0.488094986,3.709311018,60,0.199978379
778.934,-3.857723495,3.654273833,60,-3.857723495,3.668482591,0.488048074,3.709267862,60,0.199984163
779.134,-3.857723495,3.654273833,60,-3.857723495,3.668437969,0.488000448,3.709224048,60,0.199990008
779.234,-3.857723495,3.654273833,60,-3.85779056,3.668415281,0.487976634,3.709202142,60,0.199997864
779.239,-3.857723495,3.654273833,60,-3.857801179,3.668414105,0.487975444,3.709201046,60,0.199998792
779.434,-3.858376461,3.654273833,60,-3.858233564,3.668368118,0.487929005,3.709158325,60,0.200036468
779.634,-3.857723495,3.654082038,60,-3.857794039,3.668325923,0.487881374,3.709114508,60,0.20001015
779.734,-3.857723495,3.654082038,60,-3.85779056,3.668303638,0.487857561,3.709092601,60,0.200012793
779.739,-3.857723495,3.654082038,60,-3.857801179,3.668302463,0.48785637,3.709091506,60,0.200013719
779.934,-3.858376461,3.654082038,60,-3.858304108,3.668256095,0.487809931,3.709048784,60,0.200056523
780.134,-3.858376461,3.654082038,60,-3.858235373,3.668211777,0.487762297,3.709004964,60,0.20005761
780.234,-3.857723495,3.653890243,60,-3.857933061,3.668191151,0.487738482,3.708983056,60,0.200038348
780.237,-3.857723495,3.653890243,60,-3.85793338,3.66819048,0.487737767,3.708982398,60,0.200038458
780.434,-3.858376461,3.653890243,60,-3.858304843,3.668144419,0.487690851,3.708939238,60,0.2000716
780.635,-3.858376461,3.653890243,60,-3.858376461,3.668099102,0.487642979,3.708895199,60,0.200082984
780.734,-3.858376461,3.653890243,60,-3.858376461,3.668076981,0.4876194,3.708873507,60,0.200085992
780.739,-3.858376461,3.653890243,60,-3.858376461,3.668075864,0.487618209,3.708872412,60,0.200086143
780.935,-3.858376461,3.653698448,60,-3.858376461,3.668032076,0.487571528,3.708829468,60,0.200092072
781.134,-3.858376461,3.653698448,60,-3.858376461,3.667987626,0.487524131,3.708785866,60,0.200098059
781.234,-3.858376461,3.653698448,60,-3.858376461,3.667965293,0.487500314,3.708763956,60,0.200101056
781.239,-3.858376461,3.653698448,60,-3.858376461,3.667964176,0.487499123,3.70876286,60,0.200101205
781.435,-3.858376461,3.653698448,60,-3.858376461,3.667920408,0.487452442,3.708719916,60,0.200107056
781.635,-3.858376461,3.653698448,60,-3.858376461,3.667875755,0.487404808,3.708676095,60,0.200112996
781.734,-3.858376461,3.653698448,60,-3.858582672,3.667852485,0.487381228,3.708654404,60,0.200131129
781.737,-3.859029427,3.653698448,60,-3.858602261,3.667851704,0.487380513,3.708653746,60,0.200132662
781.934,-3.859029427,3.653506653,60,-3.859029427,3.667805222,0.487333587,3.708610577,60,0.200170299
782.134,-3.859029427,3.653506653,60,-3.858888339,3.667761259,0.487285945,3.708566749,60,0.200166228
782.234,-3.858376461,3.653506653,60,-3.858584615,3.667740618,0.487262126,3.708544837,60,0.200146931
782.239,-3.858376461,3.653506653,60,-3.858584922,3.667739499,0.487260935,3.708543741,60,0.200147102
782.434,-3.859029427,3.653314857,60,-3.85888653,3.667694237,0.487214487,3.708501012,60,0.200175189
782.634,-3.858376461,3.653314857,60,-3.858588094,3.667651237,0.487166849,3.708457188,60,0.200159247
782.734,-3.859029427,3.653314857,60,-3.858955062,3.667626834,0.487143029,3.708435275,60,0.200189258
782.739,-3.859029427,3.653314857,60,-3.858975937,3.667625598,0.487141838,3.708434179,60,0.20019095
782.935,-3.859682393,3.653314857,60,-3.859537141,3.667578556,0.487095145,3.708391225,60,0.200238521
783.134,-3.859029427,3.653314857,60,-3.859100326,3.667536456,0.487047737,3.708347612,60,0.200212731
783.234,-3.859029427,3.653314857,60,-3.859097559,3.667514111,0.487023916,3.708325698,60,0.200215613
783.237,-3.859029427,3.653314857,60,-3.859104032,3.667513403,0.487023201,3.708325041,60,0.200216182
783.435,-3.859682393,3.653123062,60,-3.85953788,3.66746665,0.486976031,3.708281647,60,0.200254369
783.634,-3.859029427,3.653123062,60,-3.859100326,3.667424582,0.486928624,3.708238035,60,0.200228416
783.734,-3.859029427,3.653123062,60,-3.858962704,3.667403015,0.486904802,3.708216121,60,0.200221302
783.739,-3.859029427,3.653123062,60,-3.85895214,3.667401958,0.486903611,3.708215025,60,0.200220674
783.935,-3.858376461,3.653123062,60,-3.858521353,3.667360659,0.486856926,3.708172077,60,0.200194631
784.135,-3.859029427,3.653123062,60,-3.858957713,3.6673136,0.486809287,3.708128252,60,0.200232487
784.234,-3.859029427,3.653123062,60,-3.859096493,3.66729071,0.486785704,3.708106558,60,0.200245648
784.239,-3.859029427,3.653123062,60,-3.859107111,3.667289534,0.486784513,3.708105462,60,0.20024658
784.434,-3.859682393,3.652931267,60,-3.859680233,3.667242699,0.486738058,3.708062726,60,0.200294796
784.635,-3.860335359,3.652931267,60,-3.860119124,3.667195168,0.486690166,3.708018668,60,0.200333726
784.734,-3.859682393,3.652931267,60,-3.859893385,3.667174241,0.486666577,3.707996968,60,0.200320377
784.737,-3.859682393,3.652931267,60,-3.859893641,3.667173567,0.486665862,3.70799631,60,0.200320493
784.934,-3.860335359,3.652931267,60,-3.860123354,3.667128118,0.486618922,3.707953128,60,0.20034386
785.135,-3.859029427,3.652931267,60,-3.859172142,3.667088493,0.486571034,3.707909074,60,0.20028013
785.234,-3.859029427,3.652931267,60,-3.859029427,3.667067206,0.48654745,3.707887379,60,0.200272499
785.239,-3.859029427,3.652931267,60,-3.859029427,3.667066091,0.486546259,3.707886283,60,0.200272643
785.434,-3.859029427,3.652739472,60,-3.85909962,3.667022202,0.486499808,3.70784355,60,0.200283414
785.635,-3.859682393,3.652739472,60,-3.859611036,3.666974437,0.486451923,3.707799499,60,0.200327038
785.734,-3.859682393,3.652739472,60,-3.859682393,3.666951898,0.486428337,3.707777801,60,0.200335336
785.739,-3.859682393,3.652739472,60,-3.859682393,3.66695078,0.486427145,3.707776705,60,0.20033549
785.934,-3.859682393,3.652739472,60,-3.8596122,3.666907573,0.486380686,3.707733966,60,0.20033631
786.135,-3.859029427,3.652547677,60,-3.859245662,3.666864754,0.486332801,3.707689914,60,0.200315266
786.234,-3.859682393,3.652547677,60,-3.859471747,3.666841385,0.486309216,3.707668218,60,0.200334809
786.237,-3.859682393,3.652547677,60,-3.859471524,3.666840716,0.486308502,3.70766756,60,0.200334883
786.435,-3.859029427,3.652547677,60,-3.85917358,3.666798201,0.486261332,3.707624167,60,0.200318728
786.635,-3.859682393,3.652547677,60,-3.859610679,3.666751107,0.486213685,3.707580335,60,0.200356746
786.734,-3.859682393,3.652547677,60,-3.85961567,3.666728961,0.486190099,3.707558637,60,0.200360086
786.739,-3.859682393,3.652547677,60,-3.859605106,3.666727903,0.486188908,3.707557541,60,0.200359457
786.935,-3.859029427,3.652547677,60,-3.859102605,3.666686995,0.486142214,3.707514586,60,0.20032814
787.135,-3.859029427,3.652355881,60,-3.859174304,3.666642027,0.486094571,3.707470757,60,0.200338991
787.234,-3.859682393,3.652355881,60,-3.859473156,3.666618264,0.486070986,3.70744906,60,0.200363832
787.239,-3.859682393,3.652355881,60,-3.859473007,3.666617149,0.486069795,3.707447965,60,0.200363968
787.435,-3.859029427,3.652355881,60,-3.859246754,3.666574696,0.486023102,3.707405009,60,0.200352951
787.634,-3.860335359,3.652164086,60,-3.86033465,3.666524115,0.485975689,3.707361392,60,0.20043904
787.734,-3.860988325,3.652164086,60,-3.860916492,3.666498412,0.485951858,3.707339469,60,0.200485212
787.737,-3.861641291,3.652164086,60,-3.860929257,3.666497666,0.485951143,3.707338812,60,0.200486256
787.934,-3.860335359,3.652164086,60,-3.860548789,3.666455573,0.485904193,3.70729562,60,0.200464943
788.135,-3.860988325,3.652164086,60,-3.86077209,3.666409246,0.485856292,3.707251555,60,0.200488027
788.234,-3.860335359,3.652164086,60,-3.860410807,3.666389088,0.4858327,3.707229851,60,0.200464648
788.239,-3.860335359,3.652164086,60,-3.860389774,3.666388087,0.485831508,3.707228755,60,0.200463255
788.434,-3.859682393,3.651972291,60,-3.859754746,3.666348071,0.485785045,3.707186011,60,0.200422404
788.635,-3.859682393,3.651972291,60,-3.85982727,3.666302806,0.485737155,3.707141956,60,0.200433583
788.734,-3.860335359,3.651972291,60,-3.860192846,3.666278632,0.485713566,3.707120256,60,0.200463469
788.739,-3.860335359,3.651972291,60,-3.86020326,3.666277455,0.485712375,3.70711916,60,0.200464391
788.935,-3.860335359,3.651972291,60,-3.860335359,3.666232866,0.48566567,3.707076194,60,0.20048019
789.135,-3.860335359,3.651972291,60,-3.860480236,3.666187305,0.485618011,3.707032351,60,0.200497075
789.234,-3.860988325,3.651780496,60,-3.860845812,3.666163075,0.485594418,3.707010646,60,0.200527169
789.237,-3.860988325,3.651780496,60,-3.860852061,3.666162367,0.485593703,3.707009989,60,0.200527728
789.434,-3.860988325,3.651780496,60,-3.860917781,3.666117823,0.485546752,3.706966797,60,0.200539053
789.634,-3.860335359,3.651588701,60,-3.860546992,3.666075121,0.485499089,3.70692295,60,0.200518098
789.734,-3.860988325,3.651588701,60,-3.860913245,3.66605067,0.485475258,3.706901026,60,0.200548246
789.74,-3.860988325,3.651588701,60,-3.860938158,3.666049184,0.485473828,3.706899711,60,0.200550278
789.935,-3.861641291,3.651780496,60,-3.861496024,3.666002285,0.48542735,3.706856953,60,0.200597927
790.135,-3.860988325,3.651588701,60,-3.861060039,3.665959856,0.485379679,3.7068131,60,0.200572494
790.234,-3.860988325,3.651588701,60,-3.860988325,3.665938077,0.485356084,3.706791393,60,0.200570405
790.24,-3.860988325,3.651588701,60,-3.860988325,3.665936733,0.485354654,3.706790078,60,0.200570598
790.435,-3.860988325,3.651588701,60,-3.860988325,3.665893056,0.485308179,3.706747324,60,0.200576832
790.634,-3.860988325,3.651588701,60,-3.860988325,3.665848493,0.485260751,3.706703693,60,0.200583147
790.734,-3.860988325,3.651588701,60,-3.861194537,3.665824933,0.485236917,3.706681767,60,0.200601529
790.738,-3.861641291,3.651588701,60,-3.861220655,3.66582389,0.485235964,3.70668089,60,0.200603584
790.935,-3.861641291,3.651396905,60,-3.861641291,3.665777315,0.485189006,3.706637691,60,0.200641187
791.134,-3.861641291,3.651396905,60,-3.861500203,3.665733449,0.48514157,3.706594053,60,0.200637444
791.234,-3.860988325,3.651396905,60,-3.861129414,3.665713126,0.485117735,3.706572126,60,0.20061335
791.239,-3.860988325,3.651396905,60,-3.861119103,3.665712064,0.485116543,3.70657103,60,0.200612746
791.434,-3.860988325,3.651396905,60,-3.860988325,3.665669172,0.485070068,3.706528276,60,0.200609149
791.634,-3.860988325,3.651396905,60,-3.860988325,3.66562444,0.485022401,3.706484425,60,0.200615281
791.734,-3.860988325,3.651396905,60,-3.861055049,3.665601457,0.484998568,3.706462257,60,0.20062379
791.739,-3.860988325,3.651396905,60,-3.861065613,3.665600241,0.484997376,3.706461122,60,0.200624806
791.935,-3.861641291,3.65120511,60,-3.861639828,3.665551271,0.484950658,3.706416287,60,0.200677362
792.135,-3.862294257,3.65120511,60,-3.862077666,3.665501859,0.484902981,3.706370359,60,0.200720835
792.234,-3.861641291,3.65120511,60,-3.861990016,3.665479105,0.484879379,3.706347624,60,0.20071994
792.237,-3.862294257,3.65120511,60,-3.862003356,3.665478326,0.484878664,3.706346935,60,0.20072109
792.434,-3.862294257,3.65120511,60,-3.862223713,3.665430808,0.484831698,3.706301693,60,0.200748509
792.634,-3.861641291,3.65120511,60,-3.861711835,3.665386768,0.484784019,3.706255765,60,0.200721842
792.734,-3.861641291,3.651013315,60,-3.861641291,3.665363742,0.484760182,3.706232802,60,0.200722051
792.739,-3.861641291,3.651013315,60,-3.861641291,3.665362571,0.48475899,3.706231654,60,0.20072232
792.934,-3.861641291,3.651013315,60,-3.861641291,3.665316914,0.484712507,3.706186878,60,0.200732807
793.135,-3.861641291,3.651013315,60,-3.861641291,3.665269863,0.484664594,3.706140723,60,0.20074356
793.234,-3.861641291,3.65082152,60,-3.861574226,3.665247074,0.484640995,3.706117991,60,0.200743888
793.239,-3.861641291,3.65082152,60,-3.861563608,3.665245965,0.484639804,3.706116843,60,0.20074337
793.434,-3.860988325,3.65082152,60,-3.861130871,3.66520283,0.484593325,3.70607207,60,0.200721616
793.635,-3.861641291,3.65082152,60,-3.861569934,3.665153401,0.484545415,3.706025919,60,0.200764408
793.734,-3.861641291,3.65082152,60,-3.861641291,3.665129846,0.484521817,3.706003187,60,0.200774889
793.738,-3.861641291,3.65082152,60,-3.861641291,3.66512891,0.484520863,3.706002268,60,0.2007751
793.935,-3.861641291,3.65082152,60,-3.861641291,3.665082836,0.484473904,3.705957033,60,0.200785482
794.134,-3.861641291,3.650629725,60,-3.861500203,3.665037104,0.484426468,3.705911338,60,0.200785519
794.234,-3.860988325,3.650629725,60,-3.861196137,3.665015464,0.484402632,3.705888378,60,0.200768236
794.239,-3.860988325,3.650629725,60,-3.86119639,3.665014296,0.484401441,3.70588723,60,0.200768506
794.435,-3.861641291,3.650629725,60,-3.861568113,3.664966447,0.484354723,3.705842227,60,0.200805947
794.635,-3.861641291,3.650437929,60,-3.861641291,3.664919293,0.484307049,3.705796302,60,0.20082175
794.734,-3.861641291,3.650629725,60,-3.861641291,3.664896157,0.48428345,3.70577357,60,0.200826902
794.739,-3.861641291,3.650629725,60,-3.861641291,3.664894988,0.484282258,3.705772422,60,0.200827162
794.934,-3.861641291,3.650437929,60,-3.86178238,3.664848623,0.484235775,3.705727645,60,0.200847708
795.134,-3.862947223,3.650437929,60,-3.862523958,3.664797611,0.484188093,3.705681713,60,0.200913173
795.234,-3.861641291,3.650437929,60,-3.862266636,3.664775623,0.484164251,3.705658746,60,0.200899634
795.237,-3.862294257,3.650437929,60,-3.862286862,3.664774806,0.484163536,3.705658057,60,0.200901288
795.434,-3.863600189,3.650246134,60,-3.863316566,3.664722766,0.484116562,3.705612807,60,0.200988242
795.635,-3.862294257,3.650246134,60,-3.862436972,3.664680529,0.484068633,3.705566638,60,0.200934589
795.734,-3.862294257,3.650246134,60,-3.862227192,3.664658535,0.48404503,3.705543901,60,0.200924403
795.739,-3.862294257,3.650246134,60,-3.862216574,3.664657425,0.484043838,3.705542753,60,0.200923884
795.934,-3.861641291,3.650246134,60,-3.861783838,3.66461429,0.483997351,3.705497972,60,0.200902095
796.135,-3.862294257,3.650054339,60,-3.862367777,3.664564038,0.483949433,3.705451814,60,0.20095558
796.234,-3.862947223,3.650054339,60,-3.862737644,3.664538774,0.483925829,3.705429076,60,0.200988176
796.239,-3.862947223,3.650054339,60,-3.862737441,3.664537603,0.483924636,3.705427927,60,0.200988433
796.434,-3.862294257,3.650054339,60,-3.862437155,3.664493623,0.483878142,3.705383139,60,0.200976773
796.634,-3.862947223,3.650054339,60,-3.862876679,3.664444317,0.483830455,3.705337203,60,0.201019921
796.734,-3.862947223,3.650054339,60,-3.862947223,3.66442048,0.48380661,3.705314233,60,0.201030576
796.738,-3.862947223,3.650054339,60,-3.862947223,3.664419542,0.483805656,3.705313314,60,0.201030794
796.935,-3.862947223,3.650054339,60,-3.862875509,3.664373773,0.483758681,3.705268064,60,0.201036217
797.135,-3.862294257,3.650054339,60,-3.862510849,3.664329018,0.483710994,3.705222127,60,0.20101994
797.234,-3.862947223,3.649862544,60,-3.86280471,3.664304201,0.483687389,3.705199388,60,0.201046857
797.239,-3.862947223,3.649862544,60,-3.862815125,3.664302971,0.483686197,3.70519824,60,0.201047894
797.435,-3.862947223,3.649862544,60,-3.862875509,3.66425673,0.48363946,3.705153219,60,0.201062869
797.635,-3.862294257,3.649862544,60,-3.862510849,3.664212003,0.483591773,3.705107282,60,0.201046482
797.734,-3.862947223,3.649862544,60,-3.862871775,3.664186819,0.483568168,3.705084543,60,0.20107831
797.739,-3.862947223,3.649862544,60,-3.862892808,3.66418553,0.483566976,3.705083395,60,0.201080129
797.934,-3.863600189,3.649862544,60,-3.863527836,3.664136249,0.483520474,3.7050386,60,0.2011376
798.135,-3.863600189,3.649670749,60,-3.863455312,3.664089491,0.483472537,3.704992423,60,0.201143372
798.234,-3.862947223,3.649670749,60,-3.863089737,3.664068348,0.483448928,3.704969681,60,0.201121755
798.237,-3.862947223,3.649670749,60,-3.863083488,3.664067681,0.483448213,3.704968992,60,0.201121453
798.434,-3.862947223,3.649670749,60,-3.862947223,3.664022355,0.483401237,3.70492374,60,0.201121804
798.634,-3.862947223,3.649670749,60,-3.862947223,3.663975577,0.483353546,3.7048778,60,0.201132302
798.734,-3.862947223,3.649670749,60,-3.862947223,3.663952192,0.483329701,3.70485483,60,0.201137538
798.739,-3.862947223,3.649670749,60,-3.862947223,3.663951023,0.483328509,3.704853681,60,0.201137799
798.934,-3.862947223,3.649478953,60,-3.862876679,3.663905829,0.48328201,3.70480889,60,0.201142763
799.134,-3.862294257,3.649478953,60,-3.86250589,3.663861219,0.483234323,3.704762953,60,0.201125597
799.234,-3.862947223,3.649478953,60,-3.862806135,3.663836185,0.48321048,3.704739985,60,0.20115284
799.239,-3.862947223,3.649478953,60,-3.862816446,3.663834959,0.483209288,3.704738837,60,0.201153858
799.435,-3.862947223,3.649478953,60,-3.862947223,3.66378842,0.483162551,3.704693816,60,0.201173652
799.635,-3.862947223,3.649287158,60,-3.863092101,3.663740861,0.48311486,3.704647875,60,0.201194716
799.734,-3.863600189,3.649287158,60,-3.863251465,3.66371681,0.483091252,3.704625133,60,0.201211669
799.737,-3.862947223,3.649287158,60,-3.863238124,3.663716183,0.483090536,3.704624444,60,0.201210842
799.935,-3.862947223,3.649287158,60,-3.863018938,3.663671139,0.483043321,3.704578962,60,0.201204925
800.135,-3.863600189,3.649287158,60,-3.863238721,3.663623135,0.482995628,3.704533019,60,0.201231604
800.234,-3.862294257,3.649095363,60,-3.862646008,3.663603346,0.482972021,3.704510279,60,0.201192924
800.239,-3.862294257,3.649095363,60,-3.862635742,3.663602238,0.482970828,3.70450913,60,0.201192416
800.435,-3.862947223,3.649095363,60,-3.862874046,3.663555179,0.482924095,3.704464112,60,0.201219829
800.634,-3.862947223,3.649095363,60,-3.863088312,3.663507504,0.482876642,3.704418402,60,0.201245807
800.734,-3.863600189,3.649095363,60,-3.863526167,3.663481657,0.482852795,3.704395429,60,0.201283356
800.739,-3.863600189,3.649095363,60,-3.863547095,3.663480368,0.482851602,3.704394281,60,0.201285168
800.934,-3.864253156,3.648903568,60,-3.864110609,3.663431493,0.482805093,3.704349478,60,0.201337354
801.135,-3.863600189,3.648903568,60,-3.86352667,3.663387676,0.482757152,3.704303297,60,0.201305095
801.234,-3.862947223,3.648903568,60,-3.863089737,3.663366997,0.482733543,3.704280555,60,0.201277957
801.237,-3.862947223,3.648903568,60,-3.863083488,3.663366332,0.482732827,3.704279866,60,0.201277648
801.434,-3.862947223,3.648903568,60,-3.863017417,3.663320732,0.482685851,3.704234614,60,0.201282705
801.635,-3.863600189,3.648903568,60,-3.863528832,3.6632709,0.482637918,3.70418844,60,0.201330787
801.734,-3.863600189,3.648711773,60,-3.863533124,3.663247725,0.482614308,3.704165697,60,0.201336275
801.739,-3.863600189,3.648711773,60,-3.863522506,3.663246616,0.482613115,3.704164548,60,0.201335751
801.934,-3.862947223,3.648711773,60,-3.863159963,3.663203104,0.482566613,3.704119752,60,0.201318979
802.135,-3.864253156,3.648711773,60,-3.864110441,3.663150751,0.482518675,3.704073574,60,0.201399681
802.234,-3.864253156,3.648711773,60,-3.864186432,3.66312712,0.482495061,3.704050827,60,0.201410656
802.239,-3.864253156,3.648711773,60,-3.864175868,3.663126008,0.482493868,3.704049678,60,0.201410146
802.435,-3.863600189,3.648519978,60,-3.863745082,3.663082541,0.482447119,3.704004645,60,0.201388758
802.635,-3.864253156,3.648519978,60,-3.864181441,3.663033272,0.482399416,3.703958693,60,0.201431592
802.734,-3.864253156,3.648519978,60,-3.864253156,3.663009671,0.482375802,3.703935945,60,0.201442224
802.737,-3.864253156,3.648519978,60,-3.864253156,3.663008968,0.482375086,3.703935256,60,0.201442385
802.934,-3.864253156,3.648519978,60,-3.864253156,3.66296281,0.482328095,3.703889989,60,0.201452991
803.135,-3.864253156,3.648519978,60,-3.864253156,3.662915726,0.482280149,3.703843804,60,0.201463769
803.234,-3.864253156,3.648519978,60,-3.864253156,3.66289254,0.482256534,3.703821056,60,0.201469061
803.239,-3.864253156,3.648519978,60,-3.864253156,3.662891369,0.482255342,3.703819907,60,0.201469327
803.435,-3.864253156,3.648519978,60,-3.86432487,3.662845066,0.482208589,3.70377487,60,0.201485081
803.635,-3.864906122,3.648328182,60,-3.86468953,3.662796135,0.482160878,3.703728911,60,0.201522856
803.734,-3.864253156,3.648328182,60,-3.864395669,3.662774586,0.482137262,3.703706161,60,0.20150649
803.739,-3.864253156,3.648328182,60,-3.864385254,3.662773474,0.482136069,3.703705012,60,0.201505986
803.934,-3.864253156,3.648328182,60,-3.864253156,3.662728577,0.482089555,3.703660205,60,0.201506528
804.135,-3.864253156,3.648328182,60,-3.864398033,3.662680728,0.482041609,3.703614019,60,0.201527814
804.234,-3.864906122,3.648136387,60,-3.864696177,3.662655863,0.482017992,3.70359127,60,0.201555138
804.238,-3.864906122,3.648136387,60,-3.864695968,3.662654927,0.482017038,3.70359035,60,0.201555339
804.435,-3.864253156,3.648136387,60,-3.864397676,3.662610466,0.481970043,3.70354508,60,0.201543813
804.635,-3.864906122,3.648136387,60,-3.864834407,3.662561173,0.481922332,3.703499121,60,0.20158675
804.734,-3.864906122,3.648136387,60,-3.864839398,3.66253794,0.481898713,3.703476369,60,0.20159247
804.739,-3.864906122,3.648136387,60,-3.864828834,3.662536828,0.48189752,3.70347522,60,0.201591958
804.935,-3.864253156,3.648136387,60,-3.864326333,3.662493774,0.481850764,3.70343018,60,0.201565191
805.134,-3.864253156,3.647944592,60,-3.864394244,3.662446875,0.481803295,3.703384453,60,0.201580498
805.234,-3.864906122,3.647944592,60,-3.864765033,3.66242139,0.481779439,3.703361473,60,0.20161316
805.24,-3.864906122,3.647944592,60,-3.864777406,3.662419915,0.481778008,3.703360095,60,0.201614396
805.435,-3.864906122,3.647944592,60,-3.864977836,3.662373101,0.481731486,3.70331528,60,0.201639666
805.635,-3.865559088,3.647944592,60,-3.865342496,3.662324142,0.481683768,3.703269314,60,0.201677537
805.734,-3.864906122,3.647752797,60,-3.865187071,3.662301794,0.481660147,3.70324656,60,0.201671455
805.738,-3.865559088,3.647752797,60,-3.865196274,3.662300804,0.481659192,3.70324564,60,0.201672351
805.934,-3.864906122,3.647752797,60,-3.864907561,3.662256488,0.481612429,3.703200593,60,0.201661597
806.134,-3.864253156,3.647752797,60,-3.8643237,3.662213018,0.481564718,3.703154634,60,0.201628775
806.234,-3.864253156,3.647561002,60,-3.864319164,3.662189697,0.481540864,3.703131655,60,0.201633494
806.24,-3.864253156,3.647561002,60,-3.864331704,3.662188226,0.481539433,3.703130277,60,0.201634725
806.435,-3.864906122,3.647561002,60,-3.864832569,3.662139837,0.481492915,3.703085466,60,0.201681782
806.634,-3.864906122,3.647561002,60,-3.86504721,3.66209206,0.481445438,3.703039732,60,0.201708109
806.734,-3.865559088,3.647561002,60,-3.865351276,3.662066923,0.481421579,3.703016749,60,0.201735939
806.739,-3.865559088,3.647561002,60,-3.865351023,3.662065753,0.481420386,3.7030156,60,0.201736192
806.935,-3.864906122,3.647561002,60,-3.865122728,3.662021121,0.481373621,3.702970552,60,0.20172979
807.135,-3.866212054,3.647369206,60,-3.865923748,3.661969712,0.481325898,3.702924581,60,0.201799911
807.234,-3.865559088,3.647369206,60,-3.865701601,3.661947721,0.481302274,3.702901823,60,0.201788954
807.238,-3.865559088,3.647369206,60,-3.865693269,3.66194683,0.48130132,3.702900904,60,0.201788555
807.434,-3.865559088,3.647369206,60,-3.865488543,3.661902028,0.481254551,3.702855852,60,0.20178402
807.634,-3.864906122,3.647369206,60,-3.864976666,3.661858099,0.481206832,3.702809885,60,0.201756694
807.734,-3.864906122,3.647369206,60,-3.864839056,3.661835505,0.481182975,3.702786903,60,0.201751646
807.739,-3.864906122,3.647369206,60,-3.864828438,3.661834397,0.481181782,3.702785754,60,0.201751115
807.934,-3.864253156,3.647177411,60,-3.864465895,3.661790933,0.481135263,3.702740943,60,0.201734073
808.135,-3.865559088,3.647177411,60,-3.865416373,3.661738625,0.481087309,3.702694749,60,0.201814645
808.234,-3.865559088,3.647177411,60,-3.865559088,3.661714636,0.481063687,3.702671994,60,0.201830464
808.239,-3.865559088,3.647177411,60,-3.865559088,3.661713465,0.481062494,3.702670845,60,0.20183073
808.435,-3.865559088,3.647177411,60,-3.865487373,3.661667961,0.481015726,3.702625793,60,0.201835853
808.635,-3.864906122,3.647177411,60,-3.865122713,3.661623235,0.480968006,3.702579825,60,0.201819285
808.734,-3.865559088,3.646985616,60,-3.865416574,3.66159843,0.480944385,3.702557071,60,0.201846156
808.737,-3.865559088,3.646985616,60,-3.865422823,3.661597693,0.480943669,3.702556382,60,0.201846776
808.935,-3.865559088,3.646985616,60,-3.865487373,3.661550984,0.480896424,3.702510871,60,0.201861984
809.135,-3.864906122,3.646985616,60,-3.86526759,3.661505456,0.480848705,3.702464903,60,0.20185607
809.234,-3.866212054,3.646985616,60,-3.865927027,3.661478573,0.480825081,3.702442147,60,0.201910067
809.239,-3.866212054,3.646985616,60,-3.865947856,3.661477283,0.480823888,3.702440997,60,0.201911881
809.435,-3.866212054,3.646793821,60,-3.866139979,3.661430222,0.480777113,3.702395939,60,0.201936793
809.634,-3.865559088,3.646793821,60,-3.865629986,3.661386467,0.480729625,3.702350194,60,0.201909695
809.734,-3.865559088,3.646793821,60,-3.865625811,3.661363093,0.480705763,3.702327208,60,0.201914615
809.739,-3.865559088,3.646793821,60,-3.865636375,3.661361863,0.48070457,3.702326059,60,0.201915658
809.935,-3.866212054,3.646793821,60,-3.866067162,3.661313539,0.480657797,3.702281003,60,0.201957937
810.135,-3.865559088,3.646793821,60,-3.865485925,3.661269987,0.480610071,3.702235029,60,0.201925476
810.234,-3.864906122,3.646602026,60,-3.865183498,3.661248566,0.480586449,3.702212274,60,0.201908124
810.238,-3.864906122,3.646602026,60,-3.865192248,3.661247583,0.480585495,3.702211355,60,0.201908972
810.435,-3.866212054,3.646602026,60,-3.865994727,3.661197014,0.480538488,3.702166073,60,0.201978512
810.635,-3.865559088,3.646602026,60,-3.865775679,3.661151433,0.480490761,3.702120098,60,0.2019728
810.734,-3.866212054,3.646602026,60,-3.86606954,3.661126608,0.480467136,3.70209734,60,0.20199975
810.74,-3.866212054,3.646602026,60,-3.866082038,3.661125132,0.480465704,3.702095961,60,0.202000996
810.935,-3.866212054,3.64641023,60,-3.866284128,3.661078304,0.480419166,3.702051132,60,0.202026382
811.134,-3.86686502,3.64641023,60,-3.866653033,3.661029549,0.48037167,3.702005379,60,0.202064519
811.234,-3.866212054,3.64641023,60,-3.866286419,3.661008161,0.480347803,3.701982388,60,0.202042799
811.239,-3.866212054,3.64641023,60,-3.866265544,3.661007108,0.48034661,3.701981239,60,0.202041518
811.435,-3.865559088,3.64641023,60,-3.865775694,3.660964015,0.480299837,3.701936182,60,0.202015449
811.635,-3.86686502,3.64641023,60,-3.866286959,3.660914329,0.480252107,3.701890204,60,0.202063801
811.734,-3.864906122,3.646218435,60,-3.865607649,3.660894999,0.480228482,3.701867446,60,0.202018636
811.738,-3.865559088,3.646218435,60,-3.865617357,3.66089401,0.480227527,3.701866527,60,0.202019553
811.934,-3.866212054,3.646218435,60,-3.866210263,3.660844858,0.480180754,3.701821471,60,0.202073522
812.135,-3.86686502,3.646218435,60,-3.866793662,3.660794469,0.480132781,3.701775259,60,0.202127461
812.234,-3.86686502,3.646218435,60,-3.866931028,3.660770464,0.48010915,3.701752495,60,0.202143047
812.24,-3.86686502,3.646218435,60,-3.866943569,3.660768985,0.480107718,3.701751115,60,0.202144305
812.435,-3.867517986,3.64602664,60,-3.867372719,3.660720758,0.480061169,3.701706275,60,0.202186938
812.635,-3.86686502,3.64602664,60,-3.867081611,3.660675393,0.480013425,3.701660261,60,0.202176529
812.734,-3.867517986,3.64602664,60,-3.867375472,3.660650247,0.479989792,3.701637251,60,0.202204322
812.74,-3.867517986,3.64602664,60,-3.86738797,3.660648729,0.47998836,3.701635834,60,0.202205671
812.935,-3.867517986,3.64602664,60,-3.867446272,3.660601364,0.479941807,3.701589772,60,0.202223717
813.135,-3.86686502,3.645834845,60,-3.866936734,3.660556063,0.479894064,3.701542533,60,0.202199773
813.234,-3.86686502,3.645834845,60,-3.86686502,3.660532659,0.479870433,3.701519151,60,0.202201153
813.238,-3.86686502,3.645834845,60,-3.86686502,3.660531697,0.479869478,3.701518206,60,0.202201422
813.435,-3.86686502,3.645834845,60,-3.866936734,3.660483936,0.479822455,3.701471679,60,0.202219986
813.635,-3.867517986,3.645834845,60,-3.867301394,3.660433763,0.479774712,3.70142444,60,0.202260595
813.734,-3.86686502,3.64564305,60,-3.867074257,3.660411223,0.479751079,3.701401056,60,0.202250501
813.739,-3.86686502,3.64564305,60,-3.867074406,3.66041002,0.479749886,3.701399875,60,0.202250849
813.935,-3.867517986,3.64564305,60,-3.867373094,3.660361193,0.479703097,3.70135358,60,0.202286252
814.135,-3.86686502,3.64564305,60,-3.867081611,3.660314739,0.479655354,3.70130634,60,0.202278165
814.234,-3.867517986,3.64564305,60,-3.867242026,3.66029004,0.479631721,3.701282957,60,0.202296687
814.239,-3.867517986,3.64564305,60,-3.867231312,3.660288899,0.479630528,3.701281776,60,0.202296229
814.435,-3.866212054,3.64564305,60,-3.866430124,3.660246366,0.479583744,3.701235485,60,0.202249779
814.635,-3.86686502,3.645451254,60,-3.866938183,3.660195569,0.479536008,3.701188253,60,0.202300331
814.734,-3.867517986,3.645451254,60,-3.867169261,3.660170497,0.479512376,3.70116487,60,0.202323997
814.738,-3.86686502,3.645451254,60,-3.867151474,3.660169637,0.479511421,3.701163925,60,0.202322944
814.935,-3.86686502,3.645451254,60,-3.86686502,3.660123976,0.479464397,3.701117397,60,0.202314648
815.134,-3.86686502,3.645451254,60,-3.867006108,3.660075448,0.479416896,3.701070397,60,0.202338078
815.234,-3.867517986,3.645451254,60,-3.867310174,3.660049728,0.479393025,3.701046778,60,0.202367208
815.239,-3.867517986,3.645451254,60,-3.867309921,3.660048528,0.479391831,3.701045597,60,0.202367523
815.435,-3.86686502,3.645259459,60,-3.867009912,3.660003162,0.479345043,3.700999302,60,0.202358226
815.635,-3.867517986,3.645259459,60,-3.867591149,3.659951875,0.4792973,3.700952062,60,0.202414489
815.734,-3.868170952,3.645259459,60,-3.867894992,3.659926351,0.479273663,3.700928675,60,0.202443704
815.739,-3.868170952,3.645259459,60,-3.867884279,3.659925208,0.47927247,3.700927494,60,0.202443251
815.935,-3.86686502,3.645259459,60,-3.867154804,3.659882219,0.479225677,3.700881195,60,0.202402265
816.135,-3.868170952,3.645067664,60,-3.868027523,3.659829261,0.47917793,3.700833951,60,0.202480243
816.234,-3.868170952,3.645067664,60,-3.868034687,3.659805393,0.479154292,3.700810562,60,0.202487522
816.237,-3.868170952,3.645067664,60,-3.868021743,3.659804744,0.479153575,3.700809854,60,0.202486766
816.435,-3.86686502,3.645067664,60,-3.867153326,3.659762082,0.479106305,3.700763082,60,0.202435505
816.635,-3.868170952,3.645067664,60,-3.867882646,3.659709971,0.479058558,3.700715838,60,0.202502709
816.734,-3.867517986,3.645067664,60,-3.867799987,3.659686643,0.479034921,3.700692451,60,0.202503198
816.739,-3.868170952,3.645067664,60,-3.867811657,3.659685375,0.479033728,3.70069127,60,0.202504396
816.935,-3.867517986,3.645067664,60,-3.867591164,3.659639534,0.478986932,3.700644968,60,0.202501065
817.135,-3.867517986,3.644875869,60,-3.867662863,3.659591142,0.478939185,3.700597724,60,0.202519457
817.234,-3.868170952,3.644875869,60,-3.868028438,3.659565307,0.478915548,3.700574336,60,0.202553115
817.239,-3.868170952,3.644875869,60,-3.868038853,3.659564046,0.478914354,3.700573155,60,0.202554222
817.435,-3.868170952,3.644684074,60,-3.868170952,3.659516177,0.478867554,3.700526849,60,0.202577182
817.635,-3.868170952,3.644684074,60,-3.868170952,3.659468096,0.478819799,3.700479597,60,0.202590591
817.734,-3.868170952,3.644684074,60,-3.868238383,3.659443918,0.47879616,3.700456207,60,0.20260222
817.738,-3.868170952,3.644684074,60,-3.868246924,3.659442908,0.478795205,3.700455262,60,0.202603122
817.935,-3.868823918,3.644684074,60,-3.868679037,3.659393076,0.478748162,3.700408716,60,0.202648517
818.134,-3.868170952,3.644684074,60,-3.868241851,3.659347668,0.478700642,3.700361697,60,0.202629531
818.234,-3.868170952,3.644684074,60,-3.868237675,3.659323668,0.478676764,3.700338071,60,0.202635859
818.239,-3.868170952,3.644684074,60,-3.868248239,3.659322407,0.47867557,3.700336889,60,0.202636975
818.435,-3.868823918,3.644492278,60,-3.86875074,3.659272452,0.478628766,3.700290579,60,0.202687402
818.635,-3.868823918,3.644492278,60,-3.868968795,3.659223078,0.478581003,3.700243319,60,0.202717204
818.734,-3.869476884,3.644492278,60,-3.869474574,3.659196368,0.478557357,3.700219923,60,0.202761582
818.74,-3.87012985,3.644492278,60,-3.869513709,3.659194699,0.478555924,3.700218505,60,0.202764909
818.935,-3.869476884,3.644300483,60,-3.869478723,3.659147818,0.478509345,3.700172417,60,0.202776108
819.135,-3.868823918,3.644300483,60,-3.868750755,3.659103754,0.478461578,3.700125154,60,0.202735778
819.234,-3.868170952,3.644300483,60,-3.868313465,3.659082442,0.478437937,3.700101762,60,0.202709865
819.237,-3.868170952,3.644300483,60,-3.868307217,3.659081758,0.478437221,3.700101053,60,0.202709596
819.435,-3.868170952,3.644300483,60,-3.868243027,3.659034648,0.478389942,3.700054274,60,0.20271761
819.634,-3.868823918,3.644300483,60,-3.868611931,3.658984822,0.478342422,3.700007255,60,0.202757957
819.734,-3.868170952,3.644300483,60,-3.868378764,3.658962138,0.478318543,3.699983627,60,0.202747183
819.739,-3.868170952,3.644300483,60,-3.868379017,3.658960938,0.478317349,3.699982446,60,0.202747525
819.935,-3.868823918,3.644108688,60,-3.86875074,3.658911817,0.478270544,3.699936135,60,0.202787879
820.134,-3.868823918,3.644108688,60,-3.86868283,3.65886441,0.478223021,3.699889112,60,0.202795954
820.234,-3.868170952,3.644108688,60,-3.86831204,3.658842514,0.478199141,3.699865485,60,0.202774919
820.239,-3.868170952,3.644108688,60,-3.86830173,3.658841375,0.478197947,3.699864303,60,0.202774473
820.435,-3.868170952,3.644108688,60,-3.868170952,3.658795172,0.478151147,3.699817996,60,0.202777212
820.634,-3.868170952,3.643916893,60,-3.86831204,3.658746727,0.47810363,3.699770981,60,0.202800285
820.734,-3.868823918,3.643916893,60,-5.250260931,3.650948161,0.478079715,3.699747318,60,0.32525594
820.738,-30.88725364,3.490097147,60,-30.59686001,3.508306385,0.478075424,3.699743072,60,6.2063779
820.934,-32.40474676,3.464780182,60,-32.35295187,3.492814527,0.477692542,3.699364229,60,7.052293116
821.135,-32.5098743,3.457683759,60,-32.50927107,3.486230078,0.477289929,3.698965861,60,7.288012952
821.234,-32.54382854,3.454806831,60,-32.54352087,3.483299798,0.477091158,3.698769186,60,7.385007489
821.239,-32.5444815,3.454615036,60,-32.54461314,3.483157822,0.47708111,3.698759245,60,7.389572712
821.435,-32.58757726,3.450203747,60,-32.58751878,3.477644769,0.476687104,3.698369393,60,7.566965551
821.635,-32.62806116,3.446367843,60,-32.62789123,3.472231439,0.476284539,3.697971074,60,7.740701727
821.734,-32.64307938,3.444258096,60,-32.64314214,3.469648008,0.4760851,3.697773738,60,7.822574676
821.739,-32.64438531,3.444258096,60,-32.64402765,3.469519129,0.476075022,3.697763767,60,7.826687921
821.935,-32.67833954,3.441189373,60,-32.678317,3.464517555,0.475679863,3.697372775,60,7.98628576
822.135,-32.71164081,3.438312445,60,-32.71148072,3.459599605,0.475276222,3.696973391,60,8.142924493
822.234,-32.7233942,3.436778083,60,-32.7232895,3.457253923,0.475076283,3.69677518,60,8.216512395
822.238,-32.7214353,3.436586288,60,-32.72359489,3.457161182,0.475068202,3.69676657,60,8.219370028
822.435,-32.74102429,3.434476541,60,-32.74109586,3.452614351,0.474670168,3.69633171,60,8.35997392
822.635,-32.76518403,3.431983203,60,-32.76530966,3.448116142,0.474265808,3.695880104,60,8.500564209
822.734,-32.78085522,3.430640637,60,-32.78067179,3.445928763,0.474065529,3.695656423,60,8.56982054
822.739,-32.78085522,3.430448842,60,-32.78109208,3.44582217,0.47405541,3.695645122,60,8.573100644
822.935,-32.79783233,3.42853089,60,-32.79807811,3.441681564,0.473658699,3.695202058,60,8.700598945
823.135,-32.82982767,3.426037552,60,-32.82960106,3.437523435,0.47325359,3.694749614,60,8.832448134
823.234,-32.8389692,3.425078576,60,-32.83894471,3.43555279,0.473052936,3.694525515,60,8.893221054
823.239,-32.8389692,3.424886781,60,-32.83935685,3.435455308,0.4730428,3.694514194,60,8.896208134
823.435,-32.85594631,3.422968829,60,-32.85607177,3.431667583,0.472645385,3.694070344,60,9.01239026
823.635,-32.88075902,3.420859082,60,-32.88052015,3.427893923,0.472239604,3.693617149,60,9.13010979
823.734,-32.88598275,3.419900106,60,-32.88616965,3.426109981,0.47203865,3.693392715,60,9.183874478
823.738,-32.88598275,3.419900106,60,-32.88668327,3.426037527,0.472030528,3.693383644,60,9.18613907
823.935,-32.91275436,3.418173949,60,-32.91241938,3.422499269,0.471630456,3.692936825,60,9.296876292
824.135,-32.91993699,3.416064202,60,-32.92025862,3.419130826,0.471224081,3.692482968,60,9.396874965
824.234,-32.93299631,3.415105226,60,-32.93278544,3.417458228,0.471022864,3.69225824,60,9.449041494
824.24,-32.93364927,3.415105226,60,-32.93306484,3.417361223,0.471010666,3.692244616,60,9.451923472
824.435,-32.94148487,3.413570865,60,-32.94172214,3.414241231,0.470614197,3.691801822,60,9.544391757
824.635,-32.96368571,3.411652913,60,-32.96388835,3.411075175,0.470207373,3.691347463,60,9.642047037
824.734,-32.98066283,3.410885732,60,-32.98041224,3.409513848,0.470005877,3.691121315,60,9.691840901
824.739,-32.98262173,3.410885732,60,-32.98076256,3.409436824,0.469995697,3.691107703,60,9.694120307
824.935,-32.99241622,3.409159575,60,-32.99242381,3.406455267,0.469596595,3.690571419,60,9.781586127
825.135,-33.00286368,3.407625214,60,-33.00304223,3.403521749,0.469189216,3.690021632,60,9.86687774
825.234,-33.01331113,3.406858033,60,-33.01330331,3.402078376,0.4689875,3.689749398,60,9.910328596
825.237,-33.01331113,3.406858033,60,-33.0136104,3.402035364,0.468981386,3.689741146,60,9.911620855
825.435,-33.03420605,3.405131876,60,-33.03409313,3.399220514,0.468577762,3.689196418,60,9.99620532
825.635,-33.0485713,3.40378931,60,-33.04841905,3.396505723,0.468169844,3.688645896,60,10.07554733
825.734,-33.05118317,3.402830334,60,-33.05136913,3.395218787,0.467967873,3.688373317,60,10.11169889
825.739,-33.04987723,3.402638539,60,-33.05187737,3.395152844,0.46795767,3.688359548,60,10.1136664
825.935,-33.07403698,3.401104177,60,-33.07379901,3.392579156,0.467557657,3.687819693,60,10.19105719
826.135,-33.08448443,3.399761611,60,-33.0845304,3.390101776,0.467149272,3.68726854,60,10.26158024
826.234,-33.0910141,3.39899443,60,-33.09102358,3.388899086,0.466947069,3.686995648,60,10.29609127
826.239,-33.0910141,3.39899443,60,-33.09137255,3.388839194,0.466936855,3.686981863,60,10.29781326
826.434,-33.10537935,3.397651864,60,-33.10541319,3.3865213,0.46653845,3.68644418,60,10.36452403
826.635,-33.12300943,3.396117502,60,-33.12275976,3.384191647,0.46612759,3.685889685,60,10.43226861
826.734,-33.12431536,3.395542116,60,-33.1244384,3.383110109,0.465925168,3.685616498,60,10.46130766
826.738,-33.1256213,3.395350321,60,-33.12469034,3.383066083,0.465916988,3.685605459,60,10.46254978
826.935,-33.13606875,3.39419955,60,-33.13617547,3.380921796,0.465514104,3.685061729,60,10.52266203
827.135,-33.15304587,3.392665189,60,-33.15298245,3.378783444,0.465104911,3.68450889,60,10.58407806
827.234,-33.15957553,3.392089803,60,-33.15957744,3.377742269,0.46490229,3.684217913,60,10.61312459
827.239,-33.1602285,3.391898008,60,-33.15991108,3.377689508,0.464892054,3.684202202,60,10.6145837
827.435,-33.17263485,3.390747237,60,-33.17261967,3.375641364,0.464490783,3.683586248,60,10.67100572
827.635,-33.18438824,3.38940467,60,-33.18447862,3.373623126,0.464081172,3.682957492,60,10.72587638
827.734,-33.1928768,3.38863749,60,-33.19281579,3.372633521,0.463878353,3.682646163,60,10.75353508
827.739,-33.19352977,3.38863749,60,-33.19312105,3.372584941,0.463868107,3.682630436,60,10.75484844
827.935,-33.20463019,3.387294923,60,-33.20468109,3.370699118,0.463466441,3.682013876,60,10.80559294
828.135,-33.21899544,3.386335947,60,-33.21884319,3.368820307,0.463056419,3.68138449,60,10.85666346
828.234,-33.22160731,3.385568766,60,-33.22176146,3.367934533,0.462853406,3.681072864,60,10.87914661
828.238,-33.22421917,3.385568766,60,-33.22211655,3.367897953,0.462845202,3.681060271,60,10.88015905
828.435,-33.23727849,3.3842262,60,-33.23716578,3.366124515,0.462441107,3.680439982,60,10.92830447
828.635,-33.24380815,3.383267224,60,-33.24394184,3.364425524,0.46203073,3.679810051,60,10.97103382
828.734,-33.25099078,3.382500043,60,-33.25104714,3.363582636,0.461827551,3.67949817,60,10.99349353
828.739,-33.25294968,3.382500043,60,-33.25152396,3.363540002,0.461817287,3.679482415,60,10.99466952
828.935,-33.26862086,3.381157477,60,-33.26856082,3.361890899,0.461414878,3.678864714,60,11.03949116
829.135,-33.28102722,3.380198501,60,-33.28086359,3.36028417,0.461004078,3.678234134,60,11.08103361
829.234,-33.28233315,3.37943132,60,-33.28246041,3.359531525,0.46080069,3.677921933,60,11.09869111
829.239,-33.28168019,3.378855935,60,-33.28278389,3.359492707,0.460790417,3.677906163,60,11.09969029
829.435,-33.29669841,3.378280549,60,-33.29656201,3.357976556,0.460387657,3.677287923,60,11.13906343
829.635,-33.30388103,3.377321573,60,-33.30407008,3.356508166,0.459976542,3.67665517,60,11.17441859
829.734,-33.31302256,3.376554392,60,-33.31285467,3.355755615,0.459772991,3.676328052,60,11.19428958
829.738,-33.31367552,3.376554392,60,-33.31295223,3.355727086,0.459764765,3.676314833,60,11.19494364
829.934,-33.31694035,3.375787212,60,-33.31707244,3.354344463,0.459361693,3.675667074,60,11.22626005
830.135,-33.33130561,3.374444645,60,-33.33139762,3.352911924,0.458948226,3.675002611,60,11.2622809
830.234,-33.3411001,3.374061055,60,-33.34092977,3.352206951,0.458744505,3.674675221,60,11.28084521
830.239,-33.34044713,3.374061055,60,-33.34107975,3.352173689,0.458734214,3.674658683,60,11.28159296
830.434,-33.34762976,3.373102079,60,-33.34761928,3.350882908,0.458332849,3.674013669,60,11.31076963
830.635,-33.35415942,3.371951308,60,-33.35422736,3.349591775,0.457919051,3.673348673,60,11.33949692
830.734,-33.35938315,3.371375922,60,-33.35942446,3.348958573,0.457715204,3.67302108,60,11.35421736
830.739,-33.36003611,3.371375922,60,-33.35977188,3.348926543,0.457704907,3.673004532,60,11.35499162
830.935,-33.37309543,3.370225151,60,-33.37309097,3.347681769,0.457301214,3.672355777,60,11.38488366
831.135,-33.38615476,3.369266175,60,-33.38611277,3.346448098,0.45688912,3.67169352,60,11.41398462
831.234,-33.39137848,3.368690789,60,-33.39139144,3.345856012,0.456685078,3.671365613,60,11.42737559
831.237,-33.39268442,3.368690789,60,-33.39156545,3.345838224,0.456678894,3.671355675,60,11.42778106
831.435,-33.40182594,3.367540018,60,-33.40178064,3.344679759,0.456270709,3.6706997,60,11.4535933
831.635,-33.4083556,3.366581042,60,-33.4083788,3.343561629,0.455858301,3.670036938,60,11.47665755
831.734,-33.4122734,3.366197452,60,-33.41237025,3.343015245,0.455654126,3.669708819,60,11.48808965
831.739,-33.41357933,3.366197452,60,-33.4127641,3.342986914,0.455643813,3.669692245,60,11.48875773
831.935,-33.42729162,3.365238476,60,-33.42715567,3.341889576,0.45523947,3.669042445,60,11.51415054
832.135,-33.43316831,3.3642795,60,-33.43329084,3.340869594,0.454826751,3.668402257,60,11.53415292
832.234,-33.43969797,3.363704114,60,-33.43971601,3.340372333,0.454622417,3.668101094,60,11.54521864
832.239,-33.4410039,3.363895909,60,-33.4400823,3.34034731,0.454612095,3.66808588,60,11.54578903
832.435,-33.45341026,3.362745138,60,-33.45332945,3.339379674,0.454207429,3.667489455,60,11.56732224
832.635,-33.46124585,3.361977958,60,-33.46111459,3.338450744,0.453794376,3.666880668,60,11.58536179
832.734,-33.46124585,3.361210777,60,-33.4612166,3.338021813,0.453589892,3.666579283,60,11.59196041
832.737,-33.4488395,3.361402572,60,-33.46118109,3.33800923,0.453583695,3.66657015,60,11.59213311
832.935,-33.47234628,3.360443596,60,-33.47227667,3.337109423,0.453174695,3.665967335,60,11.61050934
833.135,-33.49193526,3.359292825,60,-33.49134194,3.336178295,0.452761337,3.665358098,60,11.63254709
833.234,-33.48409966,3.35910103,60,-33.48441316,3.33581824,0.452556689,3.665056473,60,11.63439788
833.239,-33.48475263,3.35910103,60,-33.48465181,3.335797041,0.452546354,3.66504124,60,11.63479635
833.435,-33.49389416,3.358142054,60,-33.49394572,3.334972244,0.452141175,3.664444057,60,11.65019968
833.635,-33.50630051,3.357183078,60,-33.50635785,3.334135199,0.451727593,3.66383449,60,11.66678728
833.734,-33.5141361,3.356799487,60,-33.51398526,3.333719884,0.451522809,3.663532664,60,11.67554829
833.739,-33.51544204,3.356799487,60,-33.51407575,3.333700816,0.451512465,3.663517418,60,11.67582428
833.935,-33.516095,3.355840511,60,-33.51629167,3.332966505,0.451106969,3.662919769,60,11.68573475
834.135,-33.52850136,3.354881535,60,-33.52842611,3.33218134,0.450693113,3.662309797,60,11.70049453
834.234,-33.53241915,3.354497945,60,-33.53243017,3.331810779,0.450488205,3.662007789,60,11.7064954
834.237,-33.53111322,3.354497945,60,-33.53256226,3.331799624,0.450481995,3.661998636,60,11.70667851
834.435,-33.54286661,3.353730764,60,-33.54272242,3.331060326,0.450072095,3.661394672,60,11.71937462
834.635,-33.54613144,3.352771788,60,-33.54645241,3.330392478,0.449657965,3.660797768,60,11.72756896
834.734,-33.55723186,3.352579993,60,-33.55713144,3.330021149,0.449452926,3.660503748,60,11.73611335
834.739,-33.55331407,3.352388198,60,-33.55748885,3.330003603,0.449442568,3.660488895,60,11.7364409
834.935,-33.57616788,3.351237427,60,-33.57581021,3.329295397,0.449036466,3.659906557,60,11.75146829
835.134,-33.57812678,3.350470246,60,-33.57805585,3.328683883,0.448624007,3.659315104,60,11.75739277
835.234,-33.57616788,3.350086655,60,-33.57633785,3.328399055,0.44841674,3.65901789,60,11.75861833
835.239,-33.57682085,3.34989486,60,-33.57658386,3.328383141,0.448406377,3.659003029,60,11.75885198
835.435,-33.58596237,3.34951127,60,-33.58601394,3.327764419,0.448000084,3.658420418,60,11.76776554
835.635,-33.59836873,3.348360499,60,-33.59820509,3.327132605,0.447585366,3.657825726,60,11.77777474
835.734,-33.59967466,3.348168704,60,-33.59979085,3.326850056,0.447380039,3.657531293,60,11.78015518
835.738,-33.60163356,3.348168704,60,-33.60003171,3.326837779,0.447371742,3.657519395,60,11.78034214
835.935,-33.61012211,3.347017932,60,-33.61005432,3.326247008,0.446963084,3.656933392,60,11.78844358
836.135,-33.61469288,3.346442547,60,-33.61479309,3.325691209,0.446548116,3.65633834,60,11.79328025
836.234,-33.61991661,3.346058956,60,-33.61989699,3.325405356,0.446342677,3.656043747,60,11.79700269
836.239,-33.62056957,3.346058956,60,-33.62012111,3.325391256,0.446332299,3.656028866,60,11.79716757
836.435,-33.62840516,3.345291776,60,-33.62842436,3.324844494,0.445925486,3.655445509,60,11.80326021
836.635,-33.63754669,3.3443328,60,-33.63757033,3.32429452,0.445510264,3.654850093,60,11.80944327
836.734,-33.64277042,3.343757414,60,-33.64267373,3.324023189,0.445304686,3.6545553,60,11.81267451
836.739,-33.64277042,3.343757414,60,-33.6427419,3.324010693,0.445294302,3.65454041,60,11.81273053
836.935,-33.64538228,3.343182029,60,-33.64550171,3.323554215,0.44488725,3.653981417,60,11.81433139
837.135,-33.65517677,3.342414848,60,-33.65512319,3.323142258,0.444471814,3.653476728,60,11.81786819
837.234,-33.6584416,3.342031257,60,-33.65852543,3.322949391,0.444266134,3.653226858,60,11.81876801
837.238,-33.6604005,3.342031257,60,-33.65879305,3.322940951,0.444257822,3.653216761,60,11.8188718
837.435,-33.67019499,3.341264077,60,-33.6701378,3.322537817,0.443848441,3.652719428,60,11.82291698
837.635,-33.67672465,3.340496896,60,-33.67665947,3.322165253,0.44343272,3.652214392,60,11.82402856
837.734,-33.67803059,3.33992151,60,-33.67813511,3.321993985,0.443226914,3.65196437,60,11.82352048
837.74,-33.67803059,3.33992151,60,-33.67846807,3.321982357,0.443214439,3.651949216,60,11.82361703
837.935,-33.68978397,3.339154329,60,-33.689648,3.321604441,0.442808985,3.651456652,60,11.82688313
838.134,-33.69370177,3.338578944,60,-33.69379594,3.321267404,0.442395117,3.650953869,60,11.826025
838.234,-33.69957847,3.338003558,60,-33.69948255,3.321080726,0.442187113,3.650701177,60,11.82744015
838.239,-33.69957847,3.338003558,60,-33.69958229,3.321072521,0.442176712,3.650688541,60,11.8274081
838.435,-33.70349626,3.337428173,60,-33.70358243,3.320752505,0.441768965,3.650193192,60,11.82612568
838.635,-33.71263779,3.336469197,60,-33.71268353,3.320405049,0.441352816,3.649687637,60,11.82728001
838.734,-33.71851448,3.336085606,60,-33.71838513,3.320228744,0.441146776,3.649437332,60,11.82841448
838.738,-33.71720855,3.336085606,60,-33.71841316,3.320222826,0.441138451,3.649427217,60,11.82834869
838.935,-33.72112635,3.335702016,60,-33.7211691,3.319925611,0.440728405,3.648929077,60,11.8257826
839.135,-33.72765601,3.33474304,60,-33.7277676,3.319609417,0.440312054,3.648423276,60,11.82499571
839.234,-33.73418567,3.334551245,60,-33.73410289,3.319438149,0.440105921,3.648173017,60,11.82618029
839.239,-33.73418567,3.334551245,60,-33.73426517,3.319430954,0.440095509,3.648160691,60,11.82614204
839.435,-33.74071533,3.333784064,60,-33.74076779,3.319161578,0.439687327,3.647685131,60,11.82441614
839.635,-33.75050982,3.332825088,60,-33.75047833,3.318884166,0.439270715,3.647206724,60,11.82395268
839.734,-33.75442761,3.332633293,60,-33.75442455,3.318752834,0.43906445,3.646969866,60,11.82321748
839.739,-33.75508058,3.332633293,60,-33.75461622,3.318746284,0.439054031,3.646957902,60,11.8231748
839.935,-33.76161024,3.331866112,60,-33.76159707,3.318493396,0.438645599,3.64648889,60,11.8211838
840.135,-33.76748694,3.331098931,60,-33.76763156,3.318244817,0.438228752,3.646010215,60,11.81844678
840.234,-33.77466956,3.330715341,60,-33.77453987,3.318100833,0.438022373,3.645773226,60,11.81916949
840.238,-33.7740166,3.330715341,60,-33.77462013,3.318096159,0.438014034,3.645763649,60,11.81909047
840.435,-33.77924032,3.32994816,60,-33.77919524,3.317863345,0.437603292,3.645291985,60,11.81550114
840.635,-33.78185219,3.329372775,60,-33.782162,3.317639885,0.437186247,3.644813083,60,11.81083236
840.734,-33.79229965,3.328989184,60,-33.79211389,3.317482652,0.436979771,3.644575982,60,11.81305917
840.739,-33.79229965,3.328989184,60,-33.79226565,3.3174767,0.43696934,3.644564004,60,11.81298192
840.935,-33.79817634,3.328222003,60,-33.79816339,3.317244443,0.43656046,3.644094478,60,11.80989096
841.135,-33.80340007,3.327646618,60,-33.80348934,3.317014255,0.436143166,3.64361529,60,11.80626221
841.234,-33.8086238,3.327263027,60,-33.80852621,3.316887829,0.435936574,3.643378056,60,11.80572362
841.239,-33.80797083,3.327263027,60,-33.80859256,3.316882529,0.435926139,3.643366073,60,11.80559412
841.435,-33.81188863,3.326495847,60,-33.81202949,3.316670939,0.435517079,3.642896339,60,11.80093448
841.635,-33.82429498,3.325920461,60,-33.82413135,3.316409491,0.435099572,3.642417161,60,11.80072144
841.734,-33.82560092,3.325536871,60,-33.82566447,3.316315625,0.434892864,3.642187245,60,11.79798478
841.737,-33.82821278,3.325345075,60,-33.82578121,3.316312696,0.4348866,3.642180502,60,11.79793328
841.935,-33.83082464,3.32476969,60,-33.8309664,3.316133156,0.434473135,3.641735449,60,11.79318662
842.135,-33.84192507,3.324194304,60,-33.8415641,3.315920421,0.434055402,3.641285803,60,11.79131672
842.235,-33.83670134,3.323810714,60,-33.83692815,3.315869353,0.433846518,3.641060961,60,11.78504795
842.24,-33.83604837,3.323810714,60,-33.83699371,3.315865141,0.433836075,3.641049719,60,11.78489422
842.435,-33.84061913,3.323427124,60,-33.84085781,3.315693386,0.433428758,3.640611285,60,11.77960735
842.635,-33.85955515,3.322659943,60,-33.85919419,3.315434902,0.433010856,3.640161456,60,11.78196676
842.735,-33.85824922,3.322276352,60,-33.85843912,3.315360423,0.432801851,3.639936483,60,11.77783659
842.74,-33.85694329,3.322276352,60,-33.8586474,3.315355317,0.4327914,3.639925234,60,11.7777624
842.935,-33.86869668,3.321509172,60,-33.86869163,3.315145048,0.432383788,3.639486479,60,11.77591432
843.135,-33.88045006,3.320933786,60,-33.88003441,3.31492184,0.431965584,3.639036328,60,11.77462723
843.235,-33.8739204,3.320741991,60,-33.87436741,3.314873406,0.431756466,3.638811233,60,11.76790273
843.238,-33.87522634,3.320741991,60,-33.8745579,3.314869941,0.431750192,3.63880448,60,11.76789441
843.435,-33.88632676,3.320166605,60,-33.8862583,3.314646417,0.431338188,3.638361,60,11.7669288
843.635,-33.89350939,3.319207629,60,-33.8932578,3.314445434,0.430919795,3.637910642,60,11.7633676
843.735,-33.88959159,3.319207629,60,-33.88981859,3.314383623,0.430710588,3.637685452,60,11.75786785
843.74,-33.88959159,3.319015834,60,-33.88994971,3.314378846,0.430700128,3.637674193,60,11.75775509
843.935,-33.89546828,3.318632244,60,-33.8955642,3.314189565,0.430292161,3.637235059,60,11.75363395
844.135,-33.90722167,3.317673268,60,-33.90717792,3.31395943,0.429873626,3.636781039,60,11.75256213
844.235,-33.91179244,3.317289677,60,-33.91161664,3.313848231,0.429664309,3.636549919,60,11.75131561
844.24,-33.91113947,3.317289677,60,-33.91159192,3.313843983,0.429653842,3.636538362,60,11.75112327
844.435,-33.91113947,3.316714292,60,-33.91135824,3.31367307,0.42924565,3.636087652,60,11.74405317
844.635,-33.92419879,3.316138906,60,-33.92380501,3.313421742,0.428826914,3.635625298,60,11.74377014
844.735,-33.91897506,3.315947111,60,-33.91943555,3.313353216,0.428617522,3.635394094,60,11.73802191
844.738,-33.92223989,3.315947111,60,-33.91967686,3.313349053,0.42861124,3.635387158,60,11.73804972
844.935,-33.93268735,3.31517993,60,-33.93260812,3.313090305,0.428198673,3.634931617,60,11.73837604
845.135,-33.93856404,3.31479634,60,-33.9384656,3.312862907,0.427779716,3.634469019,60,11.73498515
845.235,-33.93856404,3.314412749,60,-33.93868106,3.312762708,0.427570218,3.6342377,60,11.73189401
845.24,-33.93856404,3.314412749,60,-33.93884963,3.312756771,0.427559743,3.634226133,60,11.73182534
845.435,-33.94574667,3.313837364,60,-33.94582015,3.312521785,0.427151179,3.633775012,60,11.72940232
845.635,-33.95750006,3.313070183,60,-33.95723754,3.312252224,0.426732024,3.633312196,60,11.72935492
845.735,-33.95554116,3.312878388,60,-33.95573583,3.312155962,0.426522416,3.633080755,60,11.72553229
845.74,-33.95619413,3.312686593,60,-33.95591833,3.312149676,0.426511935,3.633069182,60,11.72547978
845.935,-33.96272379,3.312111207,60,-33.96272098,3.311905171,0.426103165,3.632617833,60,11.72331055
846.135,-33.96925345,3.311535821,60,-33.96936283,3.311652312,0.425683832,3.63215482,60,11.72103468
846.235,-33.97578311,3.311152231,60,-33.9757207,3.311507453,0.425474125,3.631923269,60,11.7215685
846.238,-33.97904794,3.311152231,60,-33.97586264,3.311503346,0.425467833,3.631916322,60,11.72155963
846.435,-33.9816598,3.310768641,60,-33.98158257,3.311252654,0.425054625,3.631460003,60,11.71908418
846.635,-33.97970091,3.310193255,60,-33.97995249,3.311030732,0.42463511,3.630991929,60,11.71286209
846.735,-33.98623057,3.309809665,60,-33.98620467,3.310877922,0.424425338,3.630757472,60,11.71360591
846.74,-33.98688353,3.309809665,60,-33.98649384,3.310870323,0.424414847,3.630745747,60,11.71363358
846.935,-33.99733099,3.309234279,60,-33.99706398,3.310576005,0.424005686,3.630288436,60,11.71439635
847.135,-33.99210726,3.308658894,60,-33.9926323,3.310353296,0.423585997,3.62981936,60,11.70722309
847.235,-34.00516658,3.308467098,60,-34.0047716,3.310160161,0.423376129,3.629584795,60,11.71135889
847.24,-34.00516658,3.308275303,60,-34.00485556,3.310153319,0.423365633,3.629573065,60,11.71129011
847.435,-34.00777845,3.307699918,60,-34.00774451,3.309887247,0.422956297,3.629115559,60,11.7084392
847.635,-34.00843141,3.307316327,60,-34.00863924,3.309621003,0.422536443,3.628646298,60,11.70457417
847.735,-34.01496107,3.306932737,60,-34.01491675,3.309453644,0.422326494,3.628411643,60,11.70581141
847.738,-34.01626701,3.306932737,60,-34.01507433,3.309448749,0.422320195,3.628404602,60,11.70583364
847.935,-34.0241026,3.306357351,60,-34.0239584,3.309133965,0.421906497,3.627942222,60,11.70656191
848.135,-34.02344963,3.30559017,60,-34.02367934,3.308861239,0.42148645,3.627472745,60,11.70250504
848.235,-34.02997929,3.305398375,60,-34.02989882,3.308687987,0.421276408,3.627237986,60,11.70391802
848.24,-34.02997929,3.305398375,60,-34.03010937,3.308679815,0.421265905,3.627226247,60,11.7039375
848.435,-34.03846785,3.30482299,60,-34.03881423,3.308357026,0.420856232,3.626768366,60,11.70500065
848.635,-34.06785132,3.304055809,60,-34.06650591,3.307915727,0.420435826,3.626298487,60,11.7162927
848.735,-34.04238565,3.304055809,60,-34.04342107,3.307897907,0.42022561,3.626063534,60,11.70232724
848.74,-34.04303861,3.304055809,60,-34.04363939,3.307889425,0.420215102,3.62605179,60,11.70236
848.935,-34.0528331,3.303480423,60,-34.05269764,3.307563365,0.419805265,3.625605344,60,11.70388991
849.135,-34.054792,3.302713243,60,-34.0549342,3.307273911,0.419384848,3.625160555,60,11.70178333
849.235,-34.06001573,3.302329652,60,-34.06003829,3.307105639,0.419174617,3.624938133,60,11.70289914
849.238,-34.05609794,3.302329652,60,-34.0602145,3.307100428,0.419168309,3.624931459,60,11.70294606
849.435,-34.07633988,3.301946062,60,-34.07610501,3.306732887,0.418754035,3.624493165,60,11.70837314
849.635,-34.08286954,3.301370676,60,-34.08210386,3.30641085,0.418333303,3.624048039,60,11.70865481
849.735,-34.06328056,3.300987086,60,-34.0642361,3.306364455,0.418122974,3.623825514,60,11.69772443
849.74,-34.06393353,3.300987086,60,-34.06463319,3.306355,0.41811246,3.62381439,60,11.69786444
849.935,-34.08091065,3.300219905,60,-34.08097992,3.305980049,0.417702328,3.623380477,60,11.70382293
850.135,-34.10245853,3.299836315,60,-34.1015944,3.305568673,0.417281445,3.62293519,60,11.71216455
850.235,-34.08744031,3.299644519,60,-34.0880073,3.305493605,0.417070983,3.622712525,60,11.70367592
850.24,-34.08744031,3.299644519,60,-34.08807318,3.305485737,0.417060462,3.622701394,60,11.70364762
850.435,-34.0913581,3.298877339,60,-34.09153143,3.305173207,0.416650124,3.622267264,60,11.70304645
850.635,-34.10572336,3.298493748,60,-34.10574523,3.304790169,0.416229154,3.621821885,60,11.70821857
850.735,-34.11355895,3.298301953,60,-34.11321929,3.304594965,0.416018602,3.621599124,60,11.71105385
850.738,-34.10637632,3.298301953,60,-34.11316077,3.304590645,0.416012285,3.621592441,60,11.71098949
850.935,-34.11682378,3.297726568,60,-34.11662422,3.304266063,0.415597451,3.621153554,60,11.71066028
851.135,-34.11551785,3.297151182,60,-34.11608664,3.303956383,0.415176263,3.620707898,60,11.70826168
851.235,-34.131842,3.296767592,60,-34.130775,3.30371545,0.414965624,3.620483438,60,11.71514126
851.24,-34.13118903,3.296767592,60,-34.1300541,3.303710725,0.414955092,3.620471788,60,11.71473835
851.436,-34.10049963,3.296384001,60,-34.10179899,3.303526193,0.41454233,3.620015235,60,11.6989294
851.635,-34.1298831,3.29561682,60,-34.12914776,3.303028595,0.41412326,3.619551715,60,11.71268908
851.735,-34.12270047,3.295425025,60,-34.12365384,3.302882798,0.413912603,3.619318704,60,11.70944214
851.74,-34.12270047,3.295425025,60,-34.12466812,3.30286837,0.413902068,3.619307051,60,11.70996538
851.935,-34.1664492,3.295041435,60,-34.1654569,3.302296692,0.413491068,3.618852457,60,11.73112456
852.135,-34.15208395,3.294274254,60,-34.1524996,3.302007851,0.413069351,3.618385993,60,11.72383455
852.235,-34.15730767,3.294082459,60,-34.15722539,3.301801621,0.412858518,3.6181528,60,11.72615686
852.238,-34.14881912,3.294082459,60,-34.15731098,3.301795724,0.412852193,3.618145804,60,11.72619745
852.435,-34.17232589,3.293315278,60,-34.17201362,3.301357534,0.412436759,3.617686298,60,11.73370667
852.635,-34.17754962,3.293123483,60,-34.17617139,3.300968658,0.412014851,3.61721963,60,11.73571717
852.735,-34.13902463,3.292739892,60,-34.1409365,3.300980029,0.411803996,3.616986407,60,11.71688817
852.74,-34.14098352,3.292739892,60,-34.14176446,3.300966394,0.411793456,3.616974749,60,11.7173213
852.935,-34.17493776,3.291972712,60,-34.1743325,3.300431343,0.411382298,3.616519972,60,11.73439808
853.135,-34.17363183,3.291589121,60,-34.17345681,3.300067088,0.410960395,3.616053312,60,11.73383965
853.235,-34.16775513,3.291205531,60,-34.16848252,3.299909696,0.410749463,3.615820004,60,11.73115703
853.24,-34.16710217,3.291205531,60,-34.16923654,3.299896291,0.410738915,3.615808337,60,11.73155634
853.435,-34.2010564,3.290630145,60,-34.20053865,3.299361462,0.410327438,3.615353207,60,11.74819476
853.635,-34.2049742,3.290246555,60,-34.20377098,3.298967157,0.409905184,3.614889579,60,11.75001395
853.735,-34.17101996,3.289862965,60,-34.17253361,3.298950317,0.409694146,3.614663766,60,11.73340356
853.737,-34.17624369,3.289862965,60,-34.17272674,3.298945506,0.409689926,3.614659251,60,11.73350521
853.935,-34.18799708,3.289287579,60,-34.18826855,3.298487859,0.409272155,3.614212224,60,11.74170311
854.135,-34.21607462,3.288520398,60,-34.21562615,3.297957367,0.408849908,3.613760411,60,11.7563184
854.235,-34.21672759,3.288712193,60,-34.21688239,3.297758796,0.408638697,3.613534411,60,11.75707594
854.24,-34.21476869,3.288712193,60,-34.21713804,3.297747789,0.408628135,3.61352311,60,11.75721661
854.435,-34.22978691,3.287945013,60,-34.22941949,3.297305112,0.408216195,3.613082325,60,11.7639652
854.635,-34.22325725,3.287369627,60,-34.22338851,3.296951918,0.407793646,3.612630189,60,11.761032
854.735,-34.22391021,3.287177832,60,-34.22366495,3.296757257,0.40758239,3.612404141,60,11.76131833
854.74,-34.22391021,3.286986037,60,-34.22334426,3.29674936,0.407571828,3.612392839,60,11.76115496
854.935,-34.21019793,3.286602446,60,-34.21094762,3.296441146,0.407159955,3.611952126,60,11.75482506
855.135,-34.24088733,3.286027061,60,-34.23954192,3.295896702,0.406737419,3.611500004,60,11.77034846
855.235,-34.21607462,3.285835265,60,-34.21734069,3.295823984,0.406526132,3.611273923,60,11.75873283
855.238,-34.20628013,3.285835265,60,-34.21769063,3.295816246,0.406519795,3.611267142,60,11.75892296
855.435,-34.25329369,3.285068085,60,-34.2525707,3.295241297,0.406103513,3.610821711,60,11.7778418
855.635,-34.25786445,3.284876289,60,-34.25717533,3.294822249,0.405680609,3.610369195,60,11.78079498
855.735,-34.2395814,3.284492699,60,-34.2405251,3.294716874,0.405469196,3.610142979,60,11.77221018
855.74,-34.24023436,3.284492699,60,-34.24097043,3.29470462,0.405458627,3.61013167,60,11.77245777
855.935,-34.25917038,3.284109109,60,-34.25928257,3.294220478,0.40504636,3.609690672,60,11.78270652
856.135,-34.28528902,3.283341928,60,-34.2826857,3.293684027,0.404623254,3.609247131,60,11.79641129
856.235,-34.22064538,3.282958338,60,-34.22434716,3.29379977,0.404411813,3.609026119,60,11.76604194
856.24,-34.22260428,3.282958338,60,-34.2264477,3.293778126,0.404401244,3.609015071,60,11.76718884
856.435,-34.3127136,3.282191157,60,-34.3013129,3.29296893,0.403988771,3.608583928,60,11.8083039
856.635,-34.27745343,3.281999362,60,-34.27307568,3.292709726,0.403565424,3.608141418,60,11.79477273
856.735,-34.23892843,3.281615771,60,-34.25178998,3.292621581,0.403353929,3.607920351,60,11.78412983
856.738,-34.24545809,3.281615771,60,-34.25175872,3.292615636,0.403347586,3.607913721,60,11.78413284
856.935,-34.26439411,3.28084859,60,-34.27006931,3.292112685,0.402930994,3.607478272,60,11.79517294
857.135,-34.33164961,3.280465,60,-34.31708626,3.291440193,0.402507587,3.6070357,60,11.8217244
857.235,-34.304878,3.280273205,60,-34.30862938,3.29127747,0.402295778,3.606814304,60,11.81803502
857.24,-34.29704241,3.280273205,60,-34.30765108,3.291272388,0.402285189,3.606803235,60,11.8175541
857.435,-34.31140767,3.279506024,60,-34.30919993,3.2908574,0.401872243,3.606371597,60,11.81992617
857.635,-34.3068369,3.279122434,60,-34.31123838,3.290428727,0.401448667,3.605928848,60,11.82261883
857.735,-34.32577292,3.278930638,60,-34.31356171,3.290207029,0.401236862,3.605707456,60,11.82466915
857.74,-34.31336656,3.278930638,60,-34.31363389,3.290196181,0.401226271,3.605696386,60,11.82474845
857.935,-34.31859029,3.278355253,60,-34.31949562,3.289755988,0.400813205,3.605264623,60,11.82947086
858.135,-34.33556741,3.277779867,60,-34.33266586,3.289263756,0.400389421,3.604821657,60,11.83818125
858.235,-34.31728436,3.277588072,60,-34.30866596,3.289185392,0.400177562,3.604600208,60,11.82623639
858.238,-34.30618394,3.277588072,60,-34.30782217,3.289183722,0.400171207,3.604593565,60,11.82581201
858.435,-34.30553097,3.277204482,60,-34.30575535,3.288791745,0.399754025,3.604173445,60,11.82597349
858.635,-34.33034368,3.276629096,60,-34.32952543,3.288255647,0.399330348,3.603758066,60,11.83975899
858.735,-34.32642588,3.276245506,60,-34.32635379,3.288069175,0.399118447,3.60355032,60,11.83865836
858.74,-34.32054919,3.276245506,60,-34.32611719,3.288060292,0.399107853,3.603539933,60,11.838561
858.935,-34.32446699,3.27567012,60,-34.32467764,3.287671367,0.398694694,3.603134861,60,11.83891769
859.135,-34.33164961,3.27528653,60,-34.3329669,3.287218379,0.398270886,3.602719351,60,11.84451248
859.235,-34.34275004,3.274902939,60,-34.34151161,3.286967145,0.398058927,3.602511542,60,11.84967566
859.24,-34.3453619,3.274902939,60,-34.34183386,3.286955136,0.398048328,3.60250115,60,11.84987882
859.435,-34.3473208,3.274135759,60,-34.3497491,3.286511823,0.397634903,3.602095821,60,11.85532778
859.635,-34.37148054,3.273752168,60,-34.36371796,3.286023411,0.397210728,3.601679952,60,11.86409322
859.735,-34.35058563,3.273560373,60,-34.35505121,3.285864801,0.396998633,3.60147201,60,11.86013118
859.738,-34.33883224,3.273560373,60,-34.35472644,3.285860409,0.396992271,3.601465773,60,11.85997734
859.935,-34.38127503,3.273176783,60,-34.37430073,3.28534722,0.396574409,3.601056093,60,11.87172332
860.135,-34.36625681,3.272409602,60,-34.36723333,3.284972234,0.396150059,3.600640052,60,11.86931969
860.235,-34.36299198,3.272409602,60,-34.36908415,3.284755733,0.395937911,3.600432058,60,11.87097622
860.24,-34.36690978,3.272409602,60,-34.36941144,3.284743625,0.395927303,3.600421658,60,11.87118428
860.435,-34.39629325,3.271642421,60,-34.39334694,3.284208399,0.395513453,3.60001591,60,11.88532534
860.635,-34.39629325,3.271067036,60,-34.39795892,3.283766561,0.395088811,3.599599583,60,11.8892448
860.735,-34.40674071,3.27087524,60,-34.40444229,3.28351841,0.394876458,3.599387789,60,11.89355733
860.74,-34.40608774,3.27087524,60,-34.40482073,3.28350565,0.39486584,3.599377154,60,11.8938035
860.935,-34.39955808,3.27049165,60,-34.40068436,3.283108829,0.394451733,3.598959965,60,11.89337819
861.135,-34.41914707,3.269916264,60,-34.41812023,3.282582519,0.394026927,3.598531847,60,11.90454849
861.235,-34.38519283,3.269724469,60,-34.38560536,3.282545656,0.393814569,3.59831783,60,11.88808285
861.237,-34.3799691,3.269724469,60,-34.38564852,3.282541152,0.393810323,3.598313552,60,11.88812332
861.435,-34.39629325,3.269149084,60,-34.39505665,3.282066846,0.39339001,3.597889959,60,11.89485192
861.635,-34.3799691,3.268573698,60,-34.3881822,3.281677619,0.392965445,3.597462081,60,11.89290525
861.735,-34.43547122,3.268190108,60,-34.42757852,3.281247341,0.392753047,3.597248026,60,11.91484904
861.74,-34.43481825,3.268190108,60,-34.42826453,3.281232763,0.39274242,3.597237316,60,11.91526417
861.935,-34.44395978,3.267614722,60,-34.4412101,3.280739099,0.3923279,3.596819561,60,11.92406983
862.135,-34.42437079,3.267039336,60,-34.42848693,3.280376011,0.391902783,3.596391127,60,11.91917381
862.235,-34.43351232,3.266847541,60,-34.43110277,3.280145921,0.391690254,3.596176939,60,11.92150577
862.24,-34.43612418,3.266847541,60,-34.43123101,3.280134428,0.391679627,3.596166229,60,11.92162117
862.435,-34.42371783,3.266463951,60,-34.42484843,3.279749069,0.391265204,3.595748572,60,11.9200124
862.635,-34.420453,3.266272156,60,-34.42398517,3.279324114,0.390840226,3.595320278,60,11.92135482
862.735,-34.43351232,3.26569677,60,-34.42472083,3.279105314,0.390627729,3.595106124,60,11.92264789
862.738,-34.4184941,3.26569677,60,-34.42462765,3.279099381,0.390621354,3.595099699,60,11.92262507
862.935,-34.44330681,3.265121385,60,-34.43926223,3.278595455,0.390202652,3.594677729,60,11.93224817
863.135,-34.43220639,3.264737794,60,-34.43718779,3.278181875,0.389777491,3.594255925,60,11.93254487
863.235,-34.45179537,3.264354204,60,-34.44616442,3.277922946,0.389564889,3.59404804,60,11.93785695
863.24,-34.44657164,3.264354204,60,-34.44675356,3.277909227,0.389554258,3.594037645,60,11.93819784
863.435,-34.47138435,3.263587023,60,-34.46736803,3.277385247,0.389139486,3.593632077,60,11.95028866
863.635,-34.44004198,3.263587023,60,-34.44252585,3.27710048,0.388714109,3.593216139,60,11.93804167
863.735,-34.45179537,3.263203433,60,-34.44702205,3.276866631,0.388501488,3.593008236,60,11.94093581
863.74,-34.44722461,3.263203433,60,-34.44734419,3.276854408,0.388490857,3.592997841,60,11.94113254
863.935,-34.47464918,3.262436252,60,-34.47459742,3.276295203,0.38807605,3.592592238,60,11.95674162
864.135,-34.48313774,3.262052661,60,-34.4832983,3.275824821,0.387650383,3.592176017,60,11.96251026
864.235,-34.4896674,3.261669071,60,-34.4884001,3.275585242,0.387437507,3.591967864,60,11.96580959
864.238,-34.47530215,3.261669071,60,-34.48825589,3.275579684,0.38743112,3.591961619,60,11.9657493
864.435,-34.49685003,3.26090189,60,-34.49440744,3.275129161,0.387011721,3.591551526,60,11.97014733
864.635,-34.4857496,3.260710095,60,-34.48666539,3.274748699,0.386585907,3.591135161,60,11.96711247
864.735,-34.48509664,3.2605183,60,-34.48764475,3.274532489,0.386373024,3.590927001,60,11.9681743
864.74,-34.4877085,3.2605183,60,-34.48805255,3.274519713,0.386362379,3.590916593,60,11.96841966
864.935,-34.50468562,3.259942914,60,-34.50574178,3.274010812,0.385947143,3.590510571,60,11.97897755
865.135,-34.53145723,3.259175733,60,-34.52328371,3.273489764,0.385521014,3.590093898,60,11.98955812
865.235,-34.51056231,3.258983938,60,-34.51627418,3.273315623,0.385307929,3.589885541,60,11.9863875
865.24,-34.51121528,3.258983938,60,-34.51584132,3.273307386,0.385297276,3.589875124,60,11.98618421
865.435,-34.51448011,3.258408553,60,-34.51493624,3.27289137,0.384881829,3.589461137,60,11.98688182
865.635,-34.52166274,3.258024962,60,-34.52437517,3.272387287,0.38445567,3.589016451,60,11.99337351
865.735,-34.53733392,3.257833167,60,-34.5295652,3.272132377,0.384242541,3.588794055,60,11.99688098
865.738,-34.53341613,3.258024962,60,-34.52967356,3.272124986,0.384236147,3.588787383,60,11.99696089
865.935,-34.51513308,3.257449577,60,-34.51829717,3.27174216,0.383816316,3.588349299,60,11.99224721
866.135,-34.53080426,3.257065986,60,-34.52634388,3.271247388,0.383390111,3.587904565,60,11.99793242
866.235,-34.50795045,3.256490601,60,-34.5160019,3.271079037,0.383177016,3.587682206,60,11.99305542
866.24,-34.51317418,3.256490601,60,-34.51534914,3.271071367,0.383166362,3.587671088,60,11.99273861
866.435,-34.53341613,3.255915215,60,-34.53333378,3.27053453,0.382750798,3.587237458,60,12.00368733
866.635,-34.55169918,3.25533983,60,-34.55169596,3.26998228,0.382324348,3.586792469,60,12.01494009
866.735,-34.5569229,3.255148034,60,-34.55684361,3.269727635,0.38211105,3.586569897,60,12.01842176
866.74,-34.5569229,3.255148034,60,-34.55699046,3.269715504,0.382100384,3.586558767,60,12.01853654
866.935,-34.5627996,3.254380854,60,-34.56177881,3.269247558,0.381684388,3.586124686,60,12.02250812
867.135,-34.54712841,3.254189058,60,-34.55410091,3.268837955,0.381257767,3.585679518,60,12.01977408
867.235,-34.58761231,3.253997263,60,-34.57977813,3.26847106,0.381044388,3.585456862,60,12.03427953
867.238,-34.58173562,3.253997263,60,-34.57988483,3.268463659,0.381037984,3.58545018,60,12.0343594
867.435,-34.58369451,3.253230082,60,-34.58264667,3.268001061,0.38061745,3.585011363,60,12.03728625
867.635,-34.57520595,3.252654697,60,-34.57703514,3.267578811,0.380190541,3.584565894,60,12.03569972
867.735,-34.57912375,3.252462902,60,-34.57851858,3.267341741,0.379977098,3.584340311,60,12.03722314
867.74,-34.58304155,3.252462902,60,-34.57863681,3.267329417,0.379966426,3.584328807,60,12.03732526
867.935,-34.57128816,3.252079311,60,-34.57493842,3.266890586,0.379550221,3.583875859,60,12.03685813
868.135,-34.58957121,3.251312131,60,-34.58894802,3.266341793,0.379123294,3.583409607,60,12.04594984
868.235,-34.59610087,3.251120335,60,-34.59814732,3.266054825,0.378909753,3.583176395,60,12.05169197
868.24,-34.5974068,3.251120335,60,-34.59865423,3.266040211,0.378899075,3.583164734,60,12.05200451
868.435,-34.62417841,3.25054495,60,-34.61895764,3.265466048,0.378482476,3.582709759,60,12.06453182
868.635,-34.6032835,3.249969564,60,-34.60843321,3.265049338,0.378055145,3.582243065,60,12.06049239
868.735,-34.62026061,3.249585974,60,-34.6137402,3.264783778,0.377841497,3.582009737,60,12.0641368
868.738,-34.61699578,3.249585974,60,-34.6139868,3.264775334,0.377835088,3.582002737,60,12.0642931
868.935,-34.60197756,3.249202383,60,-34.60400659,3.26436515,0.377414222,3.581543103,60,12.0604432
869.135,-34.61895468,3.248818793,60,-34.61867401,3.263813763,0.376986928,3.58107645,60,12.06984754
869.235,-34.62352544,3.248626998,60,-34.62545945,3.263540588,0.376773212,3.580843048,60,12.07427092
869.24,-34.62613731,3.248435203,60,-34.62578825,3.263526983,0.376762526,3.580831377,60,12.07448654
869.435,-34.63723773,3.248051612,60,-34.63688103,3.26300536,0.376345665,3.580376117,60,12.08198096
869.635,-34.62287248,3.247476227,60,-34.62800191,3.262582428,0.37591812,3.57990919,60,12.0787211
869.735,-34.67315086,3.247092636,60,-34.6639316,3.26214909,0.375704252,3.579675621,60,12.09885248
869.74,-34.67119197,3.247092636,60,-34.66303191,3.262142155,0.375693555,3.579663939,60,12.09840959
869.935,-34.61568985,3.246709046,60,-34.62236427,3.261904862,0.375276556,3.579208528,60,12.07799749
870.135,-34.64115553,3.246325455,60,-34.64238038,3.261315534,0.37484902,3.578730683,60,12.09037748
870.235,-34.66009154,3.245941865,60,-34.6548577,3.260996469,0.374635138,3.578481621,60,12.09808469
870.237,-34.65878561,3.245941865,60,-34.65490147,3.260991213,0.37463086,3.578476639,60,12.09812805
870.435,-34.65095002,3.24536648,60,-34.65269389,3.260507769,0.374207307,3.577983418,60,12.09885145
870.635,-34.65813264,3.244791094,60,-34.66291888,3.259953277,0.373779454,3.577485189,60,12.10622578
870.735,-34.68163942,3.244407504,60,-34.67444041,3.259640797,0.373565449,3.577235984,60,12.11337263
870.74,-34.68359832,3.244407504,60,-34.67488114,3.259625906,0.373554747,3.577223522,60,12.11365744
870.935,-34.66074451,3.244023913,60,-34.66548742,3.259192371,0.373137409,3.576737537,60,12.11036544
871.135,-34.67772163,3.243640323,60,-34.68113613,3.258611424,0.37270937,3.576239092,60,12.12054805
871.235,-34.70188137,3.243064937,60,-34.69536344,3.258285355,0.372495245,3.575989747,60,12.12911099
871.24,-34.70253434,3.242873142,60,-34.69608317,3.258268997,0.372484538,3.575977278,60,12.12954397
871.435,-34.67968052,3.242489552,60,-34.68266941,3.257859879,0.372066969,3.575491026,60,12.12398871
871.635,-34.69078095,3.242105961,60,-34.69056853,3.257324402,0.371638749,3.57499237,60,12.12988451
871.735,-34.69469874,3.241914166,60,-34.69586389,3.257049474,0.371424594,3.574742989,60,12.13355056
871.737,-34.69600468,3.241914166,60,-34.69596983,3.257043975,0.371420311,3.574738002,60,12.13362388
871.935,-34.70579917,3.24133878,60,-34.70569149,3.256504106,0.37099619,3.574244119,60,12.14045919
872.135,-34.7110229,3.240763395,60,-34.71099429,3.255984318,0.370567691,3.573745139,60,12.14489501
872.235,-34.71232883,3.2405716,60,-34.71241276,3.255731654,0.370353421,3.573495625,60,12.14643071
872.24,-34.71232883,3.2405716,60,-34.7125505,3.255718669,0.370342707,3.573483148,60,12.14654301
872.435,-34.71820552,3.239996214,60,-34.71746785,3.255209674,0.36992484,3.572991037,60,12.15078656
872.635,-34.7110229,3.239420828,60,-34.71624848,3.254699469,0.369496251,3.572460523,60,12.15221864
872.735,-34.74040637,3.239229033,60,-34.73640579,3.254331349,0.36928189,3.572195185,60,12.16412966
872.74,-34.7397534,3.239229033,60,-34.73702522,3.254315059,0.369271168,3.572181913,60,12.16451595
872.935,-34.75607755,3.238845443,60,-34.75432743,3.253717808,0.368852919,3.571664199,60,12.17584125
873.135,-34.75607755,3.238270057,60,-34.7518775,3.253218814,0.368423849,3.571133092,60,12.17643742
873.235,-34.7377945,3.237886467,60,-34.74413454,3.253007082,0.368209356,3.570867589,60,12.17313972
873.238,-34.7397534,3.237886467,60,-34.74404672,3.252999964,0.368202922,3.570859625,60,12.1731179
873.435,-34.75020086,3.237311081,60,-34.74868595,3.252477114,0.367780397,3.570336619,60,12.17726884
873.635,-34.74824196,3.236927491,60,-34.74908829,3.251973118,0.367351397,3.569805596,60,12.17903925
873.735,-34.75085383,3.236735696,60,-34.75098544,3.251713127,0.36713689,3.569540078,60,12.18079666
873.74,-34.75020086,3.236543901,60,-34.75112718,3.251699886,0.367126165,3.569526802,60,12.18090936
873.935,-34.76130128,3.236352105,60,-34.75937145,3.251169818,0.366707812,3.569008959,60,12.18673037
874.135,-34.75411866,3.235584925,60,-34.7580898,3.250682513,0.366278698,3.568477796,60,12.1873258
874.235,-34.77305467,3.235009539,60,-34.77134106,3.250363513,0.366064102,3.568212167,60,12.19511448
874.24,-34.77305467,3.235009539,60,-34.77217628,3.250346618,0.366053372,3.568198885,60,12.19559732
874.435,-34.79394959,3.234817744,60,-34.79160076,3.249759456,0.365634692,3.567680637,60,12.20731772
874.635,-34.77240171,3.234434153,60,-34.77346276,3.249369,0.365205272,3.567149096,60,12.1986196
874.735,-34.7821962,3.233858768,60,-34.79388485,3.24901284,0.36499056,3.566882812,60,12.21021501
874.738,-34.80113221,3.233666973,60,-34.79436532,3.249002797,0.364984118,3.566874739,60,12.21049375
874.935,-34.79721442,3.233475177,60,-34.79724788,3.248492009,0.364560963,3.566334699,60,12.21351674
875.135,-34.79460255,3.233091587,60,-34.79390285,3.248012976,0.364131386,3.565786463,60,12.21301001
875.235,-34.78676696,3.232707997,60,-34.78820174,3.247797685,0.363916627,3.565512382,60,12.21050071
875.24,-34.78741992,3.232707997,60,-34.78826318,3.247785077,0.36390589,3.565498679,60,12.21056105
875.435,-34.79199069,3.232324406,60,-34.79357815,3.247278663,0.363487117,3.564964233,60,12.21444903
875.635,-34.8148445,3.231557226,60,-34.80978101,3.246702815,0.363057455,3.564415887,60,12.22417176
875.735,-34.80178518,3.23136543,60,-34.80767944,3.246471982,0.362842587,3.564141668,60,12.22346201
875.74,-34.80178518,3.23136543,60,-34.80790421,3.246458668,0.362831843,3.564127957,60,12.22360396
875.935,-34.83116865,3.230790045,60,-34.82647239,3.245886221,0.362412752,3.563593102,60,12.23443778
876.135,-34.82137416,3.230406454,60,-34.82176774,3.245432087,0.361982811,3.563044402,60,12.23257152
876.235,-34.81810933,3.230214659,60,-34.82095049,3.245198424,0.361767864,3.562770082,60,12.23240872
876.237,-34.81941526,3.230022864,60,-34.82099591,3.245193422,0.361763566,3.562764596,60,12.23243859
876.435,-34.83116865,3.229447478,60,-34.83107977,3.244668879,0.361337919,3.562221376,60,12.23838055
876.635,-34.84226907,3.228872093,60,-34.84096575,3.244142832,0.36090784,3.5616725,60,12.24414155
876.735,-34.84161611,3.228680298,60,-34.84245713,3.243899721,0.360692768,3.561398019,60,12.2451144
876.74,-34.84096314,3.228680298,60,-34.84248536,3.243887831,0.360682014,3.561384295,60,12.2451375
876.935,-34.8553284,3.228104912,60,-34.85503746,3.243362618,0.360262542,3.560848955,60,12.25220455
877.135,-34.86642882,3.227529526,60,-34.86497994,3.242840204,0.359832167,3.560297836,60,12.25783179
877.235,-34.85924619,3.227337731,60,-34.85935087,3.242637387,0.359616968,3.560020842,60,12.25486916
877.24,-34.85859323,3.227337731,60,-34.85899777,3.242627646,0.359606208,3.560006992,60,12.25468188
877.435,-34.86185806,3.226762346,60,-34.86187312,3.242159927,0.359186593,3.559466851,60,12.25629352
877.635,-34.86642882,3.226378755,60,-34.86624414,3.24167628,0.358756172,3.5589128,60,12.25858185
877.735,-34.86446992,3.225995165,60,-34.86507784,3.241454358,0.358540952,3.558635762,60,12.25785331
877.737,-34.86512289,3.225995165,60,-34.86518844,3.241449202,0.358536647,3.558630221,60,12.25791086
877.935,-34.87622331,3.225611575,60,-34.8760906,3.240939738,0.35811045,3.558081607,60,12.26355451
878.135,-34.88536483,3.224844394,60,-34.88390884,3.240445266,0.357679827,3.557527296,60,12.26742532
878.235,-34.88144704,3.224460803,60,-34.88348272,3.240223068,0.357464496,3.557250116,60,12.26696236
878.24,-34.8821,3.224460803,60,-34.88368035,3.24021079,0.357453729,3.557236256,60,12.26705693
878.435,-34.89450636,3.224077213,60,-34.89397597,3.239718669,0.357033774,3.556695678,60,12.27211765
878.635,-34.90234195,3.223501827,60,-34.90111845,3.239235031,0.356602934,3.556141088,60,12.27536584
878.735,-34.90103602,3.223310032,60,-34.9014929,3.239011897,0.356387494,3.555863767,60,12.27521279
878.74,-34.90103602,3.223310032,60,-34.90147998,3.239000938,0.356376722,3.5558499,60,12.27518708
878.935,-34.90234195,3.222926442,60,-34.90280901,3.238565156,0.355956606,3.555309115,60,12.27512233
879.135,-34.90756568,3.222351056,60,-34.90726323,3.238104266,0.35552568,3.554754414,60,12.27662824
879.235,-34.90887161,3.221967466,60,-34.90897668,3.23787769,0.355310198,3.554477039,60,12.27706462
879.238,-34.90821865,3.221967466,60,-34.90902099,3.23787094,0.355303734,3.554468718,60,12.27707357
879.435,-34.91605424,3.22139208,60,-34.91610725,3.237415383,0.354879182,3.553931168,60,12.27984197
879.635,-34.9245428,3.22100849,60,-34.92448936,3.236969862,0.354448068,3.553405679,60,12.28312258
879.735,-34.92846059,3.220624899,60,-34.9282084,3.236750935,0.354232473,3.553143159,60,12.28447028
879.74,-34.92846059,3.220624899,60,-34.92838835,3.236740028,0.354221693,3.553130033,60,12.28453417
879.935,-34.93433729,3.220241309,60,-34.93412116,3.236323487,0.353801224,3.552618045,60,12.28626343
880.135,-34.93564322,3.219474128,60,-34.93582195,3.235922177,0.353369928,3.552092875,60,12.28566023
880.235,-34.94217288,3.219282333,60,-34.94215804,3.235692458,0.353154256,3.55183026,60,12.28830266
880.24,-34.94217288,3.219282333,60,-34.94230165,3.235681947,0.353143471,3.551817128,60,12.28833976
880.435,-34.94804958,3.218706948,60,-34.94808955,3.235271683,0.352722834,3.551304937,60,12.28986266
880.635,-34.9552322,3.218131562,60,-34.95511082,3.234847303,0.352291332,3.550779516,60,12.29192938
880.735,-34.95784407,3.217939767,60,-34.95735429,3.234642947,0.352075553,3.55051677,60,12.29224216
880.738,-34.95653813,3.217939767,60,-34.9573517,3.234637216,0.352069079,3.550508888,60,12.29221298
880.935,-34.95849703,3.217364381,60,-34.95916371,3.234251067,0.351643974,3.549991256,60,12.29133633
881.135,-34.96763856,3.216980791,60,-34.96735778,3.233826475,0.35121233,3.549465661,60,12.29381728
881.235,-34.97090339,3.2165972,60,-34.97092917,3.233617758,0.350996471,3.549202819,60,12.29474619
881.24,-34.97090339,3.216405405,60,-34.971096,3.233607402,0.350985677,3.549189676,60,12.29478569
881.435,-34.97808601,3.21621361,60,-34.97751947,3.23320482,0.350564689,3.548677057,60,12.29625011
881.635,-34.98069788,3.215446429,60,-34.98164114,3.232807564,0.350132843,3.548151217,60,12.29633484
881.735,-34.98592161,3.215062839,60,-34.9853228,3.232603306,0.349916896,3.547890544,60,12.29720025
881.74,-34.98657457,3.215062839,60,-34.98552818,3.232593094,0.349906098,3.547877608,60,12.29725346
881.935,-34.98918644,3.214679248,60,-34.99005989,3.232216282,0.349484948,3.547374311,60,12.29738406
882.135,-34.99963389,3.214103863,60,-34.99871423,3.231809822,0.349052919,3.546858319,60,12.29963013
882.235,-35.00028686,3.213912068,60,-35.00000707,3.231623847,0.348836874,3.546600287,60,12.29908159
882.238,-34.99963389,3.213912068,60,-35.0000149,3.231618442,0.348830392,3.546592546,60,12.29904816
882.435,-35.00355169,3.213336682,60,-35.00359504,3.231247963,0.348404754,3.546084187,60,12.29847275
882.635,-35.00812245,3.212761297,60,-35.00865713,3.230865833,0.347972582,3.545568025,60,12.29859862
882.735,-35.01595805,3.212569501,60,-35.01545751,3.230651817,0.347756459,3.5453099,60,12.30096316
882.74,-35.01595805,3.212569501,60,-35.01582121,3.230640987,0.347745653,3.545296993,60,12.30109421
882.935,-35.01856991,3.212185911,60,-35.01857388,3.23028234,0.347324149,3.544793573,60,12.29995654
883.135,-35.02509957,3.211610525,60,-35.02526673,3.229894904,0.34689178,3.544277175,60,12.30083348
883.235,-35.03097627,3.211226935,60,-35.03066399,3.229690346,0.346675557,3.544018931,60,12.30236959
883.24,-35.03097627,3.211226935,60,-35.0308083,3.229680818,0.346664745,3.544006017,60,12.30237782
883.435,-35.03619999,3.210651549,60,-35.03614353,3.229311289,0.346243045,3.543502362,60,12.3025202
883.635,-35.04077076,3.210267959,60,-35.04119002,3.22893607,0.34581047,3.542985719,60,12.30238195
883.735,-35.04534152,3.209884369,60,-35.04468132,3.228743639,0.345594155,3.542727365,60,12.30282044
883.738,-35.04468855,3.209884369,60,-35.04474819,3.228738081,0.345587665,3.542719614,60,12.30281281
883.935,-35.04925932,3.209500778,60,-35.0494707,3.228371815,0.345161476,3.542210597,60,12.30246795
884.135,-35.05578898,3.208925393,60,-35.05516841,3.227983261,0.34472873,3.541680505,60,12.30303009
884.235,-35.05644194,3.208541802,60,-35.05775723,3.227786828,0.344512332,3.541411487,60,12.30329767
884.24,-35.05709491,3.208541802,60,-35.05793303,3.227776755,0.344501511,3.541398035,60,12.30333609
884.435,-35.06754237,3.207966417,60,-35.06680893,3.227372852,0.344079465,3.540873362,60,12.30593004
884.635,-35.07211313,3.207391031,60,-35.07174352,3.226981715,0.343646507,3.540335123,60,12.30631284
884.735,-35.07276609,3.207199236,60,-35.07379264,3.226788693,0.343430009,3.54006598,60,12.30626742
884.74,-35.07341906,3.207199236,60,-35.07390589,3.226778985,0.343419184,3.540052523,60,12.30627089
884.935,-35.08125465,3.206432055,60,-35.08098974,3.226385943,0.342996956,3.539527624,60,12.30784788
885.135,-35.08647838,3.206048465,60,-35.08647838,3.225992896,0.342563823,3.538989168,60,12.30848508
885.235,-35.08909025,3.205664874,60,-35.08909538,3.225797253,0.342347232,3.538719909,60,12.30872722
885.238,-35.08909025,3.205664874,60,-35.08917393,3.225791384,0.342340734,3.538711831,60,12.30873448
885.435,-35.09561991,3.205089489,60,-35.09561629,3.22539918,0.341913994,3.538181323,60,12.30989881
885.635,-35.10214957,3.204514103,60,-35.10214957,3.225001327,0.341480675,3.537642635,60,12.3110636
885.735,-35.1054144,3.204322308,60,-35.10540347,3.22480258,0.341263984,3.537373254,60,12.31163408
885.74,-35.1054144,3.204322308,60,-35.1055467,3.224792753,0.341253149,3.537359784,60,12.31165186
885.935,-35.11129109,3.203938718,60,-35.11119797,3.224409261,0.340830548,3.536834421,60,12.3123759
886.135,-35.11520889,3.203363332,60,-35.11511775,3.224026722,0.340397052,3.536295513,60,12.31207935
886.235,-35.11651482,3.202979742,60,-35.11699785,3.223836126,0.340180286,3.536026037,60,12.31187878
886.24,-35.11716779,3.202979742,60,-35.11718109,3.223826111,0.340169447,3.536012562,60,12.31191701
886.435,-35.12435041,3.202404356,60,-35.12446086,3.223422878,0.339746696,3.535475113,60,12.31371042
886.635,-35.13283897,3.202020766,60,-35.13189634,3.223000354,0.339313012,3.534915597,60,12.31572005
886.735,-35.13283897,3.201637175,60,-35.1342271,3.222796312,0.339096142,3.534635802,60,12.31598372
886.738,-35.1341449,3.201637175,60,-35.13433604,3.222789973,0.339089635,3.534627408,60,12.31601294
886.935,-35.1419805,3.201253585,60,-35.14173085,3.222371834,0.338662339,3.534076134,60,12.3180815
887.135,-35.14785719,3.200486404,60,-35.14809157,3.221952559,0.338228451,3.533516355,60,12.31959204
887.235,-35.15177499,3.200294609,60,-35.15126834,3.221742583,0.338011478,3.533236428,60,12.32035705
887.24,-35.15177499,3.200294609,60,-35.15141897,3.221732124,0.338000629,3.533222431,60,12.32039101
887.435,-35.15569278,3.199719223,60,-35.15596686,3.221331127,0.337577482,3.53267651,60,12.32100597
887.635,-35.16222244,3.199143838,60,-35.16209761,3.220911049,0.337143421,3.532116508,60,12.32245784
887.735,-35.16483431,3.198952043,60,-35.16537879,3.220699498,0.336926361,3.531836469,60,12.32331109
887.74,-35.16548727,3.198952043,60,-35.16554631,3.220688899,0.336915508,3.531822466,60,12.32335571
887.935,-35.1726699,3.198376657,60,-35.17248681,3.220272707,0.336492177,3.531276307,60,12.32533666
888.135,-35.17724066,3.197801271,60,-35.17706296,3.219859056,0.33605792,3.530716052,60,12.32600945
888.235,-35.17724066,3.197609476,60,-35.17918557,3.219652945,0.335840771,3.530435898,60,12.32626229
888.238,-35.17919956,3.197609476,60,-35.17924936,3.219646761,0.335834256,3.530427494,60,12.32626995
888.435,-35.18834109,3.196842295,60,-35.18827877,3.219213419,0.335406404,3.529875502,60,12.3294245
888.635,-35.19160592,3.196458705,60,-35.19146983,3.218803565,0.33497196,3.529313033,60,12.32944215
888.735,-35.19160592,3.19626691,60,-35.1920775,3.218589475,0.334754727,3.529017485,60,12.32921495
888.74,-35.19095295,3.19626691,60,-35.19226219,3.218577899,0.334743865,3.529002707,60,12.3292883
888.935,-35.20140041,3.195691524,60,-35.20070977,3.218118608,0.334320205,3.528426314,60,12.33285946
889.135,-35.20335931,3.195116139,60,-35.20380327,3.217675558,0.333885609,3.527835041,60,12.3335812
889.235,-35.20662414,3.194732548,60,-35.20665319,3.217446056,0.333668293,3.52753938,60,12.33467898
889.24,-35.20662414,3.194732548,60,-35.20682119,3.21743442,0.333657426,3.527524596,60,12.33474844
889.435,-35.21380676,3.194157163,60,-35.21423511,3.216974836,0.333233597,3.526947973,60,12.33796186
889.635,-35.22490719,3.193581777,60,-35.22357598,3.216491242,0.332798793,3.526356418,60,12.34229341
889.735,-35.22490719,3.193389982,60,-35.22510508,3.216265799,0.332581359,3.526060596,60,12.34278119
889.738,-35.22425422,3.193389982,60,-35.22511738,3.216259213,0.332574836,3.526051721,60,12.34277778
889.935,-35.22882498,3.192814596,60,-35.22912477,3.215808283,0.33214646,3.525468912,60,12.3443258
890.135,-35.23600761,3.192431006,60,-35.23579202,3.21533417,0.331711492,3.524877134,60,12.34738077
890.235,-35.23861947,3.192047416,60,-35.23883326,3.215097926,0.331493978,3.524581204,60,12.34877615
890.24,-35.23861947,3.192047416,60,-35.23898005,3.215086134,0.331483102,3.524566407,60,12.34884333
890.435,-35.24710803,3.19147203,60,-35.2467422,3.214613797,0.331058882,3.523989252,60,12.35261509
890.635,-35.25167879,3.190896644,60,-35.25145831,3.214145216,0.330623707,3.523397191,60,12.35478405
890.735,-35.25233176,3.190704849,60,-35.25316235,3.213913918,0.3304061,3.523101135,60,12.35553342
890.74,-35.25298473,3.190704849,60,-35.25324458,3.213902366,0.330395219,3.523086332,60,12.35556938
890.935,-35.26277922,3.190129464,60,-35.26258339,3.213422261,0.329970819,3.522514419,60,12.3602294
891.135,-35.26539108,3.189554078,60,-35.26543949,3.213017864,0.329535461,3.521982062,60,12.36021667
891.235,-35.26996184,3.189362283,60,-35.26984336,3.212798454,0.329317759,3.521716545,60,12.36186787
891.238,-35.26865591,3.189362283,60,-35.26991017,3.212792201,0.329311227,3.521708579,60,12.36188291
891.435,-35.27583854,3.188786897,60,-35.27555527,3.212373487,0.328882296,3.521185438,60,12.36359458
891.635,-35.27779744,3.188211512,60,-35.27835087,3.21196073,0.328446779,3.520654265,60,12.36386648
891.735,-35.2823682,3.187827921,60,-35.28206145,3.211740272,0.328228999,3.520388653,60,12.36530902
891.74,-35.2823682,3.187827921,60,-35.28222273,3.211729345,0.328218109,3.520375371,60,12.36536926
891.935,-35.28824489,3.187444331,60,-35.28829671,3.211302971,0.327793379,3.519857354,60,12.3676488
892.135,-35.29477456,3.186868945,60,-35.29507239,3.210858999,0.32735768,3.519325959,60,12.37041066
892.235,-35.29934532,3.186485355,60,-35.29926221,3.210631212,0.327139796,3.51906022,60,12.37227628
892.24,-35.29999828,3.186485355,60,-35.2994805,3.210619747,0.327128901,3.519046932,60,12.3723753
892.435,-35.30652794,3.185909969,60,-35.30635034,3.210179989,0.326703957,3.518528653,60,12.37539908
892.635,-35.31175167,3.185334584,60,-35.3125245,3.209730438,0.32626804,3.517996992,60,12.37813957
892.735,-35.31762837,3.184950993,60,-35.31806318,3.209490903,0.326050044,3.517731117,60,12.38088933
892.738,-35.32024023,3.184950993,60,-35.31826185,3.209483527,0.326043504,3.51772314,60,12.38098992
892.935,-35.32219913,3.184567403,60,-35.32253969,3.209045618,0.325613986,3.517199283,60,12.38287964
893.135,-35.32742286,3.183992017,60,-35.32754042,3.2085947,0.325177876,3.516667387,60,12.38525183
893.235,-35.33068769,3.183608427,60,-35.33060982,3.208379134,0.324959795,3.516415645,60,12.38649742
893.24,-35.33068769,3.183608427,60,-35.33076794,3.208368544,0.324948891,3.516403282,60,12.38655799
893.435,-35.33787032,3.183224837,60,-35.33759764,3.207998213,0.324523572,3.515970942,60,12.38838144
893.635,-35.34048218,3.182649451,60,-35.34078548,3.207638209,0.324087286,3.515531843,60,12.38827601
893.735,-35.34701184,3.182265861,60,-35.3468432,3.207431595,0.323869115,3.515312265,60,12.39072746
893.74,-35.34701184,3.182265861,60,-35.34713438,3.207421289,0.323858205,3.515301286,60,12.39084504
893.935,-35.3574593,3.181690475,60,-35.35732907,3.207022697,0.323432669,3.514873005,60,12.39490339
894.135,-35.36203006,3.181115089,60,-35.36206323,3.206639913,0.322996129,3.51443365,60,12.39613643
894.235,-35.36464192,3.180923294,60,-35.3645758,3.206445884,0.322777836,3.514213951,60,12.39689687
894.237,-35.36398896,3.180923294,60,-35.36461928,3.206442021,0.32277347,3.514209556,60,12.39690907
894.435,-35.36986565,3.180347909,60,-35.36997214,3.206052203,0.322341205,3.513774504,60,12.3987445
894.635,-35.37704828,3.179772523,60,-35.37698169,3.205644859,0.321904495,3.513334979,60,12.40163878
894.735,-35.38031311,3.179388933,60,-35.38020741,3.205440951,0.321686109,3.513115184,60,12.40299535
894.74,-35.38031311,3.179388933,60,-35.38035456,3.205430797,0.321675189,3.513104194,60,12.40305676
894.935,-35.3861898,3.178813547,60,-35.38647777,3.205030767,0.321249278,3.512675537,60,12.40572698
895.135,-35.39467836,3.178238162,60,-35.39475704,3.204605067,0.320812358,3.512235799,60,12.40970982
895.235,-35.39924912,3.178046366,60,-35.39926519,3.204388498,0.320593858,3.512015891,60,12.41196088
895.24,-35.40055506,3.178046366,60,-35.39949532,3.204377617,0.320582933,3.512004894,60,12.41207693
895.435,-35.40447285,3.177470981,60,-35.40499106,3.203970294,0.320156793,3.511576007,60,12.41477845
895.635,-35.41296141,3.176895595,60,-35.41261421,3.203603356,0.319719648,3.511202694,60,12.41707459
895.735,-35.41557328,3.176512005,60,-35.41551563,3.203441116,0.319501043,3.51103465,60,12.41732674
895.737,-35.41622624,3.176512005,60,-35.41556618,3.203437902,0.31949667,3.511031289,60,12.41732805
895.935,-35.41622624,3.17632021,60,-35.41681654,3.203136915,0.319063806,3.510698542,60,12.41553333
896.135,-35.42340887,3.175361234,60,-35.42329223,3.202798456,0.318626523,3.510362398,60,12.41676583
896.235,-35.42602073,3.175169438,60,-35.42597155,3.20263005,0.318407853,3.510194304,60,12.41715598
896.24,-35.42602073,3.175169438,60,-35.42609928,3.202621654,0.318396919,3.5101859,60,12.41717244
896.435,-35.43385633,3.174594053,60,-35.43381192,3.2022752,0.317970448,3.509858067,60,12.41944332
896.635,-35.43908005,3.174018667,60,-35.43917614,3.20192824,0.31753296,3.509521766,60,12.42058011
896.735,-35.44430378,3.173635077,60,-35.44409854,3.201740366,0.317314184,3.509353591,60,12.42244279
896.74,-35.44430378,3.173635077,60,-35.44422068,3.201731593,0.317303244,3.509345182,60,12.42247055
896.935,-35.44887455,3.173251487,60,-35.44906822,3.201387426,0.316876572,3.509017195,60,12.42364948
897.135,-35.45671014,3.172676101,60,-35.45681952,3.201014102,0.316438882,3.508680738,60,12.42655198
897.235,-35.4612809,3.172292511,60,-35.46056333,3.200826239,0.316220001,3.508512482,60,12.42799824
897.238,-35.45997497,3.172292511,60,-35.46061479,3.200820911,0.316213434,3.508507434,60,12.42800939
897.435,-35.4651987,3.171717125,60,-35.4651201,3.200463113,0.315782189,3.508175932,60,12.42941465
897.635,-35.46976946,3.171141739,60,-35.47091011,3.200088728,0.315344316,3.507839335,60,12.43166158
897.735,-35.47695209,3.170949944,60,-35.47574762,3.199889122,0.315125345,3.50767101,60,12.4339056
897.74,-35.47695209,3.170949944,60,-35.47596629,3.199879236,0.315114395,3.507662593,60,12.4340064
897.935,-35.48152285,3.170374559,60,-35.48158736,3.199526962,0.314687333,3.507354752,60,12.43570039
898.135,-35.48674658,3.169607378,60,-35.48720301,3.199168028,0.314249256,3.507046644,60,12.43728759
898.235,-35.49131734,3.169415583,60,-35.49093688,3.198981181,0.314030188,3.506892569,60,12.43866674
898.24,-35.49131734,3.169415583,60,-35.49113403,3.198971752,0.314019234,3.506884865,60,12.43874243
898.435,-35.497847,3.168840197,60,-35.49776426,3.198606488,0.313591985,3.506584373,60,12.44123407
898.635,-35.50372369,3.168456607,60,-35.50388803,3.198229918,0.313153704,3.506276122,60,12.44361912
898.735,-35.50764149,3.167881221,60,-35.50894197,3.198028554,0.312934529,3.506121971,60,12.44597302
898.738,-35.50960039,3.168073016,60,-35.50910928,3.198022418,0.312927953,3.506117347,60,12.44605252
898.935,-35.51417115,3.167305836,60,-35.514136,3.197648707,0.312496113,3.505813626,60,12.44814522
899.135,-35.51808895,3.166922245,60,-35.5181619,3.197270296,0.312057643,3.505505241,60,12.44985487
899.235,-35.52200674,3.166538655,60,-35.52199383,3.197069252,0.311838383,3.505351032,60,12.45176709
899.24,-35.52200674,3.166538655,60,-35.52215552,3.197059305,0.311827419,3.505343321,60,12.45184847
899.435,-35.52853641,3.165963269,60,-35.52861332,3.196669083,0.311399799,3.505042568,60,12.45515585
899.635,-35.53767793,3.165387884,60,-35.53744534,3.196251807,0.310961119,3.504734036,60,12.45992594
899.735,-35.54028979,3.165196088,60,-35.54034831,3.196049687,0.310741743,3.504579744,60,12.46154798
899.74,-35.54094276,3.164620703,60,-35.5404957,3.196039524,0.310730773,3.504572029,60,12.46163183
899.935,-35.54551352,3.164428908,60,-35.5456222,3.195645093,0.310302939,3.504271125,60,12.46461659
900.135,-35.55139022,3.164045317,60,-35.55173714,3.195235716,0.309864068,3.50396693,60,12.4681355
900.235,-35.55596098,3.163661727,60,-35.55539742,3.195030471,0.309644601,3.503819793,60,12.47011074
900.239,-35.55530801,3.163661727,60,-35.55551615,3.195022378,0.309635822,3.503813908,60,12.47017587
900.435,-35.56183767,3.163086341,60,-35.56228698,3.194618197,0.309205605,3.503525478,60,12.47397197
900.635,-35.57228513,3.162510956,60,-35.57102626,3.194190216,0.308766508,3.503231095,60,12.47903863
900.735,-35.57228513,3.162127365,60,-35.57298946,3.193987492,0.308546927,3.503083883,60,12.48032603
900.74,-35.57228513,3.162127365,60,-35.57305602,3.193977503,0.308535948,3.503076522,60,12.48037407
900.936,-35.57881479,3.161743775,60,-35.57887304,3.193565747,0.308105525,3.502787955,60,12.4841003
901.136,-35.58599742,3.161168389,60,-35.58580668,3.193135279,0.307666237,3.502493443,60,12.4886178
901.235,-35.58860928,3.160784799,60,-35.58904819,3.192921487,0.307448759,3.50234764,60,12.49081163
901.24,-35.58926225,3.160784799,60,-35.58921116,3.192910677,0.307437774,3.502340276,60,12.49092258
901.435,-35.59513894,3.160209413,60,-35.59527518,3.192487958,0.30700935,3.502053048,60,12.4951875
901.635,-35.60297454,3.159634028,60,-35.60297454,3.192041853,0.306569855,3.501758399,60,12.50052654
901.735,-35.60689233,3.159250437,60,-35.60793774,3.191810977,0.306350069,3.501611048,60,12.50386431
901.738,-35.60819826,3.159250437,60,-35.60809075,3.191804025,0.306343475,3.501606627,60,12.50396682
901.936,-35.61407496,3.158675052,60,-35.61407551,3.191364768,0.305908229,3.501314826,60,12.5085891
902.135,-35.62191055,3.158099666,60,-35.62168363,3.190910455,0.305470699,3.501021494,60,12.51425141
902.235,-35.62191055,3.157716076,60,-35.62233433,3.190698182,0.30525081,3.500874074,60,12.51541013
902.24,-35.62256352,3.157716076,60,-35.62255265,3.190686509,0.305239815,3.500866703,60,12.51557109
902.435,-35.63105208,3.15714069,60,-35.63081045,3.190231623,0.304810975,3.500580003,60,12.52173152
902.635,-35.63627581,3.156565305,60,-35.63627581,3.189777697,0.304371053,3.500286946,60,12.52652573
902.735,-35.63888767,3.156181714,60,-35.63892083,3.189549652,0.304151068,3.500140401,60,12.52893025
902.74,-35.6382347,3.156181714,60,-35.63905746,3.189538189,0.304140068,3.500133073,60,12.52905414
902.935,-35.6460703,3.155606329,60,-35.64590323,3.189081143,0.30371104,3.499847272,60,12.53477591
903.135,-35.65259996,3.155030943,60,-35.65275448,3.188609202,0.303270925,3.499554085,60,12.54069638
903.235,-35.65651775,3.154839148,60,-35.6556393,3.188374722,0.303050837,3.499407472,60,12.54341299
903.238,-35.65521182,3.154839148,60,-35.65569853,3.188367823,0.303044234,3.499403073,60,12.54348006
903.435,-35.66108852,3.154071967,60,-35.66138539,3.187903118,0.302610611,3.499114212,60,12.548931
903.636,-35.66957707,3.153496582,60,-35.66936817,3.187413202,0.302168097,3.498819427,60,12.55582187
903.735,-35.67284191,3.153304786,60,-35.67322868,3.187170881,0.301950105,3.49867421,60,12.55922645
903.74,-35.67349487,3.153304786,60,-35.67342429,3.187158622,0.301939095,3.498666876,60,12.55939931
903.936,-35.6806775,3.152729401,60,-35.68072488,3.186678033,0.301507447,3.498379329,60,12.56604855
904.136,-35.68851309,3.15196222,60,-35.68812771,3.186184411,0.301066898,3.498085853,60,12.57293131
904.235,-35.68981902,3.151770425,60,-35.690553,3.18594566,0.300848796,3.497940563,60,12.57570157
904.24,-35.69047199,3.151770425,60,-35.69066443,3.185933656,0.300837781,3.497933225,60,12.57583567
904.435,-35.69830758,3.151003244,60,-35.69832539,3.185445144,0.300408126,3.497647007,60,12.58295933
904.635,-35.70679614,3.150619654,60,-35.70676117,3.184936031,0.299967354,3.497352559,60,12.59071927
904.735,-35.70875504,3.150044268,60,-35.70879392,3.184683138,0.299746936,3.497200678,60,12.5935582
904.738,-35.71006097,3.150044268,60,-35.70891119,3.184675217,0.299740323,3.497196119,60,12.59367507
904.935,-35.7152847,3.149468882,60,-35.71525453,3.184161668,0.299306042,3.496896743,60,12.60063423
905.135,-35.71985546,3.149085292,60,-35.71989945,3.183647397,0.298865084,3.496592764,60,12.60681175
905.235,-35.72246733,3.148701702,60,-35.72268726,3.183386704,0.298644582,3.496440759,60,12.61019164
905.241,-35.72246733,3.148701702,60,-35.72291081,3.183370721,0.298631351,3.496431638,60,12.6104265
905.436,-35.73095588,3.148126316,60,-35.73074036,3.182847068,0.298201307,3.496135182,60,12.61840842
905.636,-35.73748555,3.147550931,60,-35.73749289,3.182314201,0.297760144,3.495831062,60,12.62599218
905.735,-35.74075038,3.147359135,60,-35.74064916,3.182050482,0.297541739,3.495680501,60,12.62967845
905.74,-35.74009741,3.14716734,60,-35.74080055,3.182037188,0.297530707,3.495672897,60,12.6298609
905.936,-35.74858597,3.146591955,60,-35.74817586,3.181506928,0.297098244,3.495374774,60,12.63784794
906.135,-35.7538097,3.146016569,60,-35.75443309,3.18097283,0.296659078,3.49507203,60,12.64536807
906.235,-35.75903343,3.145824774,60,-35.75837785,3.180699119,0.296438359,3.494919875,60,12.64962053
906.238,-35.75903343,3.145824774,60,-35.75849896,3.180690884,0.296431737,3.49491531,60,12.64974994
906.436,-35.76425715,3.145249388,60,-35.7644644,3.180157298,0.295994651,3.494614001,60,12.65721703
906.636,-35.77143978,3.144482207,60,-35.77201054,3.179607702,0.295553071,3.494309592,60,12.66567737
906.735,-35.77796944,3.144098617,60,-35.77703105,3.179327658,0.295334449,3.494158883,60,12.67060601
906.74,-35.77796944,3.144098617,60,-35.77729654,3.17931344,0.295323407,3.494151271,60,12.6708618
906.936,-35.78123427,3.143715027,60,-35.78156737,3.178780486,0.294890519,3.493849227,60,12.67786259
907.136,-35.78972283,3.142947846,60,-35.78970114,3.178193488,0.294448723,3.49353171,60,12.68793718
907.235,-35.79364063,3.142756051,60,-35.79345038,3.177903439,0.294229997,3.493374347,60,12.6928083
907.24,-35.79364063,3.142756051,60,-35.79363776,3.1778888,0.29421895,3.4933664,60,12.69305329
907.435,-35.80017029,3.142180665,60,-35.80016915,3.177321042,0.293788061,3.493056396,60,12.70221838
907.635,-35.80669995,3.141413484,60,-35.80690198,3.176737108,0.293346043,3.492738385,60,12.71168866
907.735,-35.81257664,3.141029894,60,-35.81215732,3.176434142,0.293124996,3.492579353,60,12.71748803
907.739,-35.81257664,3.141029894,60,-35.81225297,3.176422641,0.293116153,3.492572991,60,12.71765728
907.936,-35.81649444,3.140454508,60,-35.81680485,3.175856736,0.29268063,3.492259653,60,12.72591428
908.135,-35.82433003,3.139879123,60,-35.8239522,3.17526984,0.292240614,3.491943083,60,12.73570809
908.235,-35.82628893,3.139687328,60,-35.82682658,3.174978384,0.292019469,3.49178398,60,12.7402499
908.241,-35.82628893,3.139687328,60,-35.82705244,3.17496059,0.2920062,3.491774433,60,12.74055232
908.436,-35.83608342,3.138920147,60,-35.83545374,3.174375811,0.291574898,3.491464133,60,12.75099304
908.636,-35.84065418,3.138536556,60,-35.84121383,3.173790488,0.291132449,3.491145812,60,12.76016627
908.735,-35.84522495,3.138152966,60,-35.84169848,3.173513477,0.290913418,3.49098823,60,12.76340996
908.74,-35.83608342,3.137961171,60,-35.84155832,3.173500392,0.290902356,3.490980271,60,12.76348283
908.936,-35.85501944,3.137385785,60,-35.85305374,3.17289306,0.290468658,3.490668248,60,12.77576642
909.135,-35.8576313,3.137002195,60,-35.85821028,3.172309708,0.290028205,3.490351102,60,12.78477721
909.235,-35.8615491,3.136618604,60,-35.86160734,3.172006632,0.289806848,3.490190495,60,12.79020566
909.238,-35.8615491,3.136618604,60,-35.86172755,3.171997374,0.289800207,3.490185661,60,12.79038411
909.435,-35.87069062,3.136043219,60,-35.8702631,3.171385789,0.289364058,3.489868233,60,12.80246229
909.636,-35.87526138,3.135276038,60,-35.87592544,3.17077863,0.288918967,3.489544297,60,12.81309453
909.735,-35.88244401,3.135084243,60,-35.88179973,3.170462543,0.288699708,3.489384721,60,12.82004537
909.74,-35.88244401,3.135084243,60,-35.88212369,3.170446428,0.288688634,3.489376661,60,12.82041159
909.935,-35.88766774,3.134317062,60,-35.88772065,3.169856697,0.288256685,3.48906229,60,12.83078919
910.136,-35.89485037,3.133741677,60,-35.89484558,3.169241465,0.287811368,3.48873819,60,12.84223611
910.235,-35.8981152,3.133358086,60,-35.89810979,3.168939805,0.287592001,3.488578534,60,12.84773763
910.24,-35.8981152,3.133358086,60,-35.89826843,3.168924605,0.28758092,3.48857047,60,12.84801199
910.435,-35.90464486,3.132782701,60,-35.90460356,3.168331011,0.287148774,3.488255955,60,12.85879416
910.635,-35.91052155,3.132207315,60,-35.91096119,3.167723066,0.286705469,3.487933319,60,12.86977224
910.735,-35.91639825,3.131823725,60,-35.51949261,3.169598437,0.286483786,3.487771979,60,12.65648329
910.738,-0.00326483,3.337811763,60,-0.146942018,3.364963412,0.28648046,3.487769558,60,0.023659955
910.936,-0.000652966,3.35948462,60,-0.000898081,3.370062542,0.286480436,3.48776954,60,0.000140429
911.135,0,3.368307199,60,-0.000243578,3.37423068,0.28648043,3.487769536,60,3.69e-05
911.235,-0.000652966,3.372143103,60,-0.000417163,3.376265538,0.286480428,3.487769535,60,6.23e-05
911.24,-0.000652966,3.372334898,60,-0.00042804,3.376366409,0.286480428,3.487769535,60,6.39e-05
911.436,0,3.377896959,60,-7.41e-16,3.380252447,0.286480424,3.487769532,60,3.38e-06
911.635,0,3.382883634,60,-7.31e-16,3.384033424,0.286480424,3.487769532,60,8.97e-07
911.735,-0.000652966,3.385185176,60,-0.000652966,3.385869974,0.28648042,3.487769529,60,9.14e-05
911.74,-0.000652966,3.385376971,60,-0.000652966,3.385961141,0.28648042,3.487769529,60,9.14e-05
911.936,-0.000652966,3.38902108,60,-0.000646502,3.389500966,0.286480412,3.487769523,60,8.82e-05
912.136,0.000652966,3.392665189,60,0.000652966,3.392974875,0.286480414,3.487769534,60,-8.68e-05
912.235,0,3.394583141,60,-1.3e-13,3.394647296,0.286480415,3.487769538,60,2.36e-05
912.238,-0.000652966,3.394583141,60,-1.96e-05,3.394697627,0.286480415,3.487769538,60,2.54e-06
912.435,-0.000652966,3.397651864,60,-0.000652966,3.397925942,0.286480407,3.487769532,60,8.36e-05
912.635,-0.000652966,3.400720587,60,-0.000652966,3.40110329,0.286480399,3.487769526,60,8.15e-05
912.735,0,3.402254948,60,-3.42e-15,3.402652235,0.286480397,3.487769525,60,8.13e-15
912.74,0,3.402254948,60,-3.75e-16,3.402727319,0.286480397,3.487769525,60,1.91e-06
912.935,-0.000652966,3.404748286,60,-0.000514085,3.405651776,0.286480393,3.487769522,60,6.19e-05
913.135,0,3.407433419,60,0,3.408555344,0.286480389,3.487769519,60,0
913.235,0,3.408775985,60,0,3.409952026,0.286480389,3.487769519,60,5.16e-17
913.24,0,3.408775985,60,-7.34e-16,3.410021812,0.286480389,3.487769519,60,1.16e-07
913.436,-0.000652966,3.411077527,60,-0.000627636,3.412691811,0.286480384,3.487769515,60,7.1e-05
913.636,0,3.413187274,60,0,3.415339103,0.28648038,3.487769513,60,0
913.735,0,3.414338046,60,0,3.416600362,0.28648038,3.487769513,60,0
913.738,0,3.414529841,60,0,3.416638349,0.28648038,3.487769513,60,0
913.935,0,3.416447793,60,0,3.419102418,0.28648038,3.487769513,60,0
914.136,0,3.418365745,60,0,3.421526044,0.28648038,3.487769513,60,0
914.235,0,3.419516516,60,0,3.422687031,0.28648038,3.487769513,60,0
914.24,0,3.419516516,60,0,3.42274521,0.28648038,3.487769513,60,7.73e-08
914.436,-0.000652966,3.421242673,60,-0.000627573,3.424966231,0.286480376,3.487769509,60,6.33e-05
914.635,0,3.422968829,60,0,3.42715873,0.286480371,3.487769506,60,0
914.735,0,3.423927805,60,0,3.428218977,0.286480371,3.487769506,60,4.37e-17
914.74,0,3.423927805,60,0,3.428271952,0.286480371,3.487769506,60,1.01e-07
914.935,-0.000652966,3.425653962,60,-0.000621553,3.43028768,0.286480367,3.487769502,60,5.94e-05
915.135,0,3.427188324,60,-4.65e-05,3.432297845,0.286480362,3.487769499,60,4.37e-06
915.235,-0.000652966,3.427955504,60,-0.00062195,3.433270777,0.28648036,3.487769498,60,5.76e-05
915.239,-0.000652966,3.427955504,60,-0.000646763,3.433309648,0.28648036,3.487769498,60,5.99e-05
915.436,-0.000652966,3.429298071,60,-0.000640366,3.435179137,0.286480352,3.487769492,60,5.81e-05
915.635,0,3.430832432,60,-7.28e-16,3.437004021,0.286480348,3.487769489,60,1.28e-06
915.735,0,3.431599613,60,0,3.437886304,0.286480348,3.487769489,60,0
915.74,0,3.431599613,60,-3.73e-16,3.437930382,0.286480348,3.487769489,60,8.94e-08
915.936,-0.000652966,3.432942179,60,-0.000627636,3.439615575,0.286480343,3.487769486,60,5.42e-05
916.136,0,3.434284746,60,5.06e-15,3.441289036,0.286480339,3.487769483,60,-7.75e-07
916.235,0.000652966,3.434860131,60,0.000646436,3.442089279,0.286480343,3.487769495,60,-5.42e-05
916.24,0.000652966,3.434860131,60,0.000640108,3.442129189,0.286480344,3.487769495,60,-5.36e-05
916.435,0,3.436010902,60,9.59e-17,3.443666254,0.286480348,3.487769507,60,-1.28e-09
916.636,-0.000652966,3.437161674,60,-0.00064322,3.445186566,0.286480343,3.487769503,60,5.19e-05
916.735,0,3.437737059,60,-9.36e-15,3.445923693,0.286480341,3.487769502,60,1.77e-15
916.739,0,3.437737059,60,-3.71e-16,3.44595246,0.28648034,3.487769502,60,9.93e-07
916.936,-0.000652966,3.43888783,60,-0.000490126,3.447367584,0.286480337,3.487769499,60,3.85e-05
917.136,0,3.440038602,60,-7.24e-16,3.448761041,0.286480333,3.487769496,60,1.92e-06
917.235,0,3.440613987,60,0,3.449424085,0.286480333,3.487769496,60,0
917.24,0,3.440613987,60,0,3.449457321,0.286480333,3.487769496,60,0
917.436,0,3.441572963,60,0,3.450745653,0.286480333,3.487769496,60,0
917.636,0,3.442531939,60,1.3e-14,3.452012978,0.286480333,3.487769496,60,-4.49e-15
917.735,0.000652966,3.443107325,60,0.000646436,3.452621291,0.286480337,3.487769508,60,-4.74e-05
917.74,0.000652966,3.443107325,60,0.000627249,3.452651504,0.286480337,3.487769509,60,-4.6e-05
917.935,-0.000652966,3.444066301,60,-0.000636642,3.453808475,0.286480335,3.487769512,60,4.59e-05
918.136,-0.000652966,3.444833481,60,-0.000652966,3.454970333,0.286480327,3.487769506,60,4.63e-05
918.235,-0.000652966,3.445408867,60,-0.000652966,3.45552701,0.286480323,3.487769503,60,4.6e-05
918.239,-0.000652966,3.445408867,60,-0.000648044,3.455549369,0.286480323,3.487769503,60,4.56e-05
918.435,0,3.446176048,60,-1.61e-05,3.456624779,0.286480319,3.4877695,60,1.12e-06
918.635,-0.000652966,3.447135024,60,-0.000613176,3.457676166,0.286480315,3.487769497,60,4.18e-05
918.735,0.000652966,3.447518614,60,0.000175799,3.458190151,0.286480315,3.4877695,60,-1.19e-05
918.74,0.000652966,3.447518614,60,0.000193378,3.458215433,0.286480315,3.4877695,60,-1.3e-05
918.935,-0.000652966,3.448285795,60,-0.000636642,3.459178014,0.286480313,3.487769502,60,4.25e-05
919.135,-0.000652966,3.449052976,60,-0.000652966,3.460140007,0.286480305,3.487769496,60,4.29e-05
919.235,-0.000652966,3.449436566,60,-0.000652966,3.460607979,0.286480301,3.487769493,60,4.26e-05
919.24,-0.000652966,3.449436566,60,-0.000652966,3.460631153,0.2864803,3.487769493,60,4.26e-05
919.436,-0.000652966,3.450203747,60,-0.000648142,3.461522999,0.286480293,3.487769487,60,4.17e-05
919.636,0,3.450970928,60,2.06e-15,3.462404108,0.286480289,3.487769484,60,-2.83e-07
919.735,0.000652966,3.451354518,60,0.000646436,3.462826392,0.286480293,3.487769496,60,-4.08e-05
919.738,0.000652966,3.451354518,60,0.000640039,3.462838968,0.286480293,3.487769496,60,-4.04e-05
919.936,-0.000652966,3.451929904,60,-0.000643204,3.463650246,0.286480291,3.4877695,60,4e-05
920.136,0,3.452697084,60,0,3.46445433,0.286480287,3.487769497,60,0
920.235,0,3.453080675,60,0,3.46483632,0.286480287,3.487769497,60,0
920.24,0,3.453080675,60,0,3.464855472,0.286480287,3.487769497,60,0
920.435,0,3.45365606,60,0,3.465594124,0.286480287,3.487769497,60,1.93e-07
920.636,-0.000652966,3.454231446,60,-0.00064322,3.466321239,0.286480282,3.487769493,60,3.83e-05
920.735,0,3.454615036,60,-4.67e-15,3.466676525,0.28648028,3.487769492,60,1.08e-15
920.74,0,3.454615036,60,0,3.466693808,0.28648028,3.487769492,60,0
920.936,0,3.455190422,60,0,3.467368082,0.28648028,3.487769492,60,0
921.135,0,3.455765807,60,0,3.468031129,0.28648028,3.487769492,60,0
921.235,0,3.456149398,60,-1.82e-13,3.468355244,0.28648028,3.487769492,60,1.14e-14
921.238,-0.000652966,3.456149398,60,-1.96e-05,3.468364594,0.286480279,3.487769491,60,1.12e-06
921.435,-0.000652966,3.456724783,60,-0.000652966,3.468979326,0.286480272,3.487769486,60,3.72e-05
921.636,-0.000652966,3.457108374,60,-0.000646436,3.469590138,0.286480263,3.48776948,60,3.64e-05
921.735,0,3.457491964,60,-5.8e-15,3.469886393,0.286480261,3.487769478,60,5.62e-16
921.74,0,3.457491964,60,0,3.469900686,0.286480261,3.487769478,60,8.87e-07
921.935,-0.000652966,3.45806735,60,-0.000514426,3.470457952,0.286480258,3.487769475,60,2.85e-05
922.136,0,3.45845094,60,0,3.471018475,0.286480254,3.487769473,60,0
922.236,0,3.458642735,60,0,3.471285659,0.286480254,3.487769473,60,0
922.241,0,3.458834531,60,0,3.471298896,0.286480254,3.487769473,60,0
922.436,0,3.459218121,60,0,3.471810323,0.286480254,3.487769473,60,0
922.636,0,3.459793507,60,0,3.472316022,0.286480254,3.487769473,60,0
922.736,0,3.459985302,60,0,3.472561975,0.286480254,3.487769473,60,1.56e-17
922.739,0,3.459985302,60,-3.71e-16,3.472569281,0.286480254,3.487769473,60,2.25e-08
922.936,-0.000652966,3.460368892,60,-0.00063382,3.473034744,0.286480249,3.487769469,60,3.35e-05
923.136,0,3.460944278,60,-2.85e-05,3.473499357,0.286480245,3.487769466,60,1.5e-06
923.236,-0.000652966,3.461136073,60,-0.000633965,3.473720358,0.286480243,3.487769465,60,3.31e-05
923.241,-0.000652966,3.461136073,60,-0.000652966,3.473731382,0.286480242,3.487769464,60,3.41e-05
923.436,-0.000652966,3.461519663,60,-0.000652966,3.474156698,0.286480235,3.487769459,60,3.38e-05
923.636,-0.000652966,3.461903254,60,-0.000633965,3.474577474,0.286480227,3.487769453,60,3.25e-05
923.736,0,3.462095049,60,-7.35e-16,3.474785497,0.286480225,3.487769451,60,1.43e-06
923.741,0,3.462095049,60,0,3.474795606,0.286480225,3.487769451,60,0
923.936,0,3.462670434,60,-6.42e-15,3.475182027,0.286480225,3.487769451,60,8.25e-16
924.136,-0.000652966,3.46286223,60,-0.000652966,3.47556048,0.28648022,3.487769448,60,3.29e-05
924.236,0,3.463054025,60,-2.16e-15,3.475750779,0.286480217,3.487769446,60,1.08e-16
924.238,0,3.463054025,60,0,3.475754412,0.286480217,3.487769446,60,0
924.436,0,3.463437615,60,-6.83e-15,3.476112431,0.286480217,3.487769446,60,8.83e-16
924.636,-0.000652966,3.464013001,60,-0.000652966,3.476457412,0.286480212,3.487769443,60,3.23e-05
924.736,-0.000652966,3.464013001,60,-0.000652966,3.476627727,0.286480208,3.48776944,60,3.22e-05
924.741,-0.000652966,3.464013001,60,-0.000621155,3.476636264,0.286480208,3.48776944,60,3.06e-05
924.936,0.000652966,3.464396591,60,0.000628684,3.476964809,0.28648021,3.48776945,60,-3.08e-05
925.136,0,3.464780182,60,0,3.477280925,0.286480214,3.487769462,60,0
925.236,0,3.464971977,60,0,3.477434932,0.286480214,3.487769462,60,0
925.241,0,3.464971977,60,0,3.477442562,0.286480214,3.487769462,60,0
925.436,0,3.465355567,60,-2.42e-15,3.477737355,0.286480214,3.487769462,60,1.25e-16
925.636,-0.000652966,3.465739158,60,-0.000652966,3.478023886,0.286480209,3.487769458,60,3.13e-05
925.736,0,3.465930953,60,-2e-14,3.478169269,0.286480207,3.487769457,60,9.53e-16
925.738,0,3.465930953,60,-6.46e-06,3.478172017,0.286480207,3.487769457,60,3.08e-07
925.936,-0.000652966,3.466122748,60,-0.000652966,3.47844151,0.286480203,3.487769454,60,3.1e-05
926.136,-0.000652966,3.466506338,60,-0.000652966,3.478707348,0.286480195,3.487769448,60,3.08e-05
926.236,0,3.466698134,60,-1.88e-14,3.478840272,0.286480193,3.487769447,60,8.83e-16
926.241,0,3.466698134,60,-1.59e-05,3.478846533,0.286480193,3.487769447,60,7.47e-07
926.436,-0.000652966,3.466889929,60,-0.000652966,3.479088274,0.286480189,3.487769444,60,3.06e-05
926.636,-0.000652966,3.467273519,60,-0.000652966,3.479330748,0.286480181,3.487769438,60,3.04e-05
926.736,0,3.467465314,60,-1.77e-14,3.479452309,0.286480179,3.487769437,60,8.2e-16
926.741,0,3.467465314,60,-1.59e-05,3.479458012,0.286480179,3.487769436,60,7.37e-07
926.936,-0.000652966,3.467657109,60,-0.000652966,3.479678203,0.286480175,3.487769434,60,3.02e-05
927.136,0,3.4680407,60,-4.45e-15,3.479903019,0.286480171,3.487769431,60,2.05e-16
927.236,-0.000652966,3.468232495,60,-0.000652966,3.480007004,0.286480169,3.487769429,60,3e-05
927.239,0,3.468232495,60,-2.44e-14,3.480010084,0.286480169,3.487769429,60,3.09e-05
927.436,0,3.46842429,60,0,3.480218992,0.286480169,3.487769429,60,4.25e-07
927.636,-0.000652966,3.468807881,60,-0.000652966,3.480416332,0.286480164,3.487769425,60,2.97e-05
927.736,-0.000652966,3.468807881,60,-0.000652966,3.480514481,0.28648016,3.487769423,60,2.96e-05
927.741,-0.000652966,3.468807881,60,-0.00063706,3.480519388,0.28648016,3.487769422,60,2.89e-05
927.936,0,3.468999676,60,-4.89e-14,3.480709097,0.286480156,3.48776942,60,2.21e-15
928.136,-0.000652966,3.469383266,60,-0.000652966,3.480889604,0.286480152,3.487769417,60,2.94e-05
928.236,0,3.469383266,60,-1.11e-14,3.480982759,0.28648015,3.487769415,60,2.33e-15
928.241,0,3.469575061,60,0,3.480987116,0.28648015,3.487769415,60,0
928.436,0,3.469766857,60,0,3.481156257,0.28648015,3.487769415,60,0
928.636,0,3.470150447,60,-1.83e-14,3.481324271,0.28648015,3.487769415,60,1.99e-15
928.736,-0.000652966,3.470150447,60,-0.000652966,3.481401602,0.286480146,3.487769412,60,2.91e-05
928.738,0,3.470150447,60,0,3.481406826,0.286480146,3.487769412,60,0
928.936,0,3.470534037,60,0,3.481563509,0.286480146,3.487769412,60,0
929.136,0,3.470725833,60,0,3.481716823,0.286480146,3.487769412,60,0
929.236,0,3.470725833,60,0,3.481791392,0.286480146,3.487769412,60,0
929.241,0,3.470725833,60,0,3.481795095,0.286480146,3.487769412,60,1.91e-08
929.436,-0.000652966,3.470917628,60,-0.000606045,3.481932414,0.286480141,3.487769409,60,2.67e-05
929.636,0.000652966,3.471109423,60,0.000652966,3.482078685,0.286480143,3.487769419,60,-2.86e-05
929.736,-0.000652966,3.471301218,60,-0.000251141,3.482141248,0.286480142,3.487769421,60,1.1e-05
929.741,-0.000652966,3.471301218,60,-0.000276255,3.482144448,0.286480142,3.487769421,60,1.21e-05
929.936,0,3.471493013,60,-0.000165334,3.482273794,0.286480138,3.487769418,60,7.22e-06
930.136,-0.000652966,3.471684809,60,-0.000571345,3.482399155,0.286480134,3.487769415,60,2.49e-05
930.236,-0.000652966,3.471876604,60,-0.000573819,3.482461191,0.28648013,3.487769412,60,2.49e-05
930.238,-0.000652966,3.471876604,60,-0.000570653,3.482462438,0.28648013,3.487769412,60,2.48e-05
930.436,0,3.472068399,60,-5.79e-15,3.482585124,0.286480126,3.487769409,60,1.05e-06
930.636,0,3.472260194,60,0,3.482701186,0.286480126,3.487769409,60,0
930.736,0,3.472260194,60,0,3.482757835,0.286480126,3.487769409,60,0
930.741,0,3.472451989,60,0,3.482760616,0.286480126,3.487769409,60,0
930.936,0,3.472451989,60,-8.99e-15,3.482868059,0.286480126,3.487769409,60,6.23e-16
931.136,-0.000652966,3.472643785,60,-0.000652966,3.482970173,0.286480121,3.487769405,60,2.8e-05
931.236,0,3.47283558,60,-8.12e-15,3.483025446,0.286480119,3.487769404,60,7.79e-16
931.241,0,3.47283558,60,0,3.48302796,0.286480119,3.487769404,60,0
931.436,0,3.473027375,60,0,3.483125571,0.286480119,3.487769404,60,0
931.636,0,3.47321917,60,0,3.483222537,0.286480119,3.487769404,60,0
931.736,0,3.473410965,60,0,3.483269701,0.286480119,3.487769404,60,0
931.739,0,3.473410965,60,-3.73e-16,3.483271103,0.286480119,3.487769404,60,1.85e-10
931.936,-0.000652966,3.47360276,60,-0.000643321,3.483357443,0.286480114,3.4877694,60,2.74e-05
932.136,-0.000652966,3.47360276,60,-0.000633965,3.483445887,0.286480106,3.487769394,60,2.69e-05
932.236,0,3.473794556,60,0,3.483492416,0.286480104,3.487769393,60,0
932.241,0,3.473794556,60,0,3.48349451,0.286480104,3.487769393,60,0
932.436,0,3.473986351,60,-7.19e-15,3.483575787,0.286480104,3.487769393,60,4.09e-16
932.636,-0.000652966,3.474178146,60,-0.000652966,3.483652508,0.286480099,3.487769389,60,2.76e-05
932.736,-0.000652966,3.474178146,60,-0.000652966,3.483691744,0.286480095,3.487769386,60,2.76e-05
932.741,-0.000652966,3.474178146,60,-0.000652966,3.483693671,0.286480095,3.487769386,60,2.76e-05
932.936,-0.000652966,3.474369941,60,-0.000652966,3.483768091,0.286480087,3.487769381,60,2.75e-05
933.136,-0.000652966,3.474561736,60,-0.000652966,3.483841688,0.286480079,3.487769375,60,2.75e-05
933.236,0,3.474753532,60,-1.44e-15,3.483881115,0.286480077,3.487769373,60,9.34e-17
933.239,0,3.474753532,60,0,3.483882161,0.286480077,3.487769373,60,0
933.436,0,3.474945327,60,0,3.48395055,0.286480077,3.487769373,60,0
933.636,0,3.474945327,60,-1.28e-14,3.484017797,0.286480077,3.487769373,60,6.84e-16
933.736,-0.000652966,3.474945327,60,-0.000652966,3.484046563,0.286480073,3.48776937,60,2.73e-05
933.741,0,3.474945327,60,0,3.484051786,0.286480072,3.48776937,60,0
933.936,0,3.475137122,60,0,3.484113531,0.286480072,3.48776937,60,0
934.136,0,3.475328917,60,0,3.484174913,0.286480072,3.48776937,60,0
934.236,0,3.475328917,60,0,3.484204771,0.286480072,3.48776937,60,0
934.241,0,3.475520712,60,0,3.484206262,0.286480072,3.48776937,60,0
934.436,0,3.475520712,60,0,3.484262871,0.286480072,3.48776937,60,0
934.636,0,3.475712508,60,0,3.484318882,0.286480072,3.48776937,60,0
934.736,0,3.475712508,60,0,3.484346097,0.286480072,3.48776937,60,2.59e-07
934.739,0,3.475904303,60,0,3.484346913,0.286480072,3.48776937,60,2.67e-07
934.936,-0.000652966,3.475904303,60,-0.00063382,3.484395359,0.286480068,3.487769366,60,2.63e-05
935.136,0,3.476096098,60,-2.85e-05,3.48444978,0.286480063,3.487769363,60,1.18e-06
935.236,-0.000652966,3.476096098,60,-0.000633965,3.484471282,0.286480061,3.487769362,60,2.63e-05
935.241,-0.000652966,3.476096098,60,-0.000652966,3.48447241,0.286480061,3.487769362,60,2.71e-05
935.436,-0.000652966,3.476287893,60,-0.000643465,3.484519537,0.286480053,3.487769356,60,2.66e-05
935.636,0,3.476479688,60,-3.65e-16,3.484569711,0.286480049,3.487769353,60,5.95e-09
935.736,0,3.476479688,60,0,3.484592206,0.286480049,3.487769353,60,0
935.741,0,3.476479688,60,0,3.48459332,0.286480049,3.487769353,60,0
935.936,0,3.476671484,60,0,3.484636383,0.286480049,3.487769353,60,0
936.136,0,3.476671484,60,-1.46e-15,3.484678975,0.286480049,3.487769353,60,6.12e-17
936.236,-0.000652966,3.476671484,60,-0.000652966,3.484695858,0.286480045,3.48776935,60,2.69e-05
936.239,-0.000652966,3.476671484,60,-0.000652966,3.484696467,0.286480045,3.48776935,60,2.69e-05
936.436,-0.000652966,3.476863279,60,-0.000652966,3.484736098,0.286480037,3.487769344,60,2.69e-05
936.636,0,3.477055074,60,1.06e-15,3.484778545,0.286480033,3.487769342,60,-4.59e-17
936.736,0.000652966,3.477246869,60,0.000652966,3.484800951,0.286480037,3.487769354,60,-2.68e-05
936.741,0.000652966,3.477246869,60,0.000621155,3.484801706,0.286480037,3.487769354,60,-2.55e-05
936.936,-0.000652966,3.477246869,60,-0.000628684,3.484830515,0.286480035,3.487769357,60,2.58e-05
937.136,0,3.477438664,60,-2.39e-05,3.484869312,0.286480031,3.487769354,60,9.8e-07
937.236,-0.000652966,3.477438664,60,-0.00063705,3.484883177,0.286480029,3.487769353,60,2.61e-05
937.241,-0.000652966,3.477438664,60,-0.000652966,3.484883943,0.286480029,3.487769353,60,2.68e-05
937.436,-0.000652966,3.47763046,60,-0.000645008,3.484916662,0.286480021,3.487769347,60,2.64e-05
937.636,0,3.47763046,60,-3.67e-16,3.484952558,0.286480017,3.487769344,60,3.14e-07
937.736,0,3.477822255,60,0,3.48496823,0.286480017,3.487769344,60,0
937.739,0,3.477822255,60,0,3.484968695,0.286480017,3.487769344,60,0
937.936,0,3.477822255,60,-5.02e-15,3.484998928,0.286480017,3.487769344,60,1.32e-15
938.136,-0.000652966,3.47801405,60,-0.000652966,3.485024736,0.286480012,3.48776934,60,2.67e-05
938.236,-0.000652966,3.47801405,60,-0.000652966,3.485039095,0.286480008,3.487769337,60,2.67e-05
938.241,-0.000652966,3.47801405,60,-0.00063706,3.485039889,0.286480008,3.487769337,60,2.6e-05
938.436,0,3.478205845,60,-7.44e-16,3.485070691,0.286480004,3.487769334,60,1.4e-15
938.636,0,3.478205845,60,-1.19e-14,3.485097606,0.286480004,3.487769334,60,2.48e-15
938.736,-0.000652966,3.478205845,60,-0.000652966,3.485106994,0.28648,3.487769331,60,2.66e-05
938.741,-0.000652966,3.478205845,60,-0.000652966,3.485107637,0.28648,3.487769331,60,2.66e-05
938.936,-0.000652966,3.47839764,60,-0.000652966,3.485132514,0.286479992,3.487769326,60,2.66e-05
939.136,-0.000652966,3.47839764,60,-0.000652966,3.485157124,0.286479984,3.48776932,60,2.66e-05
939.236,-0.000652966,3.478589436,60,-0.000652966,3.485169097,0.28647998,3.487769317,60,2.66e-05
939.239,-0.000652966,3.478589436,60,-0.000643321,3.485169503,0.28647998,3.487769317,60,2.62e-05
939.436,0,3.478589436,60,-3.73e-16,3.485196051,0.286479976,3.487769314,60,1.4e-15
939.636,0,3.478781231,60,-1.1e-14,3.485218512,0.286479976,3.487769314,60,2.54e-15
939.736,-0.000652966,3.478781231,60,-0.000652966,3.485225743,0.286479972,3.487769311,60,2.66e-05
939.741,-0.000652966,3.478781231,60,-0.000652966,3.48522628,0.286479972,3.487769311,60,2.66e-05
939.936,-0.000652966,3.478781231,60,-0.000652966,3.485247028,0.286479964,3.487769305,60,2.66e-05
940.136,-0.000652966,3.478973026,60,-0.000652966,3.485267556,0.286479956,3.487769299,60,2.65e-05
940.236,0,3.478973026,60,0,3.485281172,0.286479954,3.487769298,60,0
940.241,0,3.478973026,60,0,3.485281661,0.286479954,3.487769298,60,0
940.436,0,3.479164821,60,-7.19e-15,3.485300616,0.286479954,3.487769298,60,3.92e-16
940.636,-0.000652966,3.479164821,60,-0.000652966,3.485315711,0.286479949,3.487769294,60,2.65e-05
940.736,-0.000652966,3.479356616,60,-0.000652966,3.485324835,0.286479945,3.487769291,60,2.65e-05
940.739,-0.000652966,3.479356616,60,-0.000643321,3.485325157,0.286479945,3.487769291,60,2.61e-05
940.936,0,3.479356616,60,-5.88e-15,3.485346247,0.286479941,3.487769288,60,4.18e-16
941.136,0,3.479548412,60,-1.24e-14,3.485363389,0.286479941,3.487769288,60,6.32e-16
941.236,-0.000652966,3.479548412,60,-0.000652966,3.485368045,0.286479937,3.487769285,60,2.65e-05
941.241,-0.000652966,3.479548412,60,-0.00063706,3.485368542,0.286479936,3.487769285,60,2.58e-05
941.436,0,3.479548412,60,-6e-15,3.485387923,0.286479933,3.487769282,60,4.41e-16
941.636,0,3.479740207,60,0,3.485403595,0.286479933,3.487769282,60,0
941.736,0,3.479740207,60,0,3.485411256,0.286479933,3.487769282,60,0
941.741,0,3.479740207,60,0,3.485411633,0.286479933,3.487769282,60,0
941.936,0,3.479740207,60,0,3.485426171,0.286479933,3.487769282,60,0
942.136,0,3.479932002,60,0,3.485440559,0.286479933,3.487769282,60,0
942.236,0,3.479932002,60,0,3.485447561,0.286479933,3.487769282,60,0
942.239,0,3.479932002,60,0,3.485447767,0.286479933,3.487769282,60,1.74e-08
942.436,-0.000652966,3.479932002,60,-0.00063382,3.485457578,0.286479928,3.487769279,60,2.56e-05
942.636,0,3.480123797,60,-2.85e-05,3.485474032,0.286479923,3.487769276,60,1.15e-06
942.736,-0.000652966,3.480123797,60,-0.000633965,3.485477069,0.286479921,3.487769274,60,2.56e-05
942.741,-0.000652966,3.480123797,60,-0.000646403,3.485477317,0.286479921,3.487769274,60,2.61e-05
942.936,0,3.480123797,60,-1.92e-05,3.485492888,0.286479917,3.487769271,60,7.78e-07
943.136,-0.000652966,3.480315592,60,-0.000624464,3.485501532,0.286479913,3.487769268,60,2.52e-05
943.236,0,3.480315592,60,-7.35e-16,3.485510637,0.286479911,3.487769267,60,1.32e-06
943.241,0,3.480315592,60,0,3.485511013,0.286479911,3.487769267,60,6.43e-07
943.436,-0.000652966,3.480315592,60,-0.000514085,3.485519325,0.286479908,3.487769264,60,2.08e-05
943.636,0,3.480507387,60,-3.67e-16,3.485533065,0.286479904,3.487769261,60,5.25e-07
943.736,0,3.480507387,60,-6.15e-13,3.485538448,0.286479904,3.487769261,60,6.09e-14
943.739,-0.000652966,3.480507387,60,-1.96e-05,3.485538495,0.286479903,3.487769261,60,7.91e-07
943.936,-0.000652966,3.480507387,60,-0.000652966,3.485545144,0.286479896,3.487769255,60,2.64e-05
944.136,-0.000652966,3.480699183,60,-0.000652966,3.48555513,0.286479887,3.487769249,60,2.64e-05
944.236,-0.000652966,3.480699183,60,-0.000652966,3.485559992,0.286479883,3.487769246,60,2.64e-05
944.241,-0.000652966,3.480699183,60,-0.000652966,3.48556023,0.286479883,3.487769246,60,2.64e-05
944.436,-0.000652966,3.480890978,60,-0.000652966,3.485569459,0.286479875,3.487769241,60,2.63e-05
944.636,-0.000652966,3.480890978,60,-0.000652966,3.485578595,0.286479867,3.487769235,60,2.63e-05
944.736,-0.000652966,3.480890978,60,-0.000652966,3.485583043,0.286479863,3.487769232,60,2.63e-05
944.741,-0.000652966,3.480890978,60,-0.00063706,3.48558335,0.286479863,3.487769232,60,2.57e-05
944.936,0,3.481082773,60,-1.05e-14,3.485595356,0.286479859,3.487769229,60,4.27e-16
945.136,-0.000652966,3.481082773,60,-0.000652966,3.485600154,0.286479855,3.487769226,60,2.63e-05
945.236,0,3.481082773,60,-1.8e-14,3.485607852,0.286479853,3.487769224,60,7.2e-16
945.239,0,3.481082773,60,0,3.485607972,0.286479853,3.487769224,60,0
945.436,0,3.481274568,60,0,3.485615832,0.286479853,3.487769224,60,0
945.636,0,3.481274568,60,0,3.48562357,0.286479853,3.487769224,60,0
945.736,0,3.481274568,60,0,3.485627338,0.286479853,3.487769224,60,0
945.741,0,3.481274568,60,0,3.485627524,0.286479853,3.487769224,60,0
945.936,0,3.481274568,60,0,3.485634679,0.286479853,3.487769224,60,0
946.136,0,3.481274568,60,0,3.485641765,0.286479853,3.487769224,60,0
946.236,0,3.481466363,60,0,3.485645217,0.286479853,3.487769224,60,0
946.241,0,3.481466363,60,0,3.485645381,0.286479853,3.487769224,60,4.72e-08
946.436,-0.000652966,3.481466363,60,-0.00063706,3.485648338,0.286479848,3.487769221,60,2.57e-05
946.636,-0.000652966,3.481466363,60,-0.00062195,3.48565483,0.28647984,3.487769215,60,2.5e-05
946.736,0,3.481466363,60,0,3.485661408,0.286479838,3.487769213,60,0
946.739,0,3.481466363,60,0,3.485661501,0.286479838,3.487769213,60,0
946.936,0,3.481658159,60,-7.19e-15,3.48566755,0.286479838,3.487769213,60,3.88e-16
947.136,-0.000652966,3.481658159,60,-0.000652966,3.485669822,0.286479833,3.48776921,60,2.63e-05
947.236,-0.000652966,3.481658159,60,-0.000652966,3.485672681,0.286479829,3.487769207,60,2.63e-05
947.241,-0.000652966,3.481658159,60,-0.00063706,3.48567291,0.286479829,3.487769207,60,2.56e-05
947.436,0,3.481849954,60,-5.94e-15,3.485681902,0.286479825,3.487769204,60,4.23e-16
947.636,0,3.481849954,60,-1.24e-14,3.485687348,0.286479825,3.487769204,60,6.27e-16
947.736,-0.000652966,3.481849954,60,-0.000652966,3.48568634,0.286479821,3.487769201,60,2.63e-05
947.741,-0.000652966,3.481849954,60,-0.000652966,3.485686469,0.286479821,3.487769201,60,2.63e-05
947.936,-0.000652966,3.481849954,60,-0.000652966,3.485691448,0.286479813,3.487769195,60,2.63e-05
948.136,-0.000652966,3.481849954,60,-0.000652966,3.485696382,0.286479805,3.487769189,60,2.63e-05
948.236,0,3.482041749,60,-2.12e-15,3.485702415,0.286479803,3.487769188,60,1.34e-16
948.239,0,3.482041749,60,0,3.485702487,0.286479803,3.487769188,60,0
948.436,0,3.482041749,60,-7.73e-15,3.48570717,0.286479803,3.487769188,60,4.33e-16
948.636,-0.000652966,3.482041749,60,-0.000652966,3.485708104,0.286479798,3.487769184,60,2.63e-05
948.736,-0.000652966,3.482041749,60,-0.000652966,3.48571031,0.286479794,3.487769181,60,2.63e-05
948.741,-0.000652966,3.482041749,60,-0.00063706,3.485710507,0.286479794,3.487769181,60,2.56e-05
948.936,0,3.482233544,60,-6.07e-15,3.48571826,0.28647979,3.487769178,60,4.69e-16
949.136,0,3.482233544,60,0,3.485722486,0.28647979,3.487769178,60,0
949.236,0,3.482233544,60,0,3.485724555,0.28647979,3.487769178,60,0
949.241,0,3.482233544,60,-3.76e-16,3.485724657,0.28647979,3.487769178,60,5.82e-10
949.436,-0.000652966,3.482425339,60,-0.000621553,3.485725085,0.286479785,3.487769175,60,2.5e-05
949.636,0,3.482425339,60,-3.67e-16,3.485732299,0.286479781,3.487769172,60,5.7e-07
949.736,0,3.482425339,60,0,3.485734265,0.286479781,3.487769172,60,0
949.739,0,3.482425339,60,0,3.485734321,0.286479781,3.487769172,60,0
949.936,0,3.482425339,60,0,3.485737978,0.286479781,3.487769172,60,0
950.136,0,3.482617135,60,0,3.485741568,0.286479781,3.487769172,60,0
950.236,0,3.482617135,60,0,3.485743319,0.286479781,3.487769172,60,0
950.241,0,3.482617135,60,-3.75e-16,3.4857434,0.286479781,3.487769172,60,4.64e-08
950.436,-0.000652966,3.482617135,60,-0.00063706,3.485743148,0.286479776,3.487769168,60,2.56e-05
950.636,-0.000652966,3.482617135,60,-0.00062195,3.485746451,0.286479768,3.487769162,60,2.5e-05
950.736,0,3.482617135,60,-3.1e-05,3.485751306,0.286479766,3.487769161,60,1.25e-06
950.741,0,3.482617135,60,-6.95e-14,3.485751557,0.286479766,3.487769161,60,2.79e-15
950.936,-0.000652966,3.48280893,60,-0.000606045,3.485751238,0.286479762,3.487769158,60,2.43e-05
951.136,0.000652966,3.48280893,60,0.000652966,3.485761261,0.286479764,3.487769169,60,-2.62e-05
951.236,0,3.48280893,60,-5.13e-13,3.48575917,0.286479766,3.487769175,60,2.06e-14
951.238,-0.000652966,3.48280893,60,-6.6e-06,3.485759162,0.286479766,3.487769175,60,2.65e-07
951.436,0,3.48280893,60,-5.15e-14,3.485762028,0.286479763,3.487769173,60,2.07e-15
951.636,-0.000652966,3.48280893,60,-0.000652966,3.485761189,0.286479759,3.48776917,60,2.62e-05
951.736,0,3.48280893,60,-6.86e-13,3.485766145,0.286479757,3.487769168,60,2.75e-14
951.741,-0.000652966,3.48280893,60,-1.67e-05,3.48576612,0.286479757,3.487769168,60,6.72e-07
951.936,0,3.483000725,60,-3.75e-16,3.485768803,0.286479755,3.487769167,60,2.12e-15
952.136,0,3.483000725,60,-1.77e-14,3.485771389,0.286479755,3.487769167,60,1.91e-15
952.236,-0.000652966,3.483000725,60,-0.000652966,3.485768997,0.286479751,3.487769164,60,2.62e-05
952.241,-0.000652966,3.483000725,60,-0.000621155,3.485769234,0.286479751,3.487769164,60,2.49e-05
952.436,0.000652966,3.483000725,60,0.000620726,3.485778526,0.286479753,3.487769174,60,-2.49e-05
952.636,-0.000652966,3.483000725,60,-0.000652966,3.485773864,0.286479751,3.487769177,60,2.62e-05
952.736,0,3.483000725,60,-1.07e-14,3.485778619,0.286479749,3.487769176,60,2.91e-15
952.739,0,3.483000725,60,-3.71e-16,3.4857786,0.286479749,3.487769175,60,3.81e-07
952.936,-0.000652966,3.48319252,60,-0.000572224,3.485777702,0.286479745,3.487769173,60,2.3e-05
953.136,-0.000652966,3.48319252,60,-0.000652966,3.485779391,0.286479737,3.487769167,60,2.62e-05
953.236,-0.000652966,3.48319252,60,-0.000581106,3.485780832,0.286479733,3.487769164,60,2.33e-05
953.241,-0.000652966,3.48319252,60,-0.000574912,3.485780918,0.286479733,3.487769164,60,2.31e-05
953.436,0,3.48319252,60,-0.000161102,3.485785227,0.286479729,3.487769161,60,6.47e-06
953.636,-0.000652966,3.483384315,60,-0.000573435,3.485784963,0.286479724,3.487769158,60,2.3e-05
953.736,-0.000652966,3.483384315,60,-0.000581106,3.485785889,0.286479721,3.487769155,60,2.33e-05
953.741,-0.000652966,3.483384315,60,-0.000574912,3.485785971,0.286479721,3.487769155,60,2.31e-05
953.936,0,3.483384315,60,-0.000161102,3.485790131,0.286479716,3.487769152,60,6.46e-06
954.136,-0.000652966,3.483384315,60,-0.000573435,3.485789719,0.286479712,3.487769149,60,2.3e-05
954.236,-0.000652966,3.483384315,60,-0.000577991,3.48579059,0.286479709,3.487769146,60,2.32e-05
954.239,-0.000652966,3.483384315,60,-0.000574113,3.485790638,0.286479708,3.487769146,60,2.3e-05
954.436,0,3.483384315,60,-3.72e-16,3.485795315,0.286479704,3.487769143,60,1.84e-06
954.636,0,3.483384315,60,-1.28e-14,3.485797339,0.286479704,3.487769143,60,2.38e-15
954.736,-0.000652966,3.483576111,60,-0.000652966,3.485794552,0.2864797,3.48776914,60,2.62e-05
954.741,-0.00326483,3.483767906,60,-0.000719937,3.48579422,0.2864797,3.48776914,60,2.89e-05
954.936,-0.000652966,3.483576111,60,-0.000652966,3.485796075,0.286479684,3.487769128,60,2.62e-05
955.136,-0.000652966,3.483576111,60,-0.000652966,3.485797645,0.286479676,3.487769123,60,2.62e-05
955.236,-0.000652966,3.483576111,60,-0.000652966,3.485798414,0.286479672,3.48776912,60,2.62e-05
955.241,-0.000652966,3.483576111,60,-0.00063706,3.48579854,0.286479672,3.487769119,60,2.56e-05
955.436,0,3.483576111,60,-3.75e-16,3.485803567,0.286479668,3.487769117,60,3.69e-17
955.636,0,3.483767906,60,-3.42e-15,3.485805109,0.286479668,3.487769117,60,1.37e-16
955.736,-0.000652966,3.483767906,60,-0.000652966,3.485802211,0.286479664,3.487769114,60,2.62e-05
955.739,-0.000652966,3.483767906,60,-0.000652966,3.485802232,0.286479664,3.487769114,60,2.62e-05
955.936,-0.000652966,3.483767906,60,-0.000652966,3.485803607,0.286479656,3.487769108,60,2.62e-05
956.136,0.000652966,3.483767906,60,0.000652966,3.485812291,0.286479658,3.487769119,60,-2.62e-05
956.236,0,3.483767906,60,1.09e-14,3.48580942,0.28647966,3.487769125,60,-2.84e-15
956.241,0,3.483767906,60,0,3.485809454,0.28647966,3.487769125,60,0
956.436,0,3.483959701,60,-8.69e-15,3.4858108,0.28647966,3.487769125,60,9.97e-16
956.636,-0.000652966,3.483959701,60,-0.000652966,3.485808481,0.286479655,3.487769121,60,2.62e-05
956.736,-0.000652966,3.483959701,60,-0.000652966,3.485809097,0.286479651,3.487769118,60,2.62e-05
956.741,-0.000652966,3.483959701,60,-0.000652966,3.485809127,0.28647965,3.487769118,60,2.62e-05
956.936,-0.000652966,3.483959701,60,-0.000652966,3.485810304,0.286479643,3.487769112,60,2.62e-05
957.136,0,3.483959701,60,-6.9e-14,3.48581513,0.286479639,3.487769109,60,2.77e-15
957.236,-0.000652966,3.483959701,60,-0.000652966,3.485812121,0.286479636,3.487769108,60,2.62e-05
957.239,-0.000652966,3.483959701,60,-0.000652966,3.485812138,0.286479636,3.487769108,60,2.62e-05
957.436,-0.000652966,3.483959701,60,-0.000652966,3.485813249,0.286479628,3.487769102,60,2.62e-05
957.636,0,3.484151496,60,-7.19e-16,3.485817998,0.286479624,3.487769099,60,9.35e-16
957.736,0,3.484151496,60,0,3.485818576,0.286479624,3.487769099,60,0
957.741,0,3.484151496,60,0,3.485818605,0.286479624,3.487769099,60,0
957.936,0,3.484151496,60,-8.15e-15,3.485819719,0.286479624,3.487769099,60,1.04e-15
958.136,-0.000652966,3.484151496,60,-0.000652966,3.485817168,0.286479619,3.487769095,60,2.62e-05
958.236,-0.000652966,3.484151496,60,-0.000652966,3.48581767,0.286479615,3.487769092,60,2.62e-05
958.241,-0.000652966,3.484151496,60,-0.00063706,3.485817783,0.286479615,3.487769092,60,2.55e-05
958.436,0,3.484151496,60,0,3.485822306,0.286479611,3.487769089,60,0
958.636,0,3.484151496,60,-4.04e-15,3.485823352,0.286479611,3.487769089,60,1.62e-16
958.736,-0.000652966,3.484343291,60,-0.000652966,3.485820214,0.286479607,3.487769086,60,2.62e-05
958.739,-0.000652966,3.484343291,60,-0.000643321,3.485820281,0.286479607,3.487769086,60,2.58e-05
958.936,0,3.484343291,60,-4.86e-14,3.485824788,0.286479603,3.487769084,60,1.95e-15
959.136,-0.000652966,3.484343291,60,-0.000652966,3.485822127,0.286479599,3.487769081,60,2.62e-05
959.236,-0.000652966,3.484343291,60,-0.000652966,3.485822569,0.286479595,3.487769078,60,2.62e-05
959.241,-0.000652966,3.484343291,60,-0.000652966,3.485822591,0.286479595,3.487769077,60,2.62e-05
959.436,-0.000652966,3.484343291,60,-0.000652966,3.485823437,0.286479587,3.487769072,60,2.62e-05
959.636,-0.000652966,3.484343291,60,-0.000652966,3.485824286,0.286479579,3.487769066,60,2.62e-05
959.736,0,3.484343291,60,-1.09e-14,3.485828332,0.286479577,3.487769064,60,1.82e-15
959.741,0,3.484343291,60,-3.75e-16,3.485828267,0.286479577,3.487769064,60,6.28e-07
959.936,-0.000652966,3.484343291,60,-0.000514085,3.485826358,0.286479573,3.487769062,60,2.06e-05
960.136,0,3.484343291,60,0,3.485830044,0.286479569,3.487769059,60,0
960.236,0,3.484343291,60,0,3.485830479,0.286479569,3.487769059,60,1.11e-17
960.239,0,3.484343291,60,0,3.48583049,0.286479569,3.487769059,60,1.54e-08
960.436,-0.000652966,3.484343291,60,-0.00063382,3.485827783,0.286479564,3.487769055,60,2.54e-05
960.636,0,3.484343291,60,-7.27e-16,3.485832033,0.28647956,3.487769052,60,3.56e-07
960.736,0,3.484535087,60,0,3.485832495,0.28647956,3.487769052,60,0
960.741,0,3.484535087,60,0,3.485832516,0.28647956,3.487769052,60,0
960.936,0,3.484535087,60,0,3.485833312,0.28647956,3.487769052,60,1.53e-15
961.136,-0.000652966,3.484535087,60,-0.000652966,3.485830449,0.286479555,3.487769048,60,2.62e-05
961.236,-0.000652966,3.484535087,60,-0.000652966,3.485830799,0.286479551,3.487769046,60,2.62e-05
961.241,-0.000652966,3.484535087,60,-0.000652966,3.485830816,0.286479551,3.487769045,60,2.62e-05
961.436,-0.000652966,3.484535087,60,-0.000652966,3.485831488,0.286479543,3.48776904,60,2.62e-05
961.636,0,3.484726882,60,-1.09e-13,3.485835815,0.286479539,3.487769037,60,4.37e-15
961.736,-0.000652966,3.484535087,60,-0.000652966,3.485832564,0.286479537,3.487769035,60,2.62e-05
961.739,-0.000652966,3.484535087,60,-0.000652966,3.485832574,0.286479537,3.487769035,60,2.62e-05
961.936,-0.000652966,3.484726882,60,-0.000652966,3.485833219,0.286479529,3.487769029,60,2.62e-05
962.136,-0.000652966,3.484726882,60,-0.000652966,3.485833863,0.286479521,3.487769024,60,2.62e-05
962.236,0,3.484726882,60,-7.33e-16,3.485837808,0.286479519,3.487769022,60,3.56e-15
962.241,0,3.484726882,60,-7.43e-16,3.485837823,0.286479519,3.487769022,60,1.55e-08
962.436,-0.000652966,3.484726882,60,-0.000514085,3.48583564,0.286479515,3.487769019,60,2.06e-05
962.636,0,3.484726882,60,-3.65e-16,3.485839137,0.286479511,3.487769016,60,8.25e-09
962.736,0,3.484726882,60,0,3.485839483,0.286479511,3.487769016,60,0
962.741,0,3.484726882,60,0,3.4858395,0.286479511,3.487769016,60,0
962.936,0,3.484918677,60,0,3.485840166,0.286479511,3.487769016,60,0
963.136,0,3.484726882,60,0,3.485840836,0.286479511,3.487769016,60,0
963.236,0,3.484918677,60,0,3.485841166,0.286479511,3.487769016,60,0
963.239,0,3.484918677,60,0,3.485841176,0.286479511,3.487769016,60,0
963.436,0,3.484918677,60,-3.05e-15,3.485841818,0.286479511,3.487769016,60,1.34e-16
963.636,-0.000652966,3.484918677,60,-0.000652966,3.485838796,0.286479506,3.487769013,60,2.62e-05
963.736,-0.000652966,3.484918677,60,-0.000652966,3.485839068,0.286479502,3.48776901,60,2.62e-05
963.741,-0.000652966,3.484918677,60,-0.00063706,3.48583917,0.286479502,3.48776901,60,2.55e-05
963.936,0,3.484918677,60,-8.03e-17,3.485843257,0.286479498,3.487769007,60,7.14e-18
964.136,0.000652966,3.484918677,60,0.000652966,3.485847546,0.286479503,3.487769022,60,-2.62e-05
964.236,0,3.484918677,60,8.53e-15,3.485844271,0.286479505,3.487769028,60,-3.42e-16
964.241,0,3.484918677,60,-3.76e-16,3.485844284,0.286479505,3.487769028,60,7.87e-09
964.436,-0.000652966,3.484918677,60,-0.000582647,3.485841609,0.286479501,3.487769025,60,2.33e-05
964.636,-0.000652966,3.485110472,60,-0.000515843,3.485842488,0.286479494,3.48776902,60,2.07e-05
964.736,0,3.484918677,60,-7.31e-16,3.4858456,0.286479491,3.487769018,60,3.56e-08
964.739,0,3.485110472,60,0,3.485845614,0.286479491,3.487769018,60,0
964.936,0,3.485110472,60,0,3.485846185,0.286479491,3.487769018,60,0
965.136,0,3.485110472,60,1.24e-14,3.485846757,0.286479491,3.487769018,60,-6.25e-16
965.236,0.000652966,3.485110472,60,0.000652966,3.485850698,0.286479495,3.48776903,60,-2.62e-05
965.241,0.000652966,3.485110472,60,0.00063706,3.485850626,0.286479495,3.487769031,60,-2.55e-05
965.436,0,3.485110472,60,6e-15,3.485847704,0.286479499,3.487769042,60,-4.36e-16
965.636,0,3.485110472,60,-1.28e-14,3.48584825,0.286479499,3.487769042,60,6.54e-16
965.736,-0.000652966,3.485110472,60,-0.000652966,3.48584487,0.286479495,3.48776904,60,2.62e-05
965.741,-0.000652966,3.485110472,60,-0.00063706,3.48584497,0.286479495,3.487769039,60,2.55e-05
965.936,0,3.485110472,60,-6.04e-15,3.485848969,0.286479491,3.487769037,60,4.52e-16
966.136,0,3.485110472,60,-1.33e-14,3.4858495,0.286479491,3.487769037,60,6.84e-16
966.236,-0.000652966,3.485110472,60,-0.000652966,3.485846112,0.286479487,3.487769034,60,2.62e-05
966.238,-0.000652966,3.485110472,60,-0.000646502,3.485846152,0.286479487,3.487769034,60,2.59e-05
966.436,0,3.485110472,60,-2.24e-14,3.485850196,0.286479483,3.487769031,60,8.97e-16
966.636,-0.000652966,3.485302267,60,-0.000652966,3.485847062,0.286479479,3.487769028,60,2.62e-05
966.736,-0.000652966,3.485302267,60,-0.000652966,3.485847275,0.286479475,3.487769025,60,2.62e-05
966.741,-0.000652966,3.485302267,60,-0.000652966,3.485847285,0.286479475,3.487769025,60,2.62e-05
966.936,-0.000652966,3.485302267,60,-0.000652966,3.485847696,0.286479467,3.487769019,60,2.62e-05
967.136,0,3.485302267,60,-5.65e-15,3.485851764,0.286479463,3.487769016,60,3.71e-16
967.236,0,3.485302267,60,8.38e-14,3.485852014,0.286479463,3.487769016,60,-3.57e-15
967.241,0.000652966,3.485302267,60,1.67e-05,3.485852121,0.286479463,3.487769016,60,-6.71e-07
967.436,0,3.485302267,60,8.36e-15,3.485852553,0.286479466,3.487769025,60,-3.35e-16
967.636,0,3.485302267,60,0,3.485853043,0.286479466,3.487769025,60,0
967.736,0,3.485302267,60,0,3.485853286,0.286479466,3.487769025,60,0
967.738,0,3.485302267,60,0,3.48585329,0.286479466,3.487769025,60,7.72e-09
967.936,-0.000652966,3.485302267,60,-0.000646502,3.485850143,0.286479461,3.487769022,60,2.59e-05
968.136,-0.000652966,3.485494063,60,-0.000640168,3.485850569,0.286479453,3.487769016,60,2.56e-05
968.236,0,3.485302267,60,-1.44e-15,3.485854218,0.286479451,3.487769014,60,7.41e-07
968.241,0,3.485302267,60,0,3.485854243,0.286479451,3.487769014,60,6.37e-07
968.436,-0.000652966,3.485494063,60,-0.000514085,3.485851913,0.286479447,3.487769012,60,2.06e-05
968.636,0,3.485494063,60,0,3.485855179,0.286479443,3.487769009,60,0
968.736,0,3.485494063,60,0,3.485855413,0.286479443,3.487769009,60,1.81e-17
968.741,0,3.485494063,60,0,3.485855419,0.286479443,3.487769009,60,4.2e-08
968.936,-0.000652966,3.485494063,60,-0.00063706,3.485852304,0.286479438,3.487769005,60,2.55e-05
969.136,-0.000652966,3.485494063,60,-0.000652966,3.48585259,0.28647943,3.487768999,60,2.62e-05
969.236,-0.000652966,3.485494063,60,-0.000646668,3.48585281,0.286479426,3.487768996,60,2.59e-05
969.239,-0.000652966,3.485494063,60,-0.00064647,3.485852817,0.286479426,3.487768996,60,2.59e-05
969.436,0,3.485494063,60,0,3.485856795,0.286479422,3.487768993,60,0
969.636,0,3.485494063,60,-4.04e-15,3.485857249,0.286479422,3.487768993,60,1.62e-16
969.736,-0.000652966,3.485494063,60,-0.000652966,3.485853825,0.286479418,3.48776899,60,2.62e-05
969.741,-0.000652966,3.485494063,60,-0.000652966,3.485853834,0.286479418,3.48776899,60,2.62e-05
969.936,-0.000652966,3.485685858,60,-0.000652966,3.485854186,0.28647941,3.487768985,60,2.62e-05
970.136,0,3.485685858,60,-1.71e-15,3.485858197,0.286479406,3.487768982,60,8.75e-16
970.236,0,3.485685858,60,-1.79e-08,3.48585842,0.286479406,3.487768982,60,1.18e-09
